"","domainID","siteID","collectDate","sampleID","chlorophyllMicrogramsPerLiter"
"6985","D03","BARC",2017-11-09,"BARC.20171109.PHYTOPLANKTON.3",1.46
"7012","D03","BARC",2017-11-09,"BARC.20171109.PHYTOPLANKTON.2",1.84
"7024","D03","BARC",2017-11-09,"BARC.20171109.PHYTOPLANKTON.1",0.83
"7052","D03","BARC",2018-02-21,"BARC.20180221.PHYTOPLANKTON.2.REP2.CHL/PHEO.2",1.33
"7056","D03","BARC",2018-02-21,"BARC.20180221.PHYTOPLANKTON.2.CHL/PHEO.1",1.18
"7059","D03","BARC",2018-02-21,"BARC.20180221.PHYTOPLANKTON.1.CHL/PHEO.1",1.33
"7088","D03","BARC",2018-02-21,"BARC.20180221.PHYTOPLANKTON.3.CHL/PHEO.1",1.09
"7115","D03","BARC",2018-07-16,"BARC.20180716.PHYTOPLANKTON.3.CHL/PHEO.1",2.16
"7157","D03","BARC",2018-07-16,"BARC.20180716.PHYTOPLANKTON.1.CHL/PHEO.1",3.4
"7170","D03","BARC",2018-07-16,"BARC.20180716.PHYTOPLANKTON.2.CHL/PHEO.1",1.81
"7172","D03","BARC",2018-07-16,"BARC.20180716.PHYTOPLANKTON.3.REP2.CHL/PHEO.2",3.22
"7189","D03","BARC",2018-11-12,"BARC.20181112.PHYTOPLANKTON.1.CHL/PHEO.1",2.5
"7233","D03","BARC",2018-11-12,"BARC.20181112.PHYTOPLANKTON.3.REP2.CHL/PHEO.2",2.48
"7252","D03","BARC",2018-11-12,"BARC.20181112.PHYTOPLANKTON.3.CHL/PHEO.1",1.71
"7253","D03","BARC",2018-11-12,"BARC.20181112.PHYTOPLANKTON.2.CHL/PHEO.1",2.29
"7284","D03","BARC",2019-02-20,"BARC.20190220.PHYTOPLANKTON.3.REP2.CHL/PHEO.2",1.19
"7293","D03","BARC",2019-02-20,"BARC.20190220.PHYTOPLANKTON.2.CHL/PHEO.1",1.26
"7302","D03","BARC",2019-02-20,"BARC.20190220.PHYTOPLANKTON.3.CHL/PHEO.1",1.19
"7306","D03","BARC",2019-02-20,"BARC.20190220.PHYTOPLANKTON.1.CHL/PHEO.1",1.23
"7349","D03","BARC",2019-07-16,"BARC.20190716.PHYTOPLANKTON.2.CHL/PHEO.1",1.38
"7366","D03","BARC",2019-07-16,"BARC.20190716.PHYTOPLANKTON.3.CHL/PHEO.1",1.73
"7376","D03","BARC",2019-07-16,"BARC.20190716.PHYTOPLANKTON.3.REP2.CHL/PHEO.2",1.29
"7417","D03","BARC",2019-07-16,"BARC.20190716.PHYTOPLANKTON.1.CHL/PHEO.1",1.39
"7441","D03","BARC",2019-11-12,"BARC.20191112.PHYTOPLANKTON.3.CHL/PHEO.1",10.07
"7455","D03","BARC",2019-11-12,"BARC.20191112.PHYTOPLANKTON.1.CHL/PHEO.1",1.58
"7479","D03","BARC",2019-11-12,"BARC.20191112.PHYTOPLANKTON.2.CHL/PHEO.1",1.74
"7485","D03","BARC",2019-11-12,"BARC.20191112.PHYTOPLANKTON.1.REP2.CHL/PHEO.2",1.81
"7564","D03","BARC",2020-07-14,"BARC.20200714.PHYTOPLANKTON.1.REP2.CHL/PHEO.2",1.72
"7589","D03","BARC",2020-07-14,"BARC.20200714.PHYTOPLANKTON.2.CHL/PHEO.1",1.68
"7638","D03","BARC",2020-07-14,"BARC.20200714.PHYTOPLANKTON.1.CHL/PHEO.1",1.15
"7646","D03","BARC",2020-07-14,"BARC.20200714.PHYTOPLANKTON.3.CHL/PHEO.1",2.15
"7681","D03","BARC",2020-11-02,"BARC.20201102.PHYTOPLANKTON.2.REP2.CHL/PHEO.2",2.68
"7709","D03","BARC",2020-11-02,"BARC.20201102.PHYTOPLANKTON.3.CHL/PHEO.1",2.37
"7714","D03","BARC",2020-11-02,"BARC.20201102.PHYTOPLANKTON.1.CHL/PHEO.1",2.34
"7736","D03","BARC",2020-11-02,"BARC.20201102.PHYTOPLANKTON.2.CHL/PHEO.1",1.86
"7787","D03","BARC",2021-02-24,"BARC.20210224.PHYTOPLANKTON.3.CHL/PHEO.1",0.41
"7805","D03","BARC",2021-02-24,"BARC.20210224.PHYTOPLANKTON.1.REP2.CHL/PHEO.2",1.21
"7823","D03","BARC",2021-02-24,"BARC.20210224.PHYTOPLANKTON.2.CHL/PHEO.1",0.32
"7837","D03","BARC",2021-02-24,"BARC.20210224.PHYTOPLANKTON.1.CHL/PHEO.1",1.14
"7875","D03","BARC",2021-07-15,"BARC.20210715.PHYTOPLANKTON.2.REP2.CHL/PHEO.2",0.81
"7883","D03","BARC",2021-07-15,"BARC.20210715.PHYTOPLANKTON.2.CHL/PHEO.1",0.87
"7884","D03","BARC",2021-07-15,"BARC.20210715.PHYTOPLANKTON.1.CHL/PHEO.1",0.92
"7934","D03","BARC",2021-07-15,"BARC.20210715.PHYTOPLANKTON.3.CHL/PHEO.1",1.24
"7949","D03","BARC",2021-11-09,"BARC.20211109.PHYTOPLANKTON.1.CHL/PHEO.1",2.26
"7962","D03","BARC",2021-11-09,"BARC.20211109.PHYTOPLANKTON.3.CHL/PHEO.1",3.54
"8003","D03","BARC",2021-11-09,"BARC.20211109.PHYTOPLANKTON.2.CHL/PHEO.1",2.45
"8103","D03","BARC",2022-07-11,"BARC.20220711.PHYTOPLANKTON.3.CHL/PHEO.1",1.41
"8121","D03","BARC",2022-07-11,"BARC.20220711.PHYTOPLANKTON.1.CHL/PHEO.1",0.89
"8146","D03","BARC",2022-07-11,"BARC.20220711.PHYTOPLANKTON.2.CHL/PHEO.1",0.96
"8209","D03","BARC",2022-11-01,"BARC.20221101.PHYTOPLANKTON.3.CHL/PHEO.1",1.81
"8239","D03","BARC",2022-11-01,"BARC.20221101.PHYTOPLANKTON.2.CHL/PHEO.1",1.54
"8267","D03","BARC",2022-11-01,"BARC.20221101.PHYTOPLANKTON.1.CHL/PHEO.1",1.41
"8271","D03","BARC",2023-02-15,"BARC.20230215.PHYTOPLANKTON.3.CHL/PHEO.1",0.9
"8286","D03","BARC",2023-02-15,"BARC.20230215.PHYTOPLANKTON.1.CHL/PHEO.1",1.51
"8348","D03","BARC",2023-02-15,"BARC.20230215.PHYTOPLANKTON.2.CHL/PHEO.1",0.89
"8370","D03","BARC",2023-07-12,"BARC.20230712.PHYTOPLANKTON.1.CHL/PHEO.1",10.79
"8383","D03","BARC",2023-07-12,"BARC.20230712.PHYTOPLANKTON.3.CHL/PHEO.1",5.57
"8411","D03","BARC",2023-07-12,"BARC.20230712.PHYTOPLANKTON.2.CHL/PHEO.1",9.66
"8527","D03","FLNT",2017-10-18,"FLNT.20171018.PHYTOPLANKTON.3",3.21
"8540","D03","FLNT",2017-10-18,"FLNT.20171018.PHYTOPLANKTON.2",2.91
"8541","D03","FLNT",2017-10-18,"FLNT.20171018.PHYTOPLANKTON.1",2.76
"8596","D03","FLNT",2018-07-24,"FLNT.20180724.PHYTOPLANKTON.2.CHL/PHEO.1",2.19
"8618","D03","FLNT",2018-07-24,"FLNT.20180724.PHYTOPLANKTON.2.REP2.CHL/PHEO.2",4.18
"8622","D03","FLNT",2018-07-24,"FLNT.20180724.PHYTOPLANKTON.3.CHL/PHEO.1",2.03
"8633","D03","FLNT",2018-07-24,"FLNT.20180724.PHYTOPLANKTON.1.CHL/PHEO.1",3.11
"8656","D03","FLNT",2018-10-25,"FLNT.20181025.PHYTOPLANKTON.2.REP2.CHL/PHEO.2",4.1
"8683","D03","FLNT",2018-10-25,"FLNT.20181025.PHYTOPLANKTON.1.CHL/PHEO.1",3.11
"8686","D03","FLNT",2018-10-25,"FLNT.20181025.PHYTOPLANKTON.2.CHL/PHEO.1",2.23
"8692","D03","FLNT",2018-10-25,"FLNT.20181025.PHYTOPLANKTON.3.CHL/PHEO.1",4.27
"8722","D03","FLNT",2019-03-13,"FLNT.20190313.PHYTOPLANKTON.2.CHL/PHEO.1",1.03
"8738","D03","FLNT",2019-03-13,"FLNT.20190313.PHYTOPLANKTON.3.CHL/PHEO.1",1.07
"8746","D03","FLNT",2019-03-13,"FLNT.20190313.PHYTOPLANKTON.3.REP2.CHL/PHEO.2",1.03
"8760","D03","FLNT",2019-03-13,"FLNT.20190313.PHYTOPLANKTON.1.CHL/PHEO.1",1.01
"8803","D03","FLNT",2019-07-23,"FLNT.20190723.PHYTOPLANKTON.3.CHL/PHEO.1",2.89
"8810","D03","FLNT",2019-07-23,"FLNT.20190723.PHYTOPLANKTON.1.REP2.CHL/PHEO.2",2.62
"8814","D03","FLNT",2019-07-23,"FLNT.20190723.PHYTOPLANKTON.1.CHL/PHEO.1",2.58
"8824","D03","FLNT",2019-07-23,"FLNT.20190723.PHYTOPLANKTON.2.CHL/PHEO.1",2.79
"8853","D03","FLNT",2019-10-15,"FLNT.20191015.PHYTOPLANKTON.1.CHL/PHEO.1",1.53
"8868","D03","FLNT",2019-10-15,"FLNT.20191015.PHYTOPLANKTON.3.CHL/PHEO.1",1.73
"8882","D03","FLNT",2019-10-15,"FLNT.20191015.PHYTOPLANKTON.3.REP2.CHL/PHEO.2",1.6
"8911","D03","FLNT",2019-10-15,"FLNT.20191015.PHYTOPLANKTON.2.CHL/PHEO.1",1.67
"8924","D03","FLNT",2020-06-08,"FLNT.20200608.PHYTOPLANKTON.1.CHL/PHEO.1",0.62
"8946","D03","FLNT",2020-06-08,"FLNT.20200608.PHYTOPLANKTON.2.CHL/PHEO.1",0.24
"8959","D03","FLNT",2020-06-08,"FLNT.20200608.PHYTOPLANKTON.3.CHL/PHEO.1",0.28
"8966","D03","FLNT",2020-06-08,"FLNT.20200608.PHYTOPLANKTON.1.REP2.CHL/PHEO.2",1.53
"9001","D03","FLNT",2020-09-15,"FLNT.20200915.PHYTOPLANKTON.3.CHL/PHEO.1",1.95
"9017","D03","FLNT",2020-09-15,"FLNT.20200915.PHYTOPLANKTON.3.REP2.CHL/PHEO.2",2.03
"9037","D03","FLNT",2020-09-15,"FLNT.20200915.PHYTOPLANKTON.2.CHL/PHEO.1",1.97
"9088","D03","FLNT",2020-09-15,"FLNT.20200915.PHYTOPLANKTON.1.CHL/PHEO.1",2.03
"9093","D03","FLNT",2020-10-13,"FLNT.20201013.PHYTOPLANKTON.2.CHL/PHEO.1",0.45
"9117","D03","FLNT",2020-10-13,"FLNT.20201013.PHYTOPLANKTON.3.REP2.CHL/PHEO.2",0.42
"9135","D03","FLNT",2020-10-13,"FLNT.20201013.PHYTOPLANKTON.1.CHL/PHEO.1",0.5
"9149","D03","FLNT",2020-10-13,"FLNT.20201013.PHYTOPLANKTON.3.CHL/PHEO.1",0.43
"9181","D03","FLNT",2021-03-03,"FLNT.20210303.PHYTOPLANKTON.3.CHL/PHEO.1",0.55
"9189","D03","FLNT",2021-03-03,"FLNT.20210303.PHYTOPLANKTON.2.CHL/PHEO.1",0.54
"9227","D03","FLNT",2021-03-03,"FLNT.20210303.PHYTOPLANKTON.1.CHL/PHEO.1",0.35
"9260","D03","FLNT",2021-03-03,"FLNT.20210303.PHYTOPLANKTON.3.REP2.CHL/PHEO.2",0.54
"9303","D03","FLNT",2021-06-23,"FLNT.20210623.PHYTOPLANKTON.3.CHL/PHEO.1",1.6
"9324","D03","FLNT",2021-06-23,"FLNT.20210623.PHYTOPLANKTON.1.REP2.CHL/PHEO.2",1.19
"9326","D03","FLNT",2021-06-23,"FLNT.20210623.PHYTOPLANKTON.2.CHL/PHEO.1",1.73
"9332","D03","FLNT",2021-06-23,"FLNT.20210623.PHYTOPLANKTON.1.CHL/PHEO.1",1.14
"9466","D03","FLNT",2022-07-19,"FLNT.20220719.PHYTOPLANKTON.3.CHL/PHEO.1",3.08
"9484","D03","FLNT",2022-07-19,"FLNT.20220719.PHYTOPLANKTON.1.CHL/PHEO.1",3.71
"9488","D03","FLNT",2022-07-19,"FLNT.20220719.PHYTOPLANKTON.2.CHL/PHEO.1",4.15
"9538","D03","FLNT",2022-10-11,"FLNT.20221011.PHYTOPLANKTON.1.CHL/PHEO.1",1.72
"9550","D03","FLNT",2022-10-11,"FLNT.20221011.PHYTOPLANKTON.2.CHL/PHEO.1",2.24
"9617","D03","FLNT",2022-10-11,"FLNT.20221011.PHYTOPLANKTON.3.CHL/PHEO.1",3.01
"9667","D03","FLNT",2023-03-14,"FLNT.20230314.PHYTOPLANKTON.3.CHL/PHEO.1",1.35
"9677","D03","FLNT",2023-03-14,"FLNT.20230314.PHYTOPLANKTON.1.CHL/PHEO.1",1.11
"9678","D03","FLNT",2023-03-14,"FLNT.20230314.PHYTOPLANKTON.2.CHL/PHEO.1",1.1
"10578","D03","SUGG",2017-11-13,"SUGG.20171113.PHYTOPLANKTON.3",0.24
"10593","D03","SUGG",2017-11-13,"SUGG.20171113.PHYTOPLANKTON.2",0.03
"10598","D03","SUGG",2017-11-13,"SUGG.20171113.PHYTOPLANKTON.1",-0.14
"10660","D03","SUGG",2018-02-19,"SUGG.20180219.PHYTOPLANKTON.1.REP2.CHL/PHEO.2",0.68
"10666","D03","SUGG",2018-02-19,"SUGG.20180219.PHYTOPLANKTON.2.CHL/PHEO.1",0.67
"10679","D03","SUGG",2018-02-19,"SUGG.20180219.PHYTOPLANKTON.1.CHL/PHEO.1",0.39
"10695","D03","SUGG",2018-02-19,"SUGG.20180219.PHYTOPLANKTON.3.CHL/PHEO.1",0.84
"10730","D03","SUGG",2018-07-11,"SUGG.20180711.PHYTOPLANKTON.2.CHL/PHEO.1",3.56
"10742","D03","SUGG",2018-07-11,"SUGG.20180711.PHYTOPLANKTON.3.REP2.CHL/PHEO.2",1.76
"10760","D03","SUGG",2018-07-11,"SUGG.20180711.PHYTOPLANKTON.3.CHL/PHEO.1",1.32
"10788","D03","SUGG",2018-07-11,"SUGG.20180711.PHYTOPLANKTON.1.CHL/PHEO.1",1.75
"10815","D03","SUGG",2018-11-06,"SUGG.20181106.PHYTOPLANKTON.1.REP2.CHL/PHEO.2",0.58
"10826","D03","SUGG",2018-11-06,"SUGG.20181106.PHYTOPLANKTON.2.CHL/PHEO.1",0.87
"10843","D03","SUGG",2018-11-06,"SUGG.20181106.PHYTOPLANKTON.3.CHL/PHEO.1",0.47
"10861","D03","SUGG",2018-11-06,"SUGG.20181106.PHYTOPLANKTON.1.CHL/PHEO.1",0.44
"10878","D03","SUGG",2019-02-18,"SUGG.20190218.PHYTOPLANKTON.3.CHL/PHEO.1",0.63
"10907","D03","SUGG",2019-02-18,"SUGG.20190218.PHYTOPLANKTON.3.REP2.CHL/PHEO.2",0.82
"10926","D03","SUGG",2019-02-18,"SUGG.20190218.PHYTOPLANKTON.1.CHL/PHEO.1",1.69
"10937","D03","SUGG",2019-02-18,"SUGG.20190218.PHYTOPLANKTON.2.CHL/PHEO.1",0.32
"10998","D03","SUGG",2019-07-15,"SUGG.20190715.PHYTOPLANKTON.3.CHL/PHEO.1",1.63
"10999","D03","SUGG",2019-07-15,"SUGG.20190715.PHYTOPLANKTON.1.CHL/PHEO.1",2.3
"11014","D03","SUGG",2019-07-15,"SUGG.20190715.PHYTOPLANKTON.2.CHL/PHEO.1",1.53
"11023","D03","SUGG",2019-07-15,"SUGG.20190715.PHYTOPLANKTON.3.REP2.CHL/PHEO.2",1.66
"11025","D03","SUGG",2019-11-05,"SUGG.20191105.PHYTOPLANKTON.2.CHL/PHEO.1",1.29
"11050","D03","SUGG",2019-11-05,"SUGG.20191105.PHYTOPLANKTON.1.REP2.CHL/PHEO.2",1.03
"11051","D03","SUGG",2019-11-05,"SUGG.20191105.PHYTOPLANKTON.1.CHL/PHEO.1",0.9
"11053","D03","SUGG",2019-11-05,"SUGG.20191105.PHYTOPLANKTON.1.CHL/PHEO.1",2.19
"11062","D03","SUGG",2019-11-05,"SUGG.20191105.PHYTOPLANKTON.3.CHL/PHEO.1",2.92
"11066","D03","SUGG",2019-11-05,"SUGG.20191105.PHYTOPLANKTON.2.CHL/PHEO.1",2.63
"11082","D03","SUGG",2019-11-05,"SUGG.20191105.PHYTOPLANKTON.1.REP2.CHL/PHEO.2",2.31
"11095","D03","SUGG",2019-11-05,"SUGG.20191105.PHYTOPLANKTON.3.CHL/PHEO.1",1.62
"11171","D03","SUGG",2020-07-15,"SUGG.20200715.PHYTOPLANKTON.2.CHL/PHEO.1",3.11
"11233","D03","SUGG",2020-07-15,"SUGG.20200715.PHYTOPLANKTON.1.CHL/PHEO.1",4.16
"11241","D03","SUGG",2020-07-15,"SUGG.20200715.PHYTOPLANKTON.3.CHL/PHEO.1",3.25
"11249","D03","SUGG",2020-07-15,"SUGG.20200715.PHYTOPLANKTON.1.REP2.CHL/PHEO.2",4.05
"11269","D03","SUGG",2020-11-04,"SUGG.20201104.PHYTOPLANKTON.1.CHL/PHEO.1",1.31
"11284","D03","SUGG",2020-11-04,"SUGG.20201104.PHYTOPLANKTON.3.CHL/PHEO.1",1.46
"11299","D03","SUGG",2020-11-04,"SUGG.20201104.PHYTOPLANKTON.2.CHL/PHEO.1",2.72
"11304","D03","SUGG",2020-11-04,"SUGG.20201104.PHYTOPLANKTON.2.REP2.CHL/PHEO.2",2.91
"11380","D03","SUGG",2021-02-25,"SUGG.20210225.PHYTOPLANKTON.1.CHL/PHEO.1",0.94
"11386","D03","SUGG",2021-02-25,"SUGG.20210225.PHYTOPLANKTON.2.REP2.CHL/PHEO.2",1.05
"11409","D03","SUGG",2021-02-25,"SUGG.20210225.PHYTOPLANKTON.3.CHL/PHEO.1",0.86
"11444","D03","SUGG",2021-02-25,"SUGG.20210225.PHYTOPLANKTON.2.CHL/PHEO.1",0.96
"11474","D03","SUGG",2021-06-30,"SUGG.20210630.PHYTOPLANKTON.3.REP2.CHL/PHEO.2",2.83
"11480","D03","SUGG",2021-06-30,"SUGG.20210630.PHYTOPLANKTON.3.CHL/PHEO.1",2.79
"11522","D03","SUGG",2021-06-30,"SUGG.20210630.PHYTOPLANKTON.2.CHL/PHEO.1",2.49
"11608","D03","SUGG",2022-07-13,"SUGG.20220713.PHYTOPLANKTON.3.CHL/PHEO.1",9.32
"11678","D03","SUGG",2022-07-13,"SUGG.20220713.PHYTOPLANKTON.2.CHL/PHEO.1",8.08
"11686","D03","SUGG",2022-07-13,"SUGG.20220713.PHYTOPLANKTON.1.CHL/PHEO.1",6.51
"11736","D03","SUGG",2022-10-31,"SUGG.20221031.PHYTOPLANKTON.2.CHL/PHEO.1",1.43
"11771","D03","SUGG",2022-10-31,"SUGG.20221031.PHYTOPLANKTON.3.CHL/PHEO.1",1.64
"11785","D03","SUGG",2022-10-31,"SUGG.20221031.PHYTOPLANKTON.1.CHL/PHEO.1",2.29
"11800","D03","SUGG",2023-02-14,"SUGG.20230214.PHYTOPLANKTON.3.CHL/PHEO.1",1.76
"11847","D03","SUGG",2023-02-14,"SUGG.20230214.PHYTOPLANKTON.2.CHL/PHEO.1",2.62
"11860","D03","SUGG",2023-02-14,"SUGG.20230214.PHYTOPLANKTON.1.CHL/PHEO.1",1.8
"11882","D03","SUGG",2023-07-11,"SUGG.20230711.PHYTOPLANKTON.1.CHL/PHEO.1",8.75
"11902","D03","SUGG",2023-07-11,"SUGG.20230711.PHYTOPLANKTON.2.CHL/PHEO.1",9.57
"11946","D03","SUGG",2023-07-11,"SUGG.20230711.PHYTOPLANKTON.3.CHL/PHEO.1",11.05
"17540","D05","CRAM",2018-05-10,"CRAM.20180510.PHYTOPLANKTON.2.CHL/PHEO.1",3.42
"17564","D05","CRAM",2018-05-10,"CRAM.20180510.PHYTOPLANKTON.3.CHL/PHEO.1",3.57
"17580","D05","CRAM",2018-05-10,"CRAM.20180510.PHYTOPLANKTON.1.CHL/PHEO.1",3.06
"17649","D05","CRAM",2018-07-16,"CRAM.20180716.PHYTOPLANKTON.2.CHL/PHEO.1",4.19
"17660","D05","CRAM",2018-07-16,"CRAM.20180716.PHYTOPLANKTON.3.CHL/PHEO.1",3.3
"17666","D05","CRAM",2018-07-16,"CRAM.20180716.PHYTOPLANKTON.1.CHL/PHEO.1",3.72
"17718","D05","CRAM",2018-09-27,"CRAM.20180927.PHYTOPLANKTON.1.CHL/PHEO.1",161.59
"17725","D05","CRAM",2018-09-27,"CRAM.20180927.PHYTOPLANKTON.3.CHL/PHEO.1",47.69
"17731","D05","CRAM",2018-09-27,"CRAM.20180927.PHYTOPLANKTON.2.CHL/PHEO.1",86.77
"17790","D05","CRAM",2019-05-08,"CRAM.20190508.PHYTOPLANKTON.3.CHL/PHEO.1",3.86
"17791","D05","CRAM",2019-05-08,"CRAM.20190508.PHYTOPLANKTON.3.REP2.CHL/PHEO.2",1.28
"17794","D05","CRAM",2019-05-08,"CRAM.20190508.PHYTOPLANKTON.1.CHL/PHEO.1",1.42
"17835","D05","CRAM",2019-05-08,"CRAM.20190508.PHYTOPLANKTON.2.CHL/PHEO.1",1.03
"17842","D05","CRAM",2019-07-11,"CRAM.20190711.PHYTOPLANKTON.3.CHL/PHEO.1",3.07
"17858","D05","CRAM",2019-07-11,"CRAM.20190711.PHYTOPLANKTON.2.CHL/PHEO.1",2.52
"17865","D05","CRAM",2019-07-11,"CRAM.20190711.PHYTOPLANKTON.1.CHL/PHEO.1",2.56
"17925","D05","CRAM",2019-09-25,"CRAM.20190925.PHYTOPLANKTON.3.CHL/PHEO.1",3.46
"17955","D05","CRAM",2019-09-25,"CRAM.20190925.PHYTOPLANKTON.2.CHL/PHEO.1",3.73
"17960","D05","CRAM",2019-09-25,"CRAM.20190925.PHYTOPLANKTON.1.CHL/PHEO.1",2.84
"17977","D05","CRAM",2019-09-25,"CRAM.20190925.PHYTOPLANKTON.2.REP2.CHL/PHEO.2",3.98
"18006","D05","CRAM",2020-06-08,"CRAM.20200608.PHYTOPLANKTON.2.CHL/PHEO.1",1.74
"18011","D05","CRAM",2020-06-08,"CRAM.20200608.PHYTOPLANKTON.1.CHL/PHEO.1",4.08
"18030","D05","CRAM",2020-06-08,"CRAM.20200608.PHYTOPLANKTON.1.REP2.CHL/PHEO.2",1.64
"18043","D05","CRAM",2020-06-08,"CRAM.20200608.PHYTOPLANKTON.7.CHL/PHEO.1",1.54
"18077","D05","CRAM",2020-07-15,"CRAM.20200715.PHYTOPLANKTON.2.CHL/PHEO.1",2.77
"18086","D05","CRAM",2020-07-15,"CRAM.20200715.PHYTOPLANKTON.1.REP2.CHL/PHEO.2",1.12
"18099","D05","CRAM",2020-07-15,"CRAM.20200715.PHYTOPLANKTON.1.CHL/PHEO.1",1.1
"18162","D05","CRAM",2020-07-15,"CRAM.20200715.PHYTOPLANKTON.7.CHL/PHEO.1",2.77
"18216","D05","CRAM",2020-09-28,"CRAM.20200928.PHYTOPLANKTON.1.CHL/PHEO.1",3.48
"18218","D05","CRAM",2020-09-28,"CRAM.20200928.PHYTOPLANKTON.5.CHL/PHEO.1",5.74
"18219","D05","CRAM",2020-09-28,"CRAM.20200928.PHYTOPLANKTON.2.CHL/PHEO.1",5.5
"18278","D05","CRAM",2021-04-27,"CRAM.20210427.PHYTOPLANKTON.1.CHL/PHEO.1",3.16
"18312","D05","CRAM",2021-04-27,"CRAM.20210427.PHYTOPLANKTON.2.CHL/PHEO.1",3.18
"18342","D05","CRAM",2021-04-27,"CRAM.20210427.PHYTOPLANKTON.4.CHL/PHEO.1",2.61
"18372","D05","CRAM",2021-07-13,"CRAM.20210713.PHYTOPLANKTON.7.CHL/PHEO.1",1.84
"18391","D05","CRAM",2021-07-13,"CRAM.20210713.PHYTOPLANKTON.1.CHL/PHEO.1",2.16
"18392","D05","CRAM",2021-07-13,"CRAM.20210713.PHYTOPLANKTON.2.CHL/PHEO.1",2.21
"18429","D05","CRAM",2021-09-27,"CRAM.20210927.PHYTOPLANKTON.1.CHL/PHEO.1",18.72
"18438","D05","CRAM",2021-09-27,"CRAM.20210927.PHYTOPLANKTON.2.CHL/PHEO.1",8.7
"18487","D05","CRAM",2021-09-27,"CRAM.20210927.PHYTOPLANKTON.3.CHL/PHEO.1",4.08
"18510","D05","CRAM",2022-05-24,"CRAM.20220524.PHYTOPLANKTON.3.CHL/PHEO.1",11.16
"18520","D05","CRAM",2022-05-24,"CRAM.20220524.PHYTOPLANKTON.1.CHL/PHEO.1",15.49
"18554","D05","CRAM",2022-05-24,"CRAM.20220524.PHYTOPLANKTON.2.CHL/PHEO.1",13.08
"18658","D05","CRAM",2022-07-12,"CRAM.20220712.PHYTOPLANKTON.1.CHL/PHEO.1",5.13
"18662","D05","CRAM",2022-07-12,"CRAM.20220712.PHYTOPLANKTON.2.CHL/PHEO.1",2.67
"18665","D05","CRAM",2022-07-12,"CRAM.20220712.PHYTOPLANKTON.3.CHL/PHEO.1",3.12
"18719","D05","CRAM",2022-09-26,"CRAM.20220926.PHYTOPLANKTON.1.CHL/PHEO.1",14.92
"18720","D05","CRAM",2022-09-26,"CRAM.20220926.PHYTOPLANKTON.3.CHL/PHEO.1",14.54
"18727","D05","CRAM",2022-09-26,"CRAM.20220926.PHYTOPLANKTON.2.CHL/PHEO.1",18.03
"18760","D05","CRAM",2023-05-22,"CRAM.20230522.PHYTOPLANKTON.3.CHL/PHEO.1",14.49
"18764","D05","CRAM",2023-05-22,"CRAM.20230522.PHYTOPLANKTON.2.CHL/PHEO.1",12.43
"18780","D05","CRAM",2023-05-22,"CRAM.20230522.PHYTOPLANKTON.1.CHL/PHEO.1",9.54
"18831","D05","CRAM",2023-07-17,"CRAM.20230717.PHYTOPLANKTON.1.CHL/PHEO.1",4.15
"18863","D05","CRAM",2023-07-17,"CRAM.20230717.PHYTOPLANKTON.2.CHL/PHEO.1",3.28
"18872","D05","CRAM",2023-07-17,"CRAM.20230717.PHYTOPLANKTON.3.CHL/PHEO.1",3.85
"18923","D05","CRAM",2023-09-26,"CRAM.20230926.PHYTOPLANKTON.3.CHL/PHEO.1",15.37
"18962","D05","CRAM",2023-09-26,"CRAM.20230926.PHYTOPLANKTON.1.CHL/PHEO.1",11.94
"18978","D05","CRAM",2023-09-26,"CRAM.20230926.PHYTOPLANKTON.2.CHL/PHEO.1",16.36
"19172","D05","LIRO",2018-05-17,"LIRO.20180517.PHYTOPLANKTON.1.CHL/PHEO.1",5.83
"19185","D05","LIRO",2018-05-17,"LIRO.20180517.PHYTOPLANKTON.2.CHL/PHEO.1",2.93
"19217","D05","LIRO",2018-05-17,"LIRO.20180517.PHYTOPLANKTON.3.CHL/PHEO.1",2.14
"19315","D05","LIRO",2018-07-23,"LIRO.20180723.PHYTOPLANKTON.3.CHL/PHEO.1",1.41
"19325","D05","LIRO",2018-07-23,"LIRO.20180723.PHYTOPLANKTON.1.CHL/PHEO.1",2.78
"19327","D05","LIRO",2018-07-23,"LIRO.20180723.PHYTOPLANKTON.2.CHL/PHEO.1",1.53
"19420","D05","LIRO",2019-05-15,"LIRO.20190515.PHYTOPLANKTON.1.CHL/PHEO.1",8.91
"19427","D05","LIRO",2019-05-15,"LIRO.20190515.PHYTOPLANKTON.3.CHL/PHEO.1",2.94
"19478","D05","LIRO",2019-05-15,"LIRO.20190515.PHYTOPLANKTON.2.CHL/PHEO.1",3.87
"19495","D05","LIRO",2019-07-24,"LIRO.20190724.PHYTOPLANKTON.1.CHL/PHEO.1",16.31
"19499","D05","LIRO",2019-07-24,"LIRO.20190724.PHYTOPLANKTON.3.CHL/PHEO.1",2.96
"19510","D05","LIRO",2019-07-24,"LIRO.20190724.PHYTOPLANKTON.2.CHL/PHEO.1",2.82
"19571","D05","LIRO",2019-09-10,"LIRO.20190910.PHYTOPLANKTON.3.CHL/PHEO.1",2.45
"19584","D05","LIRO",2019-09-10,"LIRO.20190910.PHYTOPLANKTON.1.CHL/PHEO.1",11.52
"19597","D05","LIRO",2019-09-10,"LIRO.20190910.PHYTOPLANKTON.2.CHL/PHEO.1",2.53
"19634","D05","LIRO",2020-06-16,"LIRO.20200616.PHYTOPLANKTON.8.REP2.CHL/PHEO.2",1.84
"19652","D05","LIRO",2020-06-16,"LIRO.20200616.PHYTOPLANKTON.1.CHL/PHEO.1",2.94
"19662","D05","LIRO",2020-06-16,"LIRO.20200616.PHYTOPLANKTON.8.CHL/PHEO.1",1.95
"19681","D05","LIRO",2020-06-16,"LIRO.20200616.PHYTOPLANKTON.2.CHL/PHEO.1",2.01
"19748","D05","LIRO",2020-07-22,"LIRO.20200722.PHYTOPLANKTON.8.REP2.CHL/PHEO.2",3.38
"19768","D05","LIRO",2020-07-22,"LIRO.20200722.PHYTOPLANKTON.2.CHL/PHEO.1",3.79
"19775","D05","LIRO",2020-07-22,"LIRO.20200722.PHYTOPLANKTON.8.CHL/PHEO.1",3.59
"19790","D05","LIRO",2020-07-22,"LIRO.20200722.PHYTOPLANKTON.1.CHL/PHEO.1",17.79
"19827","D05","LIRO",2020-09-10,"LIRO.20200910.PHYTOPLANKTON.2.CHL/PHEO.1",2.38
"19843","D05","LIRO",2020-09-10,"LIRO.20200910.PHYTOPLANKTON.1.REP2.CHL/PHEO.2",11.99
"19880","D05","LIRO",2020-09-10,"LIRO.20200910.PHYTOPLANKTON.1.CHL/PHEO.1",12.41
"19905","D05","LIRO",2020-09-10,"LIRO.20200910.PHYTOPLANKTON.8.CHL/PHEO.1",2.69
"19921","D05","LIRO",2021-04-14,"LIRO.20210414.PHYTOPLANKTON.1.CHL/PHEO.1",3.23
"19954","D05","LIRO",2021-04-14,"LIRO.20210414.PHYTOPLANKTON.2.CHL/PHEO.1",2.39
"19977","D05","LIRO",2021-04-14,"LIRO.20210414.PHYTOPLANKTON.7.CHL/PHEO.1",2.6
"20003","D05","LIRO",2021-07-21,"LIRO.20210721.PHYTOPLANKTON.7.CHL/PHEO.1",2.03
"20010","D05","LIRO",2021-07-21,"LIRO.20210721.PHYTOPLANKTON.2.CHL/PHEO.1",1.88
"20066","D05","LIRO",2021-07-21,"LIRO.20210721.PHYTOPLANKTON.1.CHL/PHEO.1",1.77
"20087","D05","LIRO",2021-09-09,"LIRO.20210909.PHYTOPLANKTON.3.CHL/PHEO.1",1.84
"20110","D05","LIRO",2021-09-09,"LIRO.20210909.PHYTOPLANKTON.2.CHL/PHEO.1",2.4
"20119","D05","LIRO",2021-09-09,"LIRO.20210909.PHYTOPLANKTON.1.CHL/PHEO.1",10.84
"20173","D05","LIRO",2022-05-16,"LIRO.20220516.PHYTOPLANKTON.2.CHL/PHEO.1",2.24
"20176","D05","LIRO",2022-05-16,"LIRO.20220516.PHYTOPLANKTON.3.CHL/PHEO.1",2.24
"20183","D05","LIRO",2022-05-16,"LIRO.20220516.PHYTOPLANKTON.1.CHL/PHEO.1",4.52
"20258","D05","LIRO",2022-07-20,"LIRO.20220720.PHYTOPLANKTON.2.CHL/PHEO.1",7.24
"20283","D05","LIRO",2022-07-20,"LIRO.20220720.PHYTOPLANKTON.3.CHL/PHEO.1",4.4
"20313","D05","LIRO",2022-07-20,"LIRO.20220720.PHYTOPLANKTON.1.CHL/PHEO.1",6.83
"20320","D05","LIRO",2022-09-08,"LIRO.20220908.PHYTOPLANKTON.2.CHL/PHEO.1",11.35
"20321","D05","LIRO",2022-09-08,"LIRO.20220908.PHYTOPLANKTON.1.CHL/PHEO.1",16.49
"20395","D05","LIRO",2022-09-08,"LIRO.20220908.PHYTOPLANKTON.3.CHL/PHEO.1",11.09
"20403","D05","LIRO",2023-05-15,"LIRO.20230515.PHYTOPLANKTON.3.CHL/PHEO.1",1.64
"20408","D05","LIRO",2023-05-15,"LIRO.20230515.PHYTOPLANKTON.2.CHL/PHEO.1",2.24
"20434","D05","LIRO",2023-05-15,"LIRO.20230515.PHYTOPLANKTON.1.CHL/PHEO.1",2.94
"20495","D05","LIRO",2023-07-24,"LIRO.20230724.PHYTOPLANKTON.3.CHL/PHEO.1",7.78
"20531","D05","LIRO",2023-07-24,"LIRO.20230724.PHYTOPLANKTON.2.CHL/PHEO.1",8.67
"20553","D05","LIRO",2023-07-24,"LIRO.20230724.PHYTOPLANKTON.1.CHL/PHEO.1",8.04
"20570","D05","LIRO",2023-09-05,"LIRO.20230905.PHYTOPLANKTON.3.CHL/PHEO.1",14.18
"20581","D05","LIRO",2023-09-05,"LIRO.20230905.PHYTOPLANKTON.2.CHL/PHEO.1",16.37
"20582","D05","LIRO",2023-09-05,"LIRO.20230905.PHYTOPLANKTON.1.CHL/PHEO.1",23.85
"28731","D08","BLWA",2017-11-16,"BLWA.20171116.PHYTOPLANKTON.2",320.58
"28770","D08","BLWA",2017-11-16,"BLWA.20171116.PHYTOPLANKTON.3",311.64
"28803","D08","BLWA",2017-11-16,"BLWA.20171116.PHYTOPLANKTON.1",309.94
"28808","D08","BLWA",2018-02-21,"BLWA.20180221.PHYTOPLANKTON.3.CHL/PHEO.1",4.73
"28830","D08","BLWA",2018-02-21,"BLWA.20180221.PHYTOPLANKTON.1.CHL/PHEO.1",4.89
"28841","D08","BLWA",2018-02-21,"BLWA.20180221.PHYTOPLANKTON.2.CHL/PHEO.1",5.52
"28889","D08","BLWA",2018-06-28,"BLWA.20180628.PHYTOPLANKTON.3.CHL/PHEO.1",21.13
"28927","D08","BLWA",2018-06-28,"BLWA.20180628.PHYTOPLANKTON.2.CHL/PHEO.1",22.99
"28954","D08","BLWA",2018-06-28,"BLWA.20180628.PHYTOPLANKTON.1.CHL/PHEO.1",18.13
"29014","D08","BLWA",2018-11-20,"BLWA.20181120.PHYTOPLANKTON.2.CHL/PHEO.1",2.32
"29016","D08","BLWA",2018-11-20,"BLWA.20181120.PHYTOPLANKTON.3.CHL/PHEO.1",4.75
"29037","D08","BLWA",2018-11-20,"BLWA.20181120.PHYTOPLANKTON.1.CHL/PHEO.1",3.21
"29073","D08","BLWA",2019-02-18,"BLWA.20190218.PHYTOPLANKTON.3.CHL/PHEO.1",4.37
"29075","D08","BLWA",2019-02-18,"BLWA.20190218.PHYTOPLANKTON.2.CHL/PHEO.1",4.25
"29111","D08","BLWA",2019-02-18,"BLWA.20190218.PHYTOPLANKTON.1.CHL/PHEO.1",4.37
"29130","D08","BLWA",2019-06-25,"BLWA.20190625.PHYTOPLANKTON.3.CHL/PHEO.1",12.02
"29175","D08","BLWA",2019-06-25,"BLWA.20190625.PHYTOPLANKTON.1.CHL/PHEO.1",8.57
"29181","D08","BLWA",2019-06-25,"BLWA.20190625.PHYTOPLANKTON.2.CHL/PHEO.1",11.18
"29205","D08","BLWA",2019-10-28,"BLWA.20191028.PHYTOPLANKTON.3.CHL/PHEO.1",11.04
"29240","D08","BLWA",2019-10-28,"BLWA.20191028.PHYTOPLANKTON.1.CHL/PHEO.1",9.76
"29248","D08","BLWA",2019-10-28,"BLWA.20191028.PHYTOPLANKTON.2.CHL/PHEO.1",8.73
"29327","D08","BLWA",2020-07-30,"BLWA.20200730.PHYTOPLANKTON.3.CHL/PHEO.1",8.39
"29329","D08","BLWA",2020-07-30,"BLWA.20200730.PHYTOPLANKTON.1.CHL/PHEO.1",9.76
"29356","D08","BLWA",2020-07-30,"BLWA.20200730.PHYTOPLANKTON.2.CHL/PHEO.1",10.81
"29388","D08","BLWA",2020-10-27,"BLWA.20201027.PHYTOPLANKTON.1.CHL/PHEO.1",20.67
"29390","D08","BLWA",2020-10-27,"BLWA.20201027.PHYTOPLANKTON.2.CHL/PHEO.1",23.26
"29400","D08","BLWA",2020-10-27,"BLWA.20201027.PHYTOPLANKTON.3.CHL/PHEO.1",22.93
"29461","D08","BLWA",2021-07-15,"BLWA.20210715.PHYTOPLANKTON.3.CHL/PHEO.1",17.73
"29504","D08","BLWA",2021-07-15,"BLWA.20210715.PHYTOPLANKTON.2.CHL/PHEO.1",11.32
"29525","D08","BLWA",2021-07-15,"BLWA.20210715.PHYTOPLANKTON.1.CHL/PHEO.1",8.16
"29534","D08","BLWA",2021-03-08,"BLWA.20210308.PHYTOPLANKTON.2.CHL/PHEO.1",6.59
"29569","D08","BLWA",2021-03-08,"BLWA.20210308.PHYTOPLANKTON.1.CHL/PHEO.1",6.47
"29609","D08","BLWA",2021-03-08,"BLWA.20210308.PHYTOPLANKTON.3.CHL/PHEO.1",6.01
"29639","D08","BLWA",2021-11-16,"BLWA.20211116.PHYTOPLANKTON.3.CHL/PHEO.1",19.68
"29654","D08","BLWA",2021-11-16,"BLWA.20211116.PHYTOPLANKTON.2.CHL/PHEO.1",17.73
"29655","D08","BLWA",2021-11-16,"BLWA.20211116.PHYTOPLANKTON.1.CHL/PHEO.1",17.31
"29718","D08","BLWA",2022-03-16,"BLWA.20220316.PHYTOPLANKTON.1.CHL/PHEO.1",8.38
"29767","D08","BLWA",2022-03-16,"BLWA.20220316.PHYTOPLANKTON.3.CHL/PHEO.1",1.35
"29785","D08","BLWA",2022-03-16,"BLWA.20220316.PHYTOPLANKTON.2.CHL/PHEO.1",8.33
"29803","D08","BLWA",2022-07-06,"BLWA.20220706.PHYTOPLANKTON.3.CHL/PHEO.1",7.54
"29813","D08","BLWA",2022-07-06,"BLWA.20220706.PHYTOPLANKTON.1.CHL/PHEO.1",7.43
"29849","D08","BLWA",2022-07-06,"BLWA.20220706.PHYTOPLANKTON.2.CHL/PHEO.1",7.05
"29939","D08","BLWA",2022-11-09,"BLWA.20221109.PHYTOPLANKTON.3.CHL/PHEO.1",6.67
"29948","D08","BLWA",2022-11-09,"BLWA.20221109.PHYTOPLANKTON.2.CHL/PHEO.1",5.49
"29953","D08","BLWA",2022-11-09,"BLWA.20221109.PHYTOPLANKTON.1.CHL/PHEO.1",6.51
"30007","D08","BLWA",2023-03-22,"BLWA.20230322.PHYTOPLANKTON.3.CHL/PHEO.1",1.77
"30021","D08","BLWA",2023-03-22,"BLWA.20230322.PHYTOPLANKTON.2.CHL/PHEO.1",12
"30028","D08","BLWA",2023-03-22,"BLWA.20230322.PHYTOPLANKTON.1.CHL/PHEO.1",12.29
"30053","D08","BLWA",2023-06-26,"BLWA.20230626.PHYTOPLANKTON.3.CHL/PHEO.1",8.88
"30117","D08","BLWA",2023-06-26,"BLWA.20230626.PHYTOPLANKTON.2.CHL/PHEO.1",11.89
"30118","D08","BLWA",2023-06-26,"BLWA.20230626.PHYTOPLANKTON.1.CHL/PHEO.1",13.95
"30129","D08","BLWA",2023-11-06,"BLWA.20231106.PHYTOPLANKTON.1.CHL/PHEO.1",6.22
"30130","D08","BLWA",2023-11-06,"BLWA.20231106.PHYTOPLANKTON.2.CHL/PHEO.1",4.84
"30189","D08","BLWA",2023-11-06,"BLWA.20231106.PHYTOPLANKTON.3.CHL/PHEO.1",7.82
"32852","D08","TOMB",2017-11-29,"TOMB.20171129.PHYTOPLANKTON.3",1.73
"32871","D08","TOMB",2017-11-29,"TOMB.20171129.PHYTOPLANKTON.2",3.19
"32925","D08","TOMB",2017-11-29,"TOMB.20171129.PHYTOPLANKTON.1",1.29
"32979","D08","TOMB",2018-03-07,"TOMB.20180307.PHYTOPLANKTON.3.CHL/PHEO.1",4.21
"32986","D08","TOMB",2018-03-07,"TOMB.20180307.PHYTOPLANKTON.2.CHL/PHEO.1",3.84
"32990","D08","TOMB",2018-03-07,"TOMB.20180307.PHYTOPLANKTON.1.CHL/PHEO.1",3.61
"33014","D08","TOMB",2018-11-15,"TOMB.20181115.PHYTOPLANKTON.2.CHL/PHEO.1",1.49
"33046","D08","TOMB",2018-11-15,"TOMB.20181115.PHYTOPLANKTON.1.CHL/PHEO.1",1.77
"33089","D08","TOMB",2018-11-15,"TOMB.20181115.PHYTOPLANKTON.3.CHL/PHEO.1",5.15
"33114","D08","TOMB",2018-07-10,"TOMB.20180710.PHYTOPLANKTON.3.CHL/PHEO.1",10.6
"33130","D08","TOMB",2018-07-10,"TOMB.20180710.PHYTOPLANKTON.2.CHL/PHEO.1",14.27
"33143","D08","TOMB",2018-07-10,"TOMB.20180710.PHYTOPLANKTON.1.CHL/PHEO.1",13.66
"33181","D08","TOMB",2019-04-09,"TOMB.20190409.PHYTOPLANKTON.3.CHL/PHEO.1",8.77
"33192","D08","TOMB",2019-04-09,"TOMB.20190409.PHYTOPLANKTON.2.CHL/PHEO.1",10.58
"33243","D08","TOMB",2019-04-09,"TOMB.20190409.PHYTOPLANKTON.1.CHL/PHEO.1",9.74
"33253","D08","TOMB",2019-07-09,"TOMB.20190709.PHYTOPLANKTON.2.CHL/PHEO.1",12.31
"33267","D08","TOMB",2019-07-09,"TOMB.20190709.PHYTOPLANKTON.1.CHL/PHEO.1",10.3
"33293","D08","TOMB",2019-07-09,"TOMB.20190709.PHYTOPLANKTON.3.CHL/PHEO.1",12.14
"33340","D08","TOMB",2019-11-25,"TOMB.20191125.PHYTOPLANKTON.3.CHL/PHEO.1",3.9
"33346","D08","TOMB",2019-11-25,"TOMB.20191125.PHYTOPLANKTON.2.CHL/PHEO.1",3.84
"33392","D08","TOMB",2019-11-25,"TOMB.20191125.PHYTOPLANKTON.1.CHL/PHEO.1",3.9
"33421","D08","TOMB",2020-07-22,"TOMB.20200722.PHYTOPLANKTON.2.CHL/PHEO.1",43.88
"33434","D08","TOMB",2020-07-22,"TOMB.20200722.PHYTOPLANKTON.3.CHL/PHEO.1",28.68
"33471","D08","TOMB",2020-07-22,"TOMB.20200722.PHYTOPLANKTON.1.CHL/PHEO.1",793.54
"33501","D08","TOMB",2020-11-11,"TOMB.20201111.PHYTOPLANKTON.1.CHL/PHEO.1",3.23
"33511","D08","TOMB",2020-11-11,"TOMB.20201111.PHYTOPLANKTON.3.CHL/PHEO.1",3.58
"33555","D08","TOMB",2020-11-11,"TOMB.20201111.PHYTOPLANKTON.2.CHL/PHEO.1",3.16
"33615","D08","TOMB",2021-03-01,"TOMB.20210301.PHYTOPLANKTON.3.CHL/PHEO.1",2.58
"33618","D08","TOMB",2021-03-01,"TOMB.20210301.PHYTOPLANKTON.1.CHL/PHEO.1",2.21
"33647","D08","TOMB",2021-03-01,"TOMB.20210301.PHYTOPLANKTON.2.CHL/PHEO.1",2.35
"33696","D08","TOMB",2021-07-13,"TOMB.20210713.PHYTOPLANKTON.3.CHL/PHEO.1",4.83
"33699","D08","TOMB",2021-07-13,"TOMB.20210713.PHYTOPLANKTON.2.CHL/PHEO.1",4.78
"33721","D08","TOMB",2021-07-13,"TOMB.20210713.PHYTOPLANKTON.1.CHL/PHEO.1",5.08
"33773","D08","TOMB",2021-11-02,"TOMB.20211102.PHYTOPLANKTON.1.CHL/PHEO.1",14.75
"33801","D08","TOMB",2021-11-02,"TOMB.20211102.PHYTOPLANKTON.3.CHL/PHEO.1",12.99
"33822","D08","TOMB",2021-11-02,"TOMB.20211102.PHYTOPLANKTON.2.CHL/PHEO.1",3.17
"33869","D08","TOMB",2022-07-27,"TOMB.20220727.PHYTOPLANKTON.1.CHL/PHEO.1",20.98
"33891","D08","TOMB",2022-07-27,"TOMB.20220727.PHYTOPLANKTON.3.CHL/PHEO.1",15.4
"33917","D08","TOMB",2022-07-27,"TOMB.20220727.PHYTOPLANKTON.2.CHL/PHEO.1",19.46
"33933","D08","TOMB",2022-05-11,"TOMB.20220511.PHYTOPLANKTON.2.CHL/PHEO.1",9.69
"33967","D08","TOMB",2022-05-11,"TOMB.20220511.PHYTOPLANKTON.3.CHL/PHEO.1",10.66
"33970","D08","TOMB",2022-05-11,"TOMB.20220511.PHYTOPLANKTON.1.CHL/PHEO.1",11.67
"34042","D08","TOMB",2022-10-31,"TOMB.20221031.PHYTOPLANKTON.3.CHL/PHEO.1",2.18
"34048","D08","TOMB",2022-10-31,"TOMB.20221031.PHYTOPLANKTON.2.CHL/PHEO.1",2.23
"34058","D08","TOMB",2022-10-31,"TOMB.20221031.PHYTOPLANKTON.1.CHL/PHEO.1",4.96
"34091","D08","TOMB",2023-03-13,"TOMB.20230313.PHYTOPLANKTON.2.CHL/PHEO.1",3.12
"34099","D08","TOMB",2023-03-13,"TOMB.20230313.PHYTOPLANKTON.3.CHL/PHEO.1",2.91
"34139","D08","TOMB",2023-03-13,"TOMB.20230313.PHYTOPLANKTON.1.CHL/PHEO.1",2.98
"34172","D08","TOMB",2023-07-10,"TOMB.20230710.PHYTOPLANKTON.1.CHL/PHEO.1",27.58
"34189","D08","TOMB",2023-07-10,"TOMB.20230710.PHYTOPLANKTON.2.CHL/PHEO.1",25.16
"34207","D08","TOMB",2023-07-10,"TOMB.20230710.PHYTOPLANKTON.3.CHL/PHEO.1",19.84
"34255","D08","TOMB",2023-11-21,"TOMB.20231121.PHYTOPLANKTON.3.CHL/PHEO.1",2.89
"34295","D08","TOMB",2023-11-21,"TOMB.20231121.PHYTOPLANKTON.2.CHL/PHEO.1",3.29
"34318","D08","TOMB",2023-11-21,"TOMB.20231121.PHYTOPLANKTON.1.CHL/PHEO.1",5.6
"35204","D09","PRLA",2018-05-09,"PRLA.20180509.PHYTOPLANKTON.2.CHL/PHEO.1",149.99
"35246","D09","PRLA",2018-05-09,"PRLA.20180509.PHYTOPLANKTON.3.CHL/PHEO.1",121.85
"35259","D09","PRLA",2018-05-09,"PRLA.20180509.PHYTOPLANKTON.1.CHL/PHEO.1",146.06
"35326","D09","PRLA",2018-07-11,"PRLA.20180711.PHYTOPLANKTON.2.CHL/PHEO.1",168.34
"35344","D09","PRLA",2018-07-11,"PRLA.20180711.PHYTOPLANKTON.1.CHL/PHEO.1",151.29
"35353","D09","PRLA",2018-07-11,"PRLA.20180711.PHYTOPLANKTON.3.CHL/PHEO.1",162.1
"35399","D09","PRLA",2019-04-24,"PRLA.20190424.PHYTOPLANKTON.2.CHL/PHEO.1",47.28
"35422","D09","PRLA",2019-04-24,"PRLA.20190424.PHYTOPLANKTON.3.CHL/PHEO.1",7.79
"35423","D09","PRLA",2019-04-24,"PRLA.20190424.PHYTOPLANKTON.1.CHL/PHEO.1",10.76
"35454","D09","PRLA",2018-09-11,"PRLA.20180911.PHYTOPLANKTON.1.CHL/PHEO.1",209.85
"35467","D09","PRLA",2018-09-11,"PRLA.20180911.PHYTOPLANKTON.3.CHL/PHEO.1",206.73
"35482","D09","PRLA",2018-09-11,"PRLA.20180911.PHYTOPLANKTON.2.CHL/PHEO.1",189.03
"35528","D09","PRLA",2019-09-10,"PRLA.20190910.PHYTOPLANKTON.1.CHL/PHEO.1",6.12
"35538","D09","PRLA",2019-09-10,"PRLA.20190910.PHYTOPLANKTON.3.CHL/PHEO.1",2.79
"35574","D09","PRLA",2019-09-10,"PRLA.20190910.PHYTOPLANKTON.2.CHL/PHEO.1",2.14
"35625","D09","PRLA",2019-07-11,"PRLA.20190711.PHYTOPLANKTON.1.CHL/PHEO.1",2.61
"35636","D09","PRLA",2019-07-11,"PRLA.20190711.PHYTOPLANKTON.2.CHL/PHEO.1",1.89
"35638","D09","PRLA",2019-07-11,"PRLA.20190711.PHYTOPLANKTON.3.CHL/PHEO.1",2.31
"35660","D09","PRLA",2020-06-15,"PRLA.20200615.PHYTOPLANKTON.3.CHL/PHEO.1",3.45
"35677","D09","PRLA",2020-06-15,"PRLA.20200615.PHYTOPLANKTON.2.CHL/PHEO.1",2.82
"35719","D09","PRLA",2020-06-15,"PRLA.20200615.PHYTOPLANKTON.1.CHL/PHEO.1",2.74
"35854","D09","PRLA",2020-09-29,"PRLA.20200929.PHYTOPLANKTON.1.CHL/PHEO.1",104.87
"35886","D09","PRLA",2020-09-29,"PRLA.20200929.PHYTOPLANKTON.3.CHL/PHEO.1",124.44
"35913","D09","PRLA",2020-09-29,"PRLA.20200929.PHYTOPLANKTON.2.CHL/PHEO.1",89.39
"35941","D09","PRLA",2021-04-20,"PRLA.20210420.PHYTOPLANKTON.1.CHL/PHEO.1",18.98
"35967","D09","PRLA",2021-04-20,"PRLA.20210420.PHYTOPLANKTON.2.CHL/PHEO.1",18.91
"36013","D09","PRLA",2021-04-20,"PRLA.20210420.PHYTOPLANKTON.3.CHL/PHEO.1",20.03
"36049","D09","PRLA",2021-07-13,"PRLA.20210713.PHYTOPLANKTON.2.CHL/PHEO.1",65.95
"36070","D09","PRLA",2021-07-13,"PRLA.20210713.PHYTOPLANKTON.3.CHL/PHEO.1",68.18
"36083","D09","PRLA",2021-07-13,"PRLA.20210713.PHYTOPLANKTON.1.CHL/PHEO.1",65.25
"36163","D09","PRLA",2021-09-14,"PRLA.20210914.PHYTOPLANKTON.3.CHL/PHEO.1",3.8
"36191","D09","PRLA",2021-09-14,"PRLA.20210914.PHYTOPLANKTON.1.CHL/PHEO.1",58.67
"36203","D09","PRLA",2021-09-14,"PRLA.20210914.PHYTOPLANKTON.2.CHL/PHEO.1",56.27
"36247","D09","PRLA",2022-04-27,"PRLA.20220427.PHYTOPLANKTON.1.CHL/PHEO.1",52.5
"36289","D09","PRLA",2022-04-27,"PRLA.20220427.PHYTOPLANKTON.3.CHL/PHEO.1",33.88
"36301","D09","PRLA",2022-04-27,"PRLA.20220427.PHYTOPLANKTON.2.CHL/PHEO.1",37.96
"36443","D09","PRLA",2022-09-13,"PRLA.20220913.PHYTOPLANKTON.2.CHL/PHEO.1",69.37
"36486","D09","PRLA",2022-09-13,"PRLA.20220913.PHYTOPLANKTON.1.CHL/PHEO.1",66.61
"36500","D09","PRLA",2022-09-13,"PRLA.20220913.PHYTOPLANKTON.3.CHL/PHEO.1",65.34
"36521","D09","PRLA",2023-05-09,"PRLA.20230509.PHYTOPLANKTON.1.CHL/PHEO.1",42.29
"36555","D09","PRLA",2023-05-09,"PRLA.20230509.PHYTOPLANKTON.2.CHL/PHEO.1",44.01
"36593","D09","PRLA",2023-05-09,"PRLA.20230509.PHYTOPLANKTON.3.CHL/PHEO.1",44.59
"36629","D09","PRLA",2023-09-12,"PRLA.20230912.PHYTOPLANKTON.2.CHL/PHEO.1",36.41
"36638","D09","PRLA",2023-09-12,"PRLA.20230912.PHYTOPLANKTON.3.CHL/PHEO.1",36.88
"36702","D09","PRLA",2023-09-12,"PRLA.20230912.PHYTOPLANKTON.1.CHL/PHEO.1",26.9
"36713","D09","PRLA",2023-07-05,"PRLA.20230705.PHYTOPLANKTON.2.CHL/PHEO.1",18.2
"36791","D09","PRLA",2023-07-05,"PRLA.20230705.PHYTOPLANKTON.3.CHL/PHEO.1",18.06
"36800","D09","PRLA",2023-07-05,"PRLA.20230705.PHYTOPLANKTON.1.CHL/PHEO.1",14.7
"37707","D09","PRPO",2018-05-14,"PRPO.20180514.PHYTOPLANKTON.3.CHL/PHEO.1",37.94
"37717","D09","PRPO",2018-05-14,"PRPO.20180514.PHYTOPLANKTON.2.CHL/PHEO.1",52.51
"37739","D09","PRPO",2018-05-14,"PRPO.20180514.PHYTOPLANKTON.1.CHL/PHEO.1",33.09
"37787","D09","PRPO",2018-07-16,"PRPO.20180716.PHYTOPLANKTON.2.CHL/PHEO.1",29.12
"37809","D09","PRPO",2018-07-16,"PRPO.20180716.PHYTOPLANKTON.3.CHL/PHEO.1",19.67
"37820","D09","PRPO",2018-07-16,"PRPO.20180716.PHYTOPLANKTON.1.CHL/PHEO.1",43.94
"37867","D09","PRPO",2018-09-17,"PRPO.20180917.PHYTOPLANKTON.2.CHL/PHEO.1",20.25
"37881","D09","PRPO",2018-09-17,"PRPO.20180917.PHYTOPLANKTON.3.CHL/PHEO.1",19.02
"37885","D09","PRPO",2018-09-17,"PRPO.20180917.PHYTOPLANKTON.1.CHL/PHEO.1",21.93
"37898","D09","PRPO",2018-09-17,"PRPO.20180917.PHYTOPLANKTON.3.REP2.CHL/PHEO.2",23.41
"37928","D09","PRPO",2019-04-30,"PRPO.20190430.PHYTOPLANKTON.1.CHL/PHEO.1",37.22
"37941","D09","PRPO",2019-04-30,"PRPO.20190430.PHYTOPLANKTON.2.CHL/PHEO.1",33.77
"37978","D09","PRPO",2019-04-30,"PRPO.20190430.PHYTOPLANKTON.3.CHL/PHEO.1",29.18
"38036","D09","PRPO",2019-07-15,"PRPO.20190715.PHYTOPLANKTON.1.CHL/PHEO.1",4.2
"38044","D09","PRPO",2019-07-15,"PRPO.20190715.PHYTOPLANKTON.2.CHL/PHEO.1",76.82
"38045","D09","PRPO",2019-07-15,"PRPO.20190715.PHYTOPLANKTON.3.CHL/PHEO.1",53.58
"38124","D09","PRPO",2019-09-16,"PRPO.20190916.PHYTOPLANKTON.3.CHL/PHEO.1",62.69
"38130","D09","PRPO",2019-09-16,"PRPO.20190916.PHYTOPLANKTON.2.CHL/PHEO.1",162.08
"38135","D09","PRPO",2019-09-16,"PRPO.20190916.PHYTOPLANKTON.1.CHL/PHEO.1",33.13
"38155","D09","PRPO",2020-06-22,"PRPO.20200622.PHYTOPLANKTON.1.CHL/PHEO.1",36.06
"38162","D09","PRPO",2020-06-22,"PRPO.20200622.PHYTOPLANKTON.3.CHL/PHEO.1",6.75
"38210","D09","PRPO",2020-06-22,"PRPO.20200622.PHYTOPLANKTON.2.CHL/PHEO.1",9.33
"38311","D09","PRPO",2020-09-22,"PRPO.20200922.PHYTOPLANKTON.3.CHL/PHEO.1",18.23
"38335","D09","PRPO",2020-09-22,"PRPO.20200922.PHYTOPLANKTON.1.CHL/PHEO.1",14.68
"38340","D09","PRPO",2020-09-22,"PRPO.20200922.PHYTOPLANKTON.2.CHL/PHEO.1",15.38
"38434","D09","PRPO",2021-04-27,"PRPO.20210427.PHYTOPLANKTON.1.CHL/PHEO.1",7.34
"38435","D09","PRPO",2021-04-27,"PRPO.20210427.PHYTOPLANKTON.3.CHL/PHEO.1",11.42
"38521","D09","PRPO",2021-04-27,"PRPO.20210427.PHYTOPLANKTON.2.CHL/PHEO.1",7.69
"38529","D09","PRPO",2021-07-20,"PRPO.20210720.PHYTOPLANKTON.1.CHL/PHEO.1",68.08
"38587","D09","PRPO",2021-07-20,"PRPO.20210720.PHYTOPLANKTON.2.CHL/PHEO.1",12.04
"38589","D09","PRPO",2021-07-20,"PRPO.20210720.PHYTOPLANKTON.3.CHL/PHEO.1",15.8
"38680","D09","PRPO",2021-09-21,"PRPO.20210921.PHYTOPLANKTON.3.CHL/PHEO.1",13.76
"38686","D09","PRPO",2021-09-21,"PRPO.20210921.PHYTOPLANKTON.1.CHL/PHEO.1",37.64
"38703","D09","PRPO",2021-09-21,"PRPO.20210921.PHYTOPLANKTON.2.CHL/PHEO.1",44.39
"38792","D09","PRPO",2022-07-13,"PRPO.20220713.PHYTOPLANKTON.1.CHL/PHEO.1",27.1
"38796","D09","PRPO",2022-07-13,"PRPO.20220713.PHYTOPLANKTON.2.CHL/PHEO.1",38.14
"38802","D09","PRPO",2022-07-13,"PRPO.20220713.PHYTOPLANKTON.3.CHL/PHEO.1",34.88
"38870","D09","PRPO",2022-05-04,"PRPO.20220504.PHYTOPLANKTON.1.CHL/PHEO.1",50.52
"38884","D09","PRPO",2022-05-04,"PRPO.20220504.PHYTOPLANKTON.3.CHL/PHEO.1",41.86
"38888","D09","PRPO",2022-05-04,"PRPO.20220504.PHYTOPLANKTON.2.CHL/PHEO.1",41.86
"39004","D09","PRPO",2022-09-20,"PRPO.20220920.PHYTOPLANKTON.1.CHL/PHEO.1",55.6
"39017","D09","PRPO",2022-09-20,"PRPO.20220920.PHYTOPLANKTON.3.CHL/PHEO.1",52.1
"39018","D09","PRPO",2022-09-20,"PRPO.20220920.PHYTOPLANKTON.2.CHL/PHEO.1",46.47
"39028","D09","PRPO",2023-05-17,"PRPO.20230517.PHYTOPLANKTON.2.CHL/PHEO.1",27.88
"39068","D09","PRPO",2023-05-17,"PRPO.20230517.PHYTOPLANKTON.1.CHL/PHEO.1",27.1
"39089","D09","PRPO",2023-05-17,"PRPO.20230517.PHYTOPLANKTON.3.CHL/PHEO.1",28.11
"39127","D09","PRPO",2023-07-10,"PRPO.20230710.PHYTOPLANKTON.3.CHL/PHEO.1",82.91
"39132","D09","PRPO",2023-07-10,"PRPO.20230710.PHYTOPLANKTON.2.CHL/PHEO.1",83.51
"39153","D09","PRPO",2023-07-10,"PRPO.20230710.PHYTOPLANKTON.1.CHL/PHEO.1",45.4
"39225","D09","PRPO",2023-09-18,"PRPO.20230918.PHYTOPLANKTON.2.CHL/PHEO.1",69.58
"39235","D09","PRPO",2023-09-18,"PRPO.20230918.PHYTOPLANKTON.3.CHL/PHEO.1",76.15
"39250","D09","PRPO",2023-09-18,"PRPO.20230918.PHYTOPLANKTON.1.CHL/PHEO.1",74.29
"58962","D18","TOOK",2018-06-28,"TOOK.20180628.PHYTOPLANKTON.3.CHL/PHEO.1",1.23
"58963","D18","TOOK",2018-06-28,"TOOK.20180628.PHYTOPLANKTON.2.CHL/PHEO.1",1.81
"59016","D18","TOOK",2018-06-28,"TOOK.20180628.PHYTOPLANKTON.1.CHL/PHEO.1",1.6
"59039","D18","TOOK",2018-08-01,"TOOK.20180801.PHYTOPLANKTON.2.CHL/PHEO.1",0.7
"59047","D18","TOOK",2018-08-01,"TOOK.20180801.PHYTOPLANKTON.1.CHL/PHEO.1",0.71
"59089","D18","TOOK",2018-08-01,"TOOK.20180801.PHYTOPLANKTON.3.CHL/PHEO.1",1.08
"59143","D18","TOOK",2018-09-19,"TOOK.20180919.PHYTOPLANKTON.2.CHL/PHEO.1",0.3
"59149","D18","TOOK",2018-09-19,"TOOK.20180919.PHYTOPLANKTON.1.CHL/PHEO.1",0.59
"59178","D18","TOOK",2018-09-19,"TOOK.20180919.PHYTOPLANKTON.3.CHL/PHEO.1",0.7
"59212","D18","TOOK",2019-06-21,"TOOK.20190621.PHYTOPLANKTON.3.CHL/PHEO.1",1.51
"59229","D18","TOOK",2019-06-21,"TOOK.20190621.PHYTOPLANKTON.1.CHL/PHEO.1",1.96
"59240","D18","TOOK",2019-06-21,"TOOK.20190621.PHYTOPLANKTON.2.CHL/PHEO.1",1.19
"59280","D18","TOOK",2019-07-31,"TOOK.20190731.PHYTOPLANKTON.1.CHL/PHEO.1",1.88
"59281","D18","TOOK",2019-07-31,"TOOK.20190731.PHYTOPLANKTON.2.CHL/PHEO.1",1.57
"59287","D18","TOOK",2019-07-31,"TOOK.20190731.PHYTOPLANKTON.3.CHL/PHEO.1",2.06
"59358","D18","TOOK",2019-09-10,"TOOK.20190910.PHYTOPLANKTON.1.CHL/PHEO.1",1.79
"59380","D18","TOOK",2019-09-10,"TOOK.20190910.PHYTOPLANKTON.3.CHL/PHEO.1",1.71
"59406","D18","TOOK",2019-09-10,"TOOK.20190910.PHYTOPLANKTON.2.CHL/PHEO.1",0.75
"59418","D18","TOOK",2020-08-19,"TOOK.20200819.PHYTOPLANKTON.2.CHL/PHEO.1",1.12
"59436","D18","TOOK",2020-08-19,"TOOK.20200819.PHYTOPLANKTON.1.CHL/PHEO.1",1.56
"59506","D18","TOOK",2020-08-19,"TOOK.20200819.PHYTOPLANKTON.3.CHL/PHEO.1",1.01
"59530","D18","TOOK",2020-07-19,"TOOK.20200719.PHYTOPLANKTON.2.CHL/PHEO.1",1.44
"59567","D18","TOOK",2020-07-19,"TOOK.20200719.PHYTOPLANKTON.3.CHL/PHEO.1",1.16
"59568","D18","TOOK",2020-07-19,"TOOK.20200719.PHYTOPLANKTON.1.CHL/PHEO.1",1.82
"59621","D18","TOOK",2020-09-05,"TOOK.20200905.PHYTOPLANKTON.3.CHL/PHEO.1",1.03
"59624","D18","TOOK",2020-09-05,"TOOK.20200905.PHYTOPLANKTON.1.CHL/PHEO.1",1.33
"59658","D18","TOOK",2020-09-05,"TOOK.20200905.PHYTOPLANKTON.2.CHL/PHEO.1",1.9
"59726","D18","TOOK",2021-07-08,"TOOK.20210708.PHYTOPLANKTON.2.CHL/PHEO.1",1.7
"59759","D18","TOOK",2021-07-08,"TOOK.20210708.PHYTOPLANKTON.1.CHL/PHEO.1",0.62
"59774","D18","TOOK",2021-07-08,"TOOK.20210708.PHYTOPLANKTON.3.CHL/PHEO.1",0.95
"59880","D18","TOOK",2021-07-29,"TOOK.20210729.PHYTOPLANKTON.2.CHL/PHEO.1",2.39
"59886","D18","TOOK",2021-07-29,"TOOK.20210729.PHYTOPLANKTON.3.CHL/PHEO.1",0.92
"59888","D18","TOOK",2021-07-29,"TOOK.20210729.PHYTOPLANKTON.1.CHL/PHEO.1",2.99
"59937","D18","TOOK",2021-09-07,"TOOK.20210907.PHYTOPLANKTON.2.CHL/PHEO.1",0.72
"59949","D18","TOOK",2021-09-07,"TOOK.20210907.PHYTOPLANKTON.1.CHL/PHEO.1",1.4
"60000","D18","TOOK",2021-09-07,"TOOK.20210907.PHYTOPLANKTON.3.CHL/PHEO.1",1.16
"60026","D18","TOOK",2022-06-25,"TOOK.20220625.PHYTOPLANKTON.3.CHL/PHEO.1",3.08
"60067","D18","TOOK",2022-06-25,"TOOK.20220625.PHYTOPLANKTON.1.CHL/PHEO.1",3.18
"60085","D18","TOOK",2022-06-25,"TOOK.20220625.PHYTOPLANKTON.2.CHL/PHEO.1",3.3
"60116","D18","TOOK",2022-09-12,"TOOK.20220912.PHYTOPLANKTON.3.CHL/PHEO.1",6.88
"60127","D18","TOOK",2022-09-12,"TOOK.20220912.PHYTOPLANKTON.1.CHL/PHEO.1",4.04
"60138","D18","TOOK",2022-09-12,"TOOK.20220912.PHYTOPLANKTON.2.CHL/PHEO.1",3.99
"60225","D18","TOOK",2022-08-04,"TOOK.20220804.PHYTOPLANKTON.1.CHL/PHEO.1",4.69
"60234","D18","TOOK",2022-08-04,"TOOK.20220804.PHYTOPLANKTON.2.CHL/PHEO.1",4.49
"60303","D18","TOOK",2022-08-04,"TOOK.20220804.PHYTOPLANKTON.3.CHL/PHEO.1",4.4
"60350","D18","TOOK",2023-07-01,"TOOK.20230701.PHYTOPLANKTON.3.CHL/PHEO.1",7.68
"60357","D18","TOOK",2023-07-01,"TOOK.20230701.PHYTOPLANKTON.2.CHL/PHEO.1",8.18
"60378","D18","TOOK",2023-07-01,"TOOK.20230701.PHYTOPLANKTON.1.CHL/PHEO.1",4.83
"60413","D18","TOOK",2023-07-28,"TOOK.20230728.PHYTOPLANKTON.2.CHL/PHEO.1",5.28
"60465","D18","TOOK",2023-07-28,"TOOK.20230728.PHYTOPLANKTON.3.CHL/PHEO.1",5.18
"60500","D18","TOOK",2023-07-28,"TOOK.20230728.PHYTOPLANKTON.1.CHL/PHEO.1",5.08
"60623","D18","TOOK",2023-09-08,"TOOK.20230908.PHYTOPLANKTON.3.CHL/PHEO.1",7.02
"60654","D18","TOOK",2023-09-08,"TOOK.20230908.PHYTOPLANKTON.2.CHL/PHEO.1",5.94
"60674","D18","TOOK",2023-09-08,"TOOK.20230908.PHYTOPLANKTON.1.CHL/PHEO.1",5.4
"116","D03","BARC",2024-02-14,"BARC.20240214.PHYTOPLANKTON.COMP2.CHL/PHEO.1",0.67
"124","D03","BARC",2024-07-08,"BARC.20240708.PHYTOPLANKTON.COMP2.CHL/PHEO.2",10.86
"125","D03","BARC",2024-07-08,"BARC.20240708.PHYTOPLANKTON.COMP2.CHL/PHEO.1",10.47
"128","D03","BARC",2024-11-13,"BARC.20241113.PHYTOPLANKTON.COMP2.CHL/PHEO.1",3.89
"1331","D03","BARC",2025-02-18,"BARC.20250218.PHYTOPLANKTON.COMP2.CHL/PHEO.1",3.04
"139","D03","BARC",2025-07-29,"BARC.20250729.PHYTOPLANKTON.COMP2.CHL/PHEO.1",1.79
"144","D03","BARC",2025-10-29,"BARC.20251029.PHYTOPLANKTON.COMP2.CHL/PHEO.1",3.62
"1471","D03","BARC",2026-02-09,"BARC.20260209.PHYTOPLANKTON.COMP2.CHL/PHEO.1",0.43
"149","D03","BARC",2026-02-09,"BARC.20260209.PHYTOPLANKTON.COMP2.CHL/PHEO.2",0.37
"151","D03","FLNT",2024-04-02,"FLNT.20240402.PHYTOPLANKTON.COMP2.CHL/PHEO.1",6.14
"161","D03","FLNT",2024-07-17,"FLNT.20240717.PHYTOPLANKTON.COMP2.CHL/PHEO.1",9.29
"166","D03","FLNT",2024-11-05,"FLNT.20241105.PHYTOPLANKTON.COMP2.CHL/PHEO.1",3.48
"171","D03","FLNT",2025-03-18,"FLNT.20250318.PHYTOPLANKTON.COMP2.CHL/PHEO.1",2.31
"173","D03","FLNT",2025-07-22,"FLNT.20250722.PHYTOPLANKTON.COMP2.CHL/PHEO.1",3.46
"179","D03","FLNT",2025-10-07,"FLNT.20251007.PHYTOPLANKTON.COMP2.CHL/PHEO.1",3.03
"182","D03","FLNT",2026-02-24,"FLNT.20260224.PHYTOPLANKTON.COMP2.CHL/PHEO.1",2.06
"183","D03","FLNT",2026-02-24,"FLNT.20260224.PHYTOPLANKTON.COMP2.CHL/PHEO.2",1.78
"188","D03","SUGG",2024-02-12,"SUGG.20240212.PHYTOPLANKTON.COMP2.CHL/PHEO.1",7.5
"194","D03","SUGG",2024-07-08,"SUGG.20240708.PHYTOPLANKTON.COMP2.CHL/PHEO.1",10.41
"202","D03","SUGG",2024-11-12,"SUGG.20241112.PHYTOPLANKTON.COMP2.CHL/PHEO.1",4.27
"203","D03","SUGG",2025-02-18,"SUGG.20250218.PHYTOPLANKTON.COMP2.CHL/PHEO.2",2.3
"208","D03","SUGG",2025-02-18,"SUGG.20250218.PHYTOPLANKTON.COMP2.CHL/PHEO.1",2.31
"210","D03","SUGG",2025-07-29,"SUGG.20250729.PHYTOPLANKTON.COMP2.CHL/PHEO.1",11.18
"216","D03","SUGG",2025-10-28,"SUGG.20251028.PHYTOPLANKTON.COMP2.CHL/PHEO.1",3.95
"220","D03","SUGG",2026-02-09,"SUGG.20260209.PHYTOPLANKTON.COMP2.CHL/PHEO.2",4.98
"222","D03","SUGG",2026-02-09,"SUGG.20260209.PHYTOPLANKTON.COMP2.CHL/PHEO.1",4.61
"319","D05","CRAM",2024-04-22,"CRAM.20240422.PHYTOPLANKTON.COMP2.CHL/PHEO.1",2.94
"321","D05","CRAM",2024-04-22,"CRAM.20240422.PHYTOPLANKTON.COMP2.CHL/PHEO.2",2.98
"330","D05","CRAM",2024-07-11,"CRAM.20240711.PHYTOPLANKTON.COMP2.CHL/PHEO.1",13.25
"332","D05","CRAM",2024-09-16,"CRAM.20240916.PHYTOPLANKTON.COMP2.CHL/PHEO.1",16.29
"339","D05","CRAM",2025-05-27,"CRAM.20250527.PHYTOPLANKTON.COMP2.CHL/PHEO.1",5.54
"347","D05","CRAM",2025-07-10,"CRAM.20250710.PHYTOPLANKTON.COMP2.CHL/PHEO.1",3.17
"353","D05","CRAM",2025-09-15,"CRAM.20250915.PHYTOPLANKTON.COMP2.CHL/PHEO.1",4.49
"356","D05","LIRO",2024-04-15,"LIRO.20240415.PHYTOPLANKTON.COMP2.CHL/PHEO.2",14.31
"360","D05","LIRO",2024-04-15,"LIRO.20240415.PHYTOPLANKTON.COMP2.CHL/PHEO.1",14.8
"363","D05","LIRO",2024-07-22,"LIRO.20240722.PHYTOPLANKTON.COMP2.CHL/PHEO.1",4.24
"367","D05","LIRO",2024-09-09,"LIRO.20240909.PHYTOPLANKTON.COMP2.CHL/PHEO.1",24.9
"378","D05","LIRO",2025-05-19,"LIRO.20250519.PHYTOPLANKTON.COMP2.CHL/PHEO.1",2.92
"380","D05","LIRO",2025-07-21,"LIRO.20250721.PHYTOPLANKTON.COMP2.CHL/PHEO.2",3.4
"384","D05","LIRO",2025-07-21,"LIRO.20250721.PHYTOPLANKTON.COMP2.CHL/PHEO.1",3.6
"389","D05","LIRO",2025-09-08,"LIRO.20250908.PHYTOPLANKTON.COMP2.CHL/PHEO.1",12.08
"537","D08","BLWA",2024-02-27,"BLWA.20240227.PHYTOPLANKTON.COMP2.CHL/PHEO.1",6.42
"543","D08","BLWA",2024-07-23,"BLWA.20240723.PHYTOPLANKTON.COMP2.CHL/PHEO.1",8.58
"547","D08","BLWA",2024-11-11,"BLWA.20241111.PHYTOPLANKTON.COMP2.CHL/PHEO.1",9.99
"556","D08","BLWA",2025-03-25,"BLWA.20250325.PHYTOPLANKTON.COMP2.CHL/PHEO.1",16.32
"5591","D08","BLWA",2025-07-01,"BLWA.20250701.PHYTOPLANKTON.COMP2.CHL/PHEO.1",19.58
"562","D08","BLWA",2025-10-28,"BLWA.20251028.PHYTOPLANKTON.COMP2.CHL/PHEO.1",4.57
"570","D08","BLWA",2026-02-23,"BLWA.20260223.PHYTOPLANKTON.COMP2.CHL/PHEO.1",20.34
"612","D08","TOMB",2024-04-08,"TOMB.20240408.PHYTOPLANKTON.COMP2.CHL/PHEO.1",11.13
"614","D08","TOMB",2024-07-16,"TOMB.20240716.PHYTOPLANKTON.COMP2.CHL/PHEO.1",23.11
"618","D08","TOMB",2024-11-06,"TOMB.20241106.PHYTOPLANKTON.COMP2.CHL/PHEO.1",6.74
"624","D08","TOMB",2025-03-12,"TOMB.20250312.PHYTOPLANKTON.COMP2.CHL/PHEO.1",5.44
"630","D08","TOMB",2025-07-08,"TOMB.20250708.PHYTOPLANKTON.COMP2.CHL/PHEO.1",18.94
"634","D08","TOMB",2025-11-18,"TOMB.20251118.PHYTOPLANKTON.COMP2.CHL/PHEO.1",8.19
"640","D09","PRLA",2024-04-30,"PRLA.20240430.PHYTOPLANKTON.COMP2.CHL/PHEO.1",108.16
"646","D09","PRLA",2024-07-22,"PRLA.20240722.PHYTOPLANKTON.COMP2.CHL/PHEO.1",97.62
"652","D09","PRLA",2024-09-11,"PRLA.20240911.PHYTOPLANKTON.COMP2.CHL/PHEO.1",108.8
"656","D09","PRLA",2025-04-30,"PRLA.20250430.PHYTOPLANKTON.COMP2.CHL/PHEO.1",112.4
"659","D09","PRLA",2025-07-21,"PRLA.20250721.PHYTOPLANKTON.COMP2.CHL/PHEO.2",130.3
"660","D09","PRLA",2025-07-21,"PRLA.20250721.PHYTOPLANKTON.COMP2.CHL/PHEO.1",134.7
"669","D09","PRLA",2025-09-17,"PRLA.20250917.PHYTOPLANKTON.COMP2.CHL/PHEO.1",170.6
"672","D09","PRPO",2024-05-06,"PRPO.20240506.PHYTOPLANKTON.COMP2.CHL/PHEO.1",98.91
"680","D09","PRPO",2024-07-22,"PRPO.20240722.PHYTOPLANKTON.COMP2.CHL/PHEO.1",25.89
"6851","D09","PRPO",2024-09-10,"PRPO.20240910.PHYTOPLANKTON.COMP2.CHL/PHEO.2",66.05
"686","D09","PRPO",2024-09-10,"PRPO.20240910.PHYTOPLANKTON.COMP2.CHL/PHEO.1",59.37
"693","D09","PRPO",2025-05-01,"PRPO.20250501.PHYTOPLANKTON.COMP2.CHL/PHEO.1",13.06
"694","D09","PRPO",2025-05-01,"PRPO.20250501.PHYTOPLANKTON.COMP2.CHL/PHEO.2",14.22
"699","D09","PRPO",2025-07-14,"PRPO.20250714.PHYTOPLANKTON.COMP2.CHL/PHEO.1",17.16
"704","D09","PRPO",2025-09-22,"PRPO.20250922.PHYTOPLANKTON.COMP2.CHL/PHEO.1",28.97
"11521","D18","TOOK",2024-07-05,"TOOK.20240705.PHYTOPLANKTON.COMP2.CHL/PHEO.1",3.93
"1153","D18","TOOK",2024-07-05,"TOOK.20240705.PHYTOPLANKTON.COMP2.CHL/PHEO.2",3.73
"11601","D18","TOOK",2024-08-03,"TOOK.20240803.PHYTOPLANKTON.COMP2.CHL/PHEO.1",4.08
"1165","D18","TOOK",2024-09-04,"TOOK.20240904.PHYTOPLANKTON.COMP2.CHL/PHEO.1",5.18
"1169","D18","TOOK",2025-07-09,"TOOK.20250709.PHYTOPLANKTON.COMP2.CHL/PHEO.2",3.41
"1170","D18","TOOK",2025-07-09,"TOOK.20250709.PHYTOPLANKTON.COMP2.CHL/PHEO.1",3.66
"11741","D18","TOOK",2025-08-02,"TOOK.20250802.PHYTOPLANKTON.COMP2.CHL/PHEO.1",1.05
"1179","D18","TOOK",2025-09-10,"TOOK.20250910.PHYTOPLANKTON.COMP2.CHL/PHEO.1",1.58
