siteID,year,month,n_samples,chl_mean,chl_sd,chl_min,chl_max
BARC,2018,2,4,1.2325,0.11842719282327013,1.09,1.33
BARC,2018,7,4,2.6475,0.7816808811785023,1.81,3.4
BARC,2019,2,4,1.2175,0.034034296427770255,1.19,1.26
BARC,2019,7,4,1.4475,0.19362764954072717,1.29,1.73
BARC,2020,7,4,1.6749999999999998,0.4095932942159413,1.15,2.15
BARC,2021,2,4,0.77,0.4699645376692444,0.32,1.21
BARC,2021,7,4,0.96,0.19200694431886223,0.81,1.24
BARC,2021,11,3,2.75,0.690724257573165,2.26,3.54
BARC,2022,7,3,1.0866666666666667,0.2821937868439582,0.89,1.41
BARC,2022,11,3,1.5866666666666667,0.20404247923737193,1.41,1.81
BARC,2023,2,3,1.1,0.3551056180912941,0.89,1.51
BARC,2024,2,1,0.67,NA,0.67,0.67
BARC,2024,7,2,10.665,0.27577164466275267,10.47,10.86
CRAM,2018,5,3,3.35,0.262106848441623,3.06,3.57
CRAM,2018,7,3,3.736666666666667,0.44523402086243763,3.3,4.19
CRAM,2019,5,4,1.8975,1.3182406204230444,1.03,3.86
CRAM,2019,7,3,2.716666666666667,0.30664855018951787,2.52,3.07
CRAM,2019,9,4,3.5025,0.4900595201945713,2.84,3.98
CRAM,2020,6,4,2.25,1.2227291877871678,1.54,4.08
CRAM,2020,7,4,1.94,0.9584362263604188,1.1,2.77
CRAM,2020,9,3,4.906666666666666,1.2413433583555091,3.48,5.74
CRAM,2021,4,3,2.9833333333333334,0.32347076117221696,2.61,3.18
CRAM,2021,7,3,2.0700000000000003,0.20074859899884728,1.84,2.21
CRAM,2021,9,3,10.5,7.48414323753895,4.08,18.72
CRAM,2022,5,3,13.243333333333334,2.169615941436026,11.16,15.49
CRAM,2022,7,3,3.64,1.3098473193468008,2.67,5.13
CRAM,2022,9,3,15.83,1.9147062437878046,14.54,18.03
CRAM,2023,5,3,12.153333333333332,2.4865705968931056,9.54,14.49
CRAM,2023,7,3,3.7600000000000002,0.44192759587968733,3.28,4.15
CRAM,2023,9,3,14.556666666666667,2.319532998974865,11.94,16.36
CRAM,2024,4,2,2.96,0.028284271247461926,2.94,2.98
CRAM,2024,7,1,13.25,NA,13.25,13.25
CRAM,2024,9,1,16.29,NA,16.29,16.29
LIRO,2018,5,3,3.6333333333333333,1.9429445008371529,2.14,5.83
LIRO,2018,7,3,1.9066666666666665,0.7587050371081855,1.41,2.78
LIRO,2019,5,3,5.24,3.2121488134891885,2.94,8.91
LIRO,2019,7,3,7.363333333333333,7.7483568150501,2.82,16.31
LIRO,2019,9,3,5.5,5.213626377100683,2.45,11.52
LIRO,2020,6,4,2.185,0.5082322303829225,1.84,2.94
LIRO,2020,7,4,7.137499999999999,7.103639325491312,3.38,17.79
LIRO,2020,9,4,7.3675,5.58415839675058,2.38,12.41
LIRO,2021,4,3,2.74,0.4371498598878878,2.39,3.23
LIRO,2021,7,3,1.8933333333333333,0.1305118130030125,1.77,2.03
LIRO,2021,9,3,5.026666666666666,5.042274618992239,1.84,10.84
LIRO,2022,5,3,3,1.3163586137523464,2.24,4.52
LIRO,2022,7,3,6.156666666666667,1.5350678595206575,4.4,7.24
LIRO,2022,9,3,12.976666666666667,3.045411849542411,11.09,16.49
LIRO,2023,5,3,2.2733333333333334,0.6506407098647712,1.64,2.94
LIRO,2023,7,3,8.163333333333334,0.45763886781318447,7.78,8.67
LIRO,2023,9,3,18.133333333333333,5.07042733241818,14.18,23.85
LIRO,2024,4,2,14.555,0.34648232278140845,14.31,14.8
LIRO,2024,7,1,4.24,NA,4.24,4.24
LIRO,2024,9,1,24.9,NA,24.9,24.9
PRLA,2018,5,3,139.3,15.239360222791513,121.85,149.99
PRLA,2018,7,3,160.57666666666665,8.626472821109067,151.29,168.34
PRLA,2018,9,3,201.87,11.228659759739802,189.03,209.85
PRLA,2019,4,3,21.943333333333335,21.992390350603852,7.79,47.28
PRLA,2019,7,3,2.27,0.3616628264005025,1.89,2.61
PRLA,2019,9,3,3.6833333333333336,2.1350956262737584,2.14,6.12
PRLA,2020,6,3,3.0033333333333334,0.38888730158406226,2.74,3.45
PRLA,2021,4,3,19.30666666666667,0.6274020507882756,18.91,20.03
PRLA,2021,7,3,66.46000000000001,1.5301307133705964,65.25,68.18
PRLA,2021,9,3,39.58,31.009616250447216,3.8,58.67
PRLA,2022,4,3,41.446666666666665,9.787427309223467,33.88,52.5
PRLA,2022,9,3,67.10666666666667,2.0603964019900003,65.34,69.37
PRLA,2023,5,3,43.63,1.196160524344456,42.29,44.59
PRLA,2023,7,3,16.986666666666665,1.9815482162524667,14.7,18.2
PRLA,2023,9,3,33.39666666666667,5.63118400812239,26.9,36.88
PRLA,2024,4,1,108.16,NA,108.16,108.16
PRLA,2024,7,1,97.62,NA,97.62,97.62
PRLA,2024,9,1,108.8,NA,108.8,108.8
PRPO,2018,5,3,41.18,10.107289448709777,33.09,52.51
PRPO,2018,7,3,30.91,12.233613529942817,19.67,43.94
PRPO,2018,9,4,21.1525,1.9203189839190782,19.02,23.41
PRPO,2019,4,3,33.39,4.033447656781974,29.18,37.22
PRPO,2019,7,3,44.86666666666667,37.08581579705822,4.2,76.82
PRPO,2019,9,3,85.96666666666667,67.55277961219164,33.13,162.08
PRPO,2020,6,3,17.380000000000003,16.228706048234407,6.75,36.06
PRPO,2020,9,3,16.096666666666668,1.8803811670332518,14.68,18.23
PRPO,2021,4,3,8.816666666666666,2.2613344143079175,7.34,11.42
PRPO,2021,7,3,31.973333333333333,31.325755111941568,12.04,68.08
PRPO,2021,9,3,31.93,16.093548396795534,13.76,44.39
PRPO,2022,5,3,44.74666666666667,4.999853331182162,41.86,50.52
PRPO,2022,7,3,33.373333333333335,5.672118945626346,27.1,38.14
PRPO,2022,9,3,51.39,4.606224050130433,46.47,55.6
PRPO,2023,5,3,27.696666666666665,0.5293706955747853,27.1,28.11
PRPO,2023,7,3,70.60666666666667,21.831675000634593,45.4,83.51
PRPO,2023,9,3,73.34,3.386458326925053,69.58,76.15
PRPO,2024,5,1,98.91,NA,98.91,98.91
PRPO,2024,7,1,25.89,NA,25.89,25.89
PRPO,2024,9,2,62.709999999999994,4.723473298326137,59.37,66.05
SUGG,2017,11,3,0.04333333333333333,0.1903505538035898,-0.14,0.24
SUGG,2018,2,4,0.645,0.18699376103674334,0.39,0.84
SUGG,2018,7,4,2.0975,0.9963391323573849,1.32,3.56
SUGG,2019,2,4,0.865,0.5873386303204197,0.32,1.69
SUGG,2019,7,4,1.7799999999999998,0.3510935297989221,1.53,2.3
SUGG,2020,7,4,3.6425,0.5389727884287543,3.11,4.16
SUGG,2021,2,4,0.9525,0.078049129826454,0.86,1.05
SUGG,2021,6,3,2.7033333333333336,0.1858314648635513,2.49,2.83
SUGG,2022,7,3,7.97,1.4082258341615526,6.51,9.32
SUGG,2022,10,3,1.7866666666666666,0.4483674088661367,1.43,2.29
SUGG,2023,2,3,2.06,0.48538644398046393,1.76,2.62
SUGG,2024,2,1,7.5,NA,7.5,7.5
SUGG,2024,7,1,10.41,NA,10.41,10.41
TOOK,2018,6,3,1.5466666666666666,0.29365512652316045,1.23,1.81
TOOK,2018,8,3,0.83,0.21656407827707722,0.7,1.08
TOOK,2018,9,3,0.53,0.20663978319771822,0.3,0.7
TOOK,2019,6,3,1.5533333333333332,0.38682468035704926,1.19,1.96
TOOK,2019,7,3,1.8366666666666667,0.24785748593361737,1.57,2.06
TOOK,2019,9,3,1.4166666666666667,0.5787342510456188,0.75,1.79
TOOK,2020,7,3,1.4733333333333334,0.33126021996812927,1.16,1.82
TOOK,2020,8,3,1.23,0.291032644217105,1.01,1.56
TOOK,2020,9,3,1.42,0.441927595879687,1.03,1.9
TOOK,2021,7,6,1.595,0.939292286777657,0.62,2.99
TOOK,2021,9,3,1.0933333333333333,0.3448671241700683,0.72,1.4
TOOK,2022,6,3,3.1866666666666665,0.11015141094572191,3.08,3.3
TOOK,2022,8,3,4.526666666666667,0.14843629385474882,4.4,4.69
TOOK,2022,9,3,4.97,1.6542974339579928,3.99,6.88
TOOK,2023,7,6,6.038333333333333,1.4813563604570867,4.83,8.18
TOOK,2023,9,3,6.12,0.8248636250920507,5.4,7.02
TOOK,2024,8,1,4.08,NA,4.08,4.08
TOOK,2024,9,1,5.18,NA,5.18,5.18
