siteID,namedLocation,year,month,date,n_samples,n_taxa,mean_body_length,sd_body_length,max_body_length,mean_body_width,mean_count_per_liter,temp_mean_monthly,temp_sd_monthly,temp_max_monthly,temp_min_monthly,n_days_temp,has_temperature
BARC,BARC.AOS.buoy.c0,2014,7,2014-07-01,11,11,0.343,NA,0.38963636363636367,NA,1.2973954055271455,NA,NA,NA,NA,NA,FALSE
BARC,BARC.AOS.littoral1,2014,7,2014-07-01,10,10,0.3993,NA,0.43489999999999995,NA,3.8188736681887363,NA,NA,NA,NA,NA,FALSE
BARC,BARC.AOS.littoral2,2014,7,2014-07-01,15,15,0.3247333333333333,NA,0.3390666666666667,NA,6.816666666666666,NA,NA,NA,NA,NA,FALSE
BARC,BARC.AOS.buoy.c0,2015,2,2015-02-01,13,13,0.4304,NA,0.4762,NA,0.24236037934668073,NA,NA,NA,NA,NA,FALSE
BARC,BARC.AOS.littoral1,2015,2,2015-02-01,13,13,0.42491666666666666,NA,0.4698333333333333,NA,0.28146587050696636,NA,NA,NA,NA,NA,FALSE
BARC,BARC.AOS.littoral2,2015,2,2015-02-01,9,9,0.2431111111111111,NA,0.2748888888888889,NA,0.7592592592592593,NA,NA,NA,NA,NA,FALSE
BARC,BARC.AOS.buoy.c0,2017,6,2017-06-01,12,12,0.26416666666666666,NA,0.32499999999999996,0.08,9.132420091324201,NA,NA,NA,NA,NA,FALSE
BARC,BARC.AOS.littoral1,2017,6,2017-06-01,17,17,0.2011764705882353,NA,0.21941176470588236,0.08,2.6446078431372553,NA,NA,NA,NA,NA,FALSE
BARC,BARC.AOS.littoral2,2017,6,2017-06-01,20,20,0.24100000000000002,NA,0.2785,0.07,5.510416666666667,NA,NA,NA,NA,NA,FALSE
BARC,BARC.AOS.buoy.c0,2017,10,2017-10-01,18,18,0.3511111111111111,NA,0.39722222222222225,0.07,3.815084348046677,27.174624084877603,1.9183524236765457,30.96,22.01,31,TRUE
BARC,BARC.AOS.littoral1,2017,10,2017-10-01,20,20,0.2455,NA,0.27049999999999996,0.065,3.35,27.174624084877603,1.9183524236765457,30.96,22.01,31,TRUE
BARC,BARC.AOS.littoral2,2017,10,2017-10-01,21,21,0.2652380952380953,NA,0.29,0.065,5.158730158730158,27.174624084877603,1.9183524236765457,30.96,22.01,31,TRUE
BARC,BARC.AOS.buoy.c0,2018,2,2018-02-01,11,11,0.509090909090909,NA,0.6554545454545454,NA,4.206165654306555,NA,NA,NA,NA,NA,FALSE
BARC,BARC.AOS.littoral1,2018,2,2018-02-01,12,12,0.3325,NA,0.39666666666666667,NA,20.34722222222222,NA,NA,NA,NA,NA,FALSE
BARC,BARC.AOS.littoral2,2018,2,2018-02-01,21,21,0.28650000000000003,NA,0.338,0.065,6.001322751322752,NA,NA,NA,NA,NA,FALSE
BARC,BARC.AOS.buoy.c0,2018,7,2018-07-01,11,11,0.47,NA,0.5781818181818181,NA,4.745874844333748,NA,NA,NA,NA,NA,FALSE
BARC,BARC.AOS.littoral1,2018,7,2018-07-01,17,17,0.3688235294117647,NA,0.43470588235294116,NA,3.218954248366013,NA,NA,NA,NA,NA,FALSE
BARC,BARC.AOS.littoral2,2018,7,2018-07-01,11,11,0.34,NA,0.3418181818181818,NA,12.272727272727273,NA,NA,NA,NA,NA,FALSE
BARC,BARC.AOS.buoy.c0,2018,10,2018-10-01,11,11,0.5390909090909091,NA,0.6609090909090909,NA,5.182637060023092,NA,NA,NA,NA,NA,FALSE
BARC,BARC.AOS.littoral1,2018,10,2018-10-01,15,15,0.44,NA,0.5233333333333333,NA,6.24202450686469,NA,NA,NA,NA,NA,FALSE
BARC,BARC.AOS.littoral2,2018,10,2018-10-01,16,16,0.41875,NA,0.505625,0.05,4.168366470562975,NA,NA,NA,NA,NA,FALSE
BARC,BARC.AOS.buoy.c0,2019,2,2019-02-01,16,16,0.4604375,NA,0.58125,0.075,2.844510325086894,19.008817677342144,2.3855133645331295,24.57,13.97,28,TRUE
BARC,BARC.AOS.littoral1,2019,2,2019-02-01,16,16,0.45106250000000003,NA,0.5296875,0.05,2.027071102413568,19.008817677342144,2.3855133645331295,24.57,13.97,28,TRUE
BARC,BARC.AOS.littoral2,2019,2,2019-02-01,15,15,0.3319333333333333,NA,0.36666666666666664,0.05,2.1635138073494233,19.008817677342144,2.3855133645331295,24.57,13.97,28,TRUE
BARC,BARC.AOS.buoy.c0,2019,7,2019-07-01,12,12,0.4630833333333333,NA,0.5708333333333333,NA,6.786090621707061,31.772596698775118,0.6703328272919015,33.97,30.01,31,TRUE
BARC,BARC.AOS.littoral1,2019,7,2019-07-01,15,15,0.4156666666666667,NA,0.48833333333333334,NA,2.3768645357686453,31.772596698775118,0.6703328272919015,33.97,30.01,31,TRUE
BARC,BARC.AOS.littoral2,2019,7,2019-07-01,11,11,0.4672727272727273,NA,0.5681818181818182,NA,13.520725849492973,31.772596698775118,0.6703328272919015,33.97,30.01,31,TRUE
BARC,BARC.AOS.buoy.c0,2019,10,2019-10-01,10,10,0.4863,NA,0.605,0.05,3.1963470319634704,27.42080335661556,1.0731086730081572,29.98,25.67,28,TRUE
BARC,BARC.AOS.littoral2,2019,10,2019-10-01,14,14,0.41475,NA,0.4830357142857143,NA,4.410714285714286,27.42080335661556,1.0731086730081572,29.98,25.67,28,TRUE
BARC,BARC.AOS.buoy.c1,2020,2,2020-02-01,13,13,0.5046153846153846,NA,0.6057692307692307,0.05,10.824025289778714,17.714569129008517,1.5191043412353025,22.21,15.12,25,TRUE
BARC,BARC.AOS.littoral1,2020,2,2020-02-01,13,13,0.456,NA,0.5346153846153846,NA,1.3846153846153846,17.714569129008517,1.5191043412353025,22.21,15.12,25,TRUE
BARC,BARC.AOS.littoral2,2020,2,2020-02-01,22,22,0.3533181818181818,NA,0.40454545454545454,0.05,0.8371212121212122,17.714569129008517,1.5191043412353025,22.21,15.12,25,TRUE
BARC,BARC.AOS.buoy.c0,2020,7,2020-07-01,15,15,0.44193333333333334,NA,0.525,0.0625,11.364789446981227,31.456411290322592,0.4976336617560376,33.2,29.94,31,TRUE
BARC,BARC.AOS.littoral1,2020,7,2020-07-01,21,21,0.3689047619047619,NA,0.4107142857142857,0.0625,2.1706349206349205,31.456411290322592,0.4976336617560376,33.2,29.94,31,TRUE
BARC,BARC.AOS.littoral2,2020,7,2020-07-01,20,20,0.2809,NA,0.33125,0.05,3.2083333333333335,31.456411290322592,0.4976336617560376,33.2,29.94,31,TRUE
BARC,BARC.AOS.buoy.c0,2020,10,2020-10-01,10,10,0.8796999999999999,NA,1.11,0.075,11.85458377239199,27.017940379946808,0.6751465999430452,29.32,25.02,31,TRUE
BARC,BARC.AOS.littoral1,2020,10,2020-10-01,10,10,0.5524,NA,0.635,NA,10.666666666666666,27.017940379946808,0.6751465999430452,29.32,25.02,31,TRUE
BARC,BARC.AOS.littoral2,2020,10,2020-10-01,13,13,0.43638461538461537,NA,0.5192307692307693,0.05,7.628205128205128,27.017940379946808,0.6751465999430452,29.32,25.02,31,TRUE
BARC,BARC.AOS.buoy.c0,2021,2,2021-02-01,13,13,0.41925,NA,0.4979166666666667,0.0505,11.258634820278656,17.82333042184265,2.0027502413949128,21.73,14.19,28,TRUE
BARC,BARC.AOS.littoral1,2021,2,2021-02-01,20,20,0.32215,NA,0.35875,0.07,2.333333333333334,17.82333042184265,2.0027502413949128,21.73,14.19,28,TRUE
BARC,BARC.AOS.littoral2,2021,2,2021-02-01,12,12,0.3585,NA,0.38333333333333336,NA,1.28125,17.82333042184265,2.0027502413949128,21.73,14.19,28,TRUE
BARC,BARC.AOS.buoy.c0,2021,7,2021-07-01,12,12,0.5235,NA,0.6125,0.05,3.6621004566210047,30.275979641013386,1.1989004610092873,32.72,27.63,31,TRUE
BARC,BARC.AOS.littoral1,2021,7,2021-07-01,18,18,0.36872222222222223,NA,0.43472222222222223,NA,2.1064814814814814,30.275979641013386,1.1989004610092873,32.72,27.63,31,TRUE
BARC,BARC.AOS.littoral2,2021,7,2021-07-01,20,20,0.4065,NA,0.455,0.075,1.8687500000000001,30.275979641013386,1.1989004610092873,32.72,27.63,31,TRUE
BARC,BARC.AOS.buoy.c0,2021,11,2021-11-01,17,17,0.3428235294117647,NA,0.39,0.07954545454545454,1.8121586534157041,20.16997000591016,1.6459115924558168,24.3,17.29,30,TRUE
BARC,BARC.AOS.littoral1,2021,11,2021-11-01,8,8,0.56875,NA,0.56875,0.05,3.4375,20.16997000591016,1.6459115924558168,24.3,17.29,30,TRUE
BARC,BARC.AOS.littoral2,2021,11,2021-11-01,7,7,0.29857142857142854,NA,0.32857142857142857,0.0625,1.976190476190476,20.16997000591016,1.6459115924558168,24.3,17.29,30,TRUE
BARC,BARC.AOS.buoy.c0,2022,2,2022-02-01,11,11,0.5181818181818182,NA,0.5909090909090909,0.078,1.4379217469373573,17.133040025334164,2.579088782900031,23.14,13.07,28,TRUE
BARC,BARC.AOS.littoral1,2022,2,2022-02-01,7,7,0.3952857142857143,NA,0.4928571428571428,0.0775,0.5833333333333334,17.133040025334164,2.579088782900031,23.14,13.07,28,TRUE
BARC,BARC.AOS.littoral2,2022,2,2022-02-01,13,13,0.5051538461538462,NA,0.5615384615384615,0.1285714285714286,2.3397435897435894,17.133040025334164,2.579088782900031,23.14,13.07,28,TRUE
BARC,BARC.AOS.buoy.c0,2022,7,2022-07-01,7,7,0.669,NA,0.8,NA,0.9957407620582479,31.67432046323587,0.43225818331561877,34.02,30.59,31,TRUE
BARC,BARC.AOS.littoral1,2022,7,2022-07-01,7,7,0.5242857142857142,NA,0.5599999999999999,0.07,2.5714285714285716,31.67432046323587,0.43225818331561877,34.02,30.59,31,TRUE
BARC,BARC.AOS.littoral2,2022,7,2022-07-01,6,6,0.6776666666666666,NA,0.8,NA,12.916666666666668,31.67432046323587,0.43225818331561877,34.02,30.59,31,TRUE
BARC,BARC.AOS.buoy.c0,2022,11,2022-11-01,11,11,0.3986363636363636,NA,0.44181818181818183,0.065,0.2646326276463263,22.10460031974779,2.067819173760429,25.84,18.39,30,TRUE
BARC,BARC.AOS.littoral1,2022,11,2022-11-01,13,13,0.4086923076923077,NA,0.4330769230769231,0.0825,1.269230769230769,22.10460031974779,2.067819173760429,25.84,18.39,30,TRUE
BARC,BARC.AOS.littoral2,2022,11,2022-11-01,12,12,0.30233333333333334,NA,0.3516666666666667,0.074375,0.5972222222222222,22.10460031974779,2.067819173760429,25.84,18.39,30,TRUE
BARC,BARC.AOS.buoy.c0,2023,2,2023-02-01,12,12,0.55,NA,0.65,0.07,1.887453300124533,19.942928400856395,1.6066825403664817,24.42,17.48,28,TRUE
BARC,BARC.AOS.littoral1,2023,2,2023-02-01,11,11,0.4863636363636364,NA,0.5318181818181819,0.06333333333333334,1.143939393939394,19.942928400856395,1.6066825403664817,24.42,17.48,28,TRUE
BARC,BARC.AOS.littoral2,2023,2,2023-02-01,8,8,0.369625,NA,0.4375,0.06666666666666667,0.5729166666666667,19.942928400856395,1.6066825403664817,24.42,17.48,28,TRUE
BARC,BARC.AOS.buoy.c0,2023,6,2023-06-01,9,9,0.6092222222222222,NA,0.7444444444444445,0.05,1.5079112243814379,29.023759765590963,0.9533483814380855,32.1,27.2,30,TRUE
BARC,BARC.AOS.littoral1,2023,6,2023-06-01,7,7,0.479,NA,0.5599999999999999,0.05,2.25,29.023759765590963,0.9533483814380855,32.1,27.2,30,TRUE
BARC,BARC.AOS.littoral2,2023,6,2023-06-01,8,8,0.5375,NA,0.6,0.055,2.84375,29.023759765590963,0.9533483814380855,32.1,27.2,30,TRUE
BARC,BARC.AOS.buoy.c0,2023,11,2023-11-01,10,10,0.31,NA,0.445,0.12333333333333334,1.36986301369863,21.4979896616766,1.3025112875250777,25.54,17.47,30,TRUE
BARC,BARC.AOS.littoral1,2023,11,2023-11-01,10,10,0.219,NA,0.312,0.07714285714285715,3.972222222222222,21.4979896616766,1.3025112875250777,25.54,17.47,30,TRUE
BARC,BARC.AOS.littoral2,2023,11,2023-11-01,8,8,0.28375,NA,0.3075,0.09166666666666667,2.6284722222222223,21.4979896616766,1.3025112875250777,25.54,17.47,30,TRUE
BARC,BARC.AOS.buoy.c0,2024,2,2024-02-01,10,10,0.28200000000000003,NA,0.429,0.14142857142857143,2.545143212951432,16.94543905307984,0.7680451219477512,19.14,15.49,29,TRUE
BARC,BARC.AOS.littoral1,2024,2,2024-02-01,13,13,0.28846153846153844,NA,0.4246153846153846,0.09,5.02991452991453,16.94543905307984,0.7680451219477512,19.14,15.49,29,TRUE
BARC,BARC.AOS.littoral2,2024,2,2024-02-01,8,8,0.23374999999999999,NA,0.36,0.06,3.5902777777777777,16.94543905307984,0.7680451219477512,19.14,15.49,29,TRUE
BARC,BARC.AOS.buoy.c0,2024,7,2024-07-01,6,6,0.37333333333333335,NA,0.5499999999999999,0.07,5.3816046966731905,31.697217861299283,0.32140081421738426,33.55,30.39,31,TRUE
BARC,BARC.AOS.littoral1,2024,7,2024-07-01,10,10,0.399,NA,0.498,0.07200000000000001,1.1444444444444444,31.697217861299283,0.32140081421738426,33.55,30.39,31,TRUE
BARC,BARC.AOS.littoral2,2024,7,2024-07-01,3,3,0.45666666666666667,NA,0.61,NA,2.833333333333333,31.697217861299283,0.32140081421738426,33.55,30.39,31,TRUE
BARC,BARC.AOS.buoy.c0,2024,10,2024-10-01,8,8,0.45749999999999996,NA,0.52,0.07,4.251634495641346,25.98495731710167,2.326206102222627,31.4,22.63,31,TRUE
BARC,BARC.AOS.littoral1,2024,10,2024-10-01,10,10,0.2774,NA,0.3172,0.08885714285714286,3.25,25.98495731710167,2.326206102222627,31.4,22.63,31,TRUE
BARC,BARC.AOS.littoral2,2024,10,2024-10-01,8,8,0.2625,NA,0.30125,0.060000000000000005,0.3125,25.98495731710167,2.326206102222627,31.4,22.63,31,TRUE
CRAM,CRAM.AOS.littoral1,2015,5,2015-05-01,9,9,0.2802222222222222,NA,0.2995555555555556,0.08666666666666667,14.356481481481481,NA,NA,NA,NA,NA,FALSE
CRAM,CRAM.AOS.littoral2,2015,5,2015-05-01,10,10,0.33055555555555555,NA,0.39555555555555555,0.066,23.937499999999993,NA,NA,NA,NA,NA,FALSE
CRAM,CRAM.AOS.buoy.c0,2015,7,2015-07-01,22,22,0.3749090909090909,NA,0.4809090909090909,0.10545454545454545,1.1353719846870531,NA,NA,NA,NA,NA,FALSE
CRAM,CRAM.AOS.littoral1,2015,7,2015-07-01,19,19,0.4097222222222222,NA,0.45,0.11666666666666667,7.9298245614035086,NA,NA,NA,NA,NA,FALSE
CRAM,CRAM.AOS.littoral2,2015,7,2015-07-01,14,14,0.3879285714285714,NA,0.4645714285714286,0.07200000000000001,18.904761904761905,NA,NA,NA,NA,NA,FALSE
CRAM,CRAM.AOS.buoy.c0,2015,9,2015-09-01,16,16,0.431375,NA,0.6224999999999999,0.09333333333333334,0.7011272831050228,NA,NA,NA,NA,NA,FALSE
CRAM,CRAM.AOS.littoral1,2015,9,2015-09-01,18,18,0.3211176470588235,NA,0.34941176470588237,0.1125,3.574074074074074,NA,NA,NA,NA,NA,FALSE
CRAM,CRAM.AOS.littoral2,2015,9,2015-09-01,17,17,0.24525,NA,0.26625,0.101,1.8431372549019607,NA,NA,NA,NA,NA,FALSE
CRAM,CRAM.AOS.buoy.c0,2016,4,2016-04-01,17,17,0.5075833333333333,NA,0.5916666666666667,0.135,6.943647596024712,NA,NA,NA,NA,NA,FALSE
CRAM,CRAM.AOS.littoral1,2016,4,2016-04-01,13,13,0.27184615384615385,NA,0.3150769230769231,0.089,61.996794871794876,NA,NA,NA,NA,NA,FALSE
CRAM,CRAM.AOS.littoral2,2016,4,2016-04-01,10,10,0.2344,NA,0.25,0.1,0.6291666666666667,NA,NA,NA,NA,NA,FALSE
CRAM,CRAM.AOS.buoy.c0,2017,5,2017-05-01,18,18,0.3431111111111111,NA,0.3680555555555556,0.08,2.4287671232876713,NA,NA,NA,NA,NA,FALSE
CRAM,CRAM.AOS.littoral1,2017,5,2017-05-01,8,8,0.242875,NA,0.26875,0.09,10.25,NA,NA,NA,NA,NA,FALSE
CRAM,CRAM.AOS.littoral2,2017,5,2017-05-01,9,9,0.18344444444444444,NA,0.20833333333333334,0.08,7.828703703703704,NA,NA,NA,NA,NA,FALSE
CRAM,CRAM.AOS.buoy.c0,2017,7,2017-07-01,17,17,0.18352941176470589,NA,0.20470588235294118,0.07,7.712674110740187,NA,NA,NA,NA,NA,FALSE
CRAM,CRAM.AOS.littoral1,2017,7,2017-07-01,12,12,0.19666666666666666,NA,0.33416666666666667,0.060000000000000005,19.517361111111114,NA,NA,NA,NA,NA,FALSE
CRAM,CRAM.AOS.littoral2,2017,7,2017-07-01,14,14,0.35500000000000004,NA,0.38357142857142856,0.060000000000000005,14.866071428571427,NA,NA,NA,NA,NA,FALSE
CRAM,CRAM.AOS.buoy.c0,2017,9,2017-09-01,17,17,0.6541176470588236,NA,0.6747058823529412,0.08666666666666667,1.994090786999731,19.562162670724614,1.1362891371452826,21.97,17.13,20,TRUE
CRAM,CRAM.AOS.littoral1,2017,9,2017-09-01,12,12,0.23,NA,0.2525,0.09,47.145833333333336,19.562162670724614,1.1362891371452826,21.97,17.13,20,TRUE
CRAM,CRAM.AOS.littoral2,2017,9,2017-09-01,18,18,0.2570588235294118,NA,0.29000000000000004,0.09,5.8842592592592595,19.562162670724614,1.1362891371452826,21.97,17.13,20,TRUE
CRAM,CRAM.AOS.buoy.c0,2018,5,2018-05-01,20,20,0.33210526315789474,NA,0.3505263157894737,0.0825,0.8740011415525114,22.53991481208853,1.8157236862365747,25.61,19.29,7,TRUE
CRAM,CRAM.AOS.littoral1,2018,5,2018-05-01,20,20,0.28578947368421054,NA,0.30526315789473685,0.08,41.93958333333333,22.53991481208853,1.8157236862365747,25.61,19.29,7,TRUE
CRAM,CRAM.AOS.littoral2,2018,5,2018-05-01,17,17,0.25375,NA,0.265625,0.11333333333333333,6.828431372549019,22.53991481208853,1.8157236862365747,25.61,19.29,7,TRUE
CRAM,CRAM.AOS.buoy.c0,2018,7,2018-07-01,18,18,0.2911111111111111,NA,0.3005555555555556,0.07200000000000001,12.892982732378103,24.547423858433223,1.1184674852557188,26.92,21.72,31,TRUE
CRAM,CRAM.AOS.littoral1,2018,7,2018-07-01,10,10,0.187,NA,0.194,0.06666666666666667,38.6,24.547423858433223,1.1184674852557188,26.92,21.72,31,TRUE
CRAM,CRAM.AOS.littoral2,2018,7,2018-07-01,12,12,0.15916666666666668,NA,0.17583333333333334,0.06666666666666667,32.42129629629629,24.547423858433223,1.1184674852557188,26.92,21.72,31,TRUE
CRAM,CRAM.AOS.buoy.c0,2018,10,2018-10-01,15,15,0.8013333333333332,NA,0.8273333333333334,0.06666666666666667,0.420882800608828,12.8547931184669,0.7366414333803065,14.21,11.64,7,TRUE
CRAM,CRAM.AOS.littoral1,2018,10,2018-10-01,17,17,0.23294117647058823,NA,0.24,0.05,16.544117647058822,12.8547931184669,0.7366414333803065,14.21,11.64,7,TRUE
CRAM,CRAM.AOS.littoral2,2018,10,2018-10-01,13,13,0.26384615384615384,NA,0.2792307692307692,0.05,17.76282051282051,12.8547931184669,0.7366414333803065,14.21,11.64,7,TRUE
CRAM,CRAM.AOS.buoy.c0,2019,5,2019-05-01,21,21,0.2793333333333333,NA,0.30404761904761907,0.07175000000000001,1.596192408977797,11.37503258290688,3.1421000594064337,18.29,5.19,31,TRUE
CRAM,CRAM.AOS.littoral1,2019,5,2019-05-01,15,15,0.19113333333333335,NA,0.21233333333333332,0.06766666666666667,11.666666666666666,11.37503258290688,3.1421000594064337,18.29,5.19,31,TRUE
CRAM,CRAM.AOS.littoral2,2019,5,2019-05-01,14,14,0.2282857142857143,NA,0.23464285714285715,0.06433333333333334,23.80952380952381,11.37503258290688,3.1421000594064337,18.29,5.19,31,TRUE
CRAM,CRAM.AOS.buoy.c1,2019,7,2019-07-01,22,22,0.33485714285714285,NA,0.35000000000000003,0.07,10.219369671424465,24.92025460815172,0.6821059267333234,27.37,23.01,31,TRUE
CRAM,CRAM.AOS.littoral1,2019,7,2019-07-01,9,9,0.1438888888888889,NA,0.15277777777777776,0.0625,37.777777777777786,24.92025460815172,0.6821059267333234,27.37,23.01,31,TRUE
CRAM,CRAM.AOS.littoral2,2019,7,2019-07-01,11,11,0.1450909090909091,NA,0.15454545454545454,0.0625,79.69696969696969,24.92025460815172,0.6821059267333234,27.37,23.01,31,TRUE
CRAM,CRAM.AOS.buoy.c1,2019,9,2019-09-01,18,18,0.5905294117647059,NA,0.6279411764705882,0.075,2.5505544683626877,18.017085971268745,1.1907741965725491,20.98,15.57,30,TRUE
CRAM,CRAM.AOS.littoral1,2019,9,2019-09-01,16,16,0.2581333333333333,NA,0.28833333333333333,0.075,25.520833333333336,18.017085971268745,1.1907741965725491,20.98,15.57,30,TRUE
CRAM,CRAM.AOS.littoral2,2019,9,2019-09-01,15,15,0.2925714285714286,NA,0.3357142857142857,0.075,18,18.017085971268745,1.1907741965725491,20.98,15.57,30,TRUE
CRAM,CRAM.AOS.buoy.c1,2020,6,2020-06-01,18,18,0.2932222222222222,NA,0.31805555555555554,0.065,4.1593449850417255,NA,NA,NA,NA,NA,FALSE
CRAM,CRAM.AOS.littoral1,2020,6,2020-06-01,16,16,0.23625000000000002,NA,0.24375,0.05433333333333334,10.6875,NA,NA,NA,NA,NA,FALSE
CRAM,CRAM.AOS.littoral2,2020,6,2020-06-01,16,16,0.16999999999999998,NA,0.1828125,0.06875,8.125,NA,NA,NA,NA,NA,FALSE
CRAM,CRAM.AOS.buoy.c1,2020,7,2020-07-01,21,21,0.30247619047619045,NA,0.3404761904761905,0.07250000000000001,4.698122780314561,NA,NA,NA,NA,NA,FALSE
CRAM,CRAM.AOS.littoral1,2020,7,2020-07-01,16,16,0.1700625,NA,0.178125,0.0688,60.859375,NA,NA,NA,NA,NA,FALSE
CRAM,CRAM.AOS.littoral2,2020,7,2020-07-01,16,16,0.1435625,NA,0.1515625,0.06666666666666667,4.28125,NA,NA,NA,NA,NA,FALSE
CRAM,CRAM.AOS.buoy.c1,2020,9,2020-09-01,20,20,0.7923684210526317,NA,0.8105263157894737,0.05,2.07095693308367,NA,NA,NA,NA,NA,FALSE
CRAM,CRAM.AOS.littoral1,2020,9,2020-09-01,13,13,0.19091666666666668,NA,0.19583333333333333,0.05,47.56410256410257,NA,NA,NA,NA,NA,FALSE
CRAM,CRAM.AOS.littoral2,2020,9,2020-09-01,15,15,0.24821428571428572,NA,0.2625,0.05,64.88888888888889,NA,NA,NA,NA,NA,FALSE
CRAM,CRAM.AOS.buoy.c0,2021,4,2021-04-01,21,21,0.34465,NA,0.38,0.08133333333333334,4.105701066601004,NA,NA,NA,NA,NA,FALSE
CRAM,CRAM.AOS.littoral1,2021,4,2021-04-01,20,20,0.2623157894736842,NA,0.28157894736842104,0.08433333333333333,13,NA,NA,NA,NA,NA,FALSE
CRAM,CRAM.AOS.littoral2,2021,4,2021-04-01,22,22,0.2876666666666667,NA,0.3107142857142857,0.08399999999999999,12.632575757575758,NA,NA,NA,NA,NA,FALSE
CRAM,CRAM.AOS.buoy.c1,2021,7,2021-07-01,20,20,0.2805263157894737,NA,0.3078947368421053,0.0674,1.2842465753424657,24.714106570873888,0.7901146207960865,27.71,22.02,31,TRUE
CRAM,CRAM.AOS.littoral1,2021,7,2021-07-01,13,13,0.119,NA,0.125,0.067,19.935897435897438,24.714106570873888,0.7901146207960865,27.71,22.02,31,TRUE
CRAM,CRAM.AOS.littoral2,2021,7,2021-07-01,11,11,0.1379,NA,0.1475,0.058333333333333334,11.21590909090909,24.714106570873888,0.7901146207960865,27.71,22.02,31,TRUE
CRAM,CRAM.AOS.buoy.c1,2021,9,2021-09-01,10,10,1.266,NA,1.476,0.06,1.4337899543378996,19.548156028368794,1.4570269553444484,23.98,16.93,30,TRUE
CRAM,CRAM.AOS.littoral1,2021,9,2021-09-01,13,13,0.12730769230769232,NA,0.14461538461538462,0.06142857142857143,5.080128205128205,19.548156028368794,1.4570269553444484,23.98,16.93,30,TRUE
CRAM,CRAM.AOS.littoral2,2021,9,2021-09-01,13,13,0.20976923076923076,NA,0.2276923076923077,0.0811111111111111,4.647435897435898,19.548156028368794,1.4570269553444484,23.98,16.93,30,TRUE
CRAM,CRAM.AOS.buoy.c1,2022,5,2022-05-01,17,17,0.963529411764706,NA,1.0223529411764707,0.0825,0.8139686826229936,14.22549963127944,3.6826462421462582,20.17,4.31,28,TRUE
CRAM,CRAM.AOS.littoral1,2022,5,2022-05-01,16,16,0.32218749999999996,NA,0.34249999999999997,0.10333333333333333,10.208333333333332,14.22549963127944,3.6826462421462582,20.17,4.31,28,TRUE
CRAM,CRAM.AOS.littoral2,2022,5,2022-05-01,13,13,0.25384615384615383,NA,0.26692307692307693,0.15555555555555556,2.625,14.22549963127944,3.6826462421462582,20.17,4.31,28,TRUE
CRAM,CRAM.AOS.buoy.c1,2022,7,2022-07-01,16,16,0.9034375,NA,1.09,0.06857142857142857,0.4819532091734646,23.69915315120408,0.9574429326469028,27.3,21.34,31,TRUE
CRAM,CRAM.AOS.littoral1,2022,7,2022-07-01,12,12,0.17441666666666666,NA,0.19333333333333333,0.08866666666666667,2.861111111111111,23.69915315120408,0.9574429326469028,27.3,21.34,31,TRUE
CRAM,CRAM.AOS.littoral2,2022,7,2022-07-01,16,16,0.23125,NA,0.24375,0.097,1.7708333333333335,23.69915315120408,0.9574429326469028,27.3,21.34,31,TRUE
CRAM,CRAM.AOS.buoy.c1,2022,9,2022-09-01,15,15,0.8926666666666666,NA,1.0686666666666667,0.08875,0.7730151716011194,19.941142638846063,2.413619272035109,24.72,14.3,30,TRUE
CRAM,CRAM.AOS.littoral1,2022,9,2022-09-01,13,13,0.20576923076923076,NA,0.21923076923076923,0.09,16.439102564102562,19.941142638846063,2.413619272035109,24.72,14.3,30,TRUE
CRAM,CRAM.AOS.littoral2,2022,9,2022-09-01,11,11,0.2222727272727273,NA,0.23454545454545456,0.10437500000000001,33.86363636363636,19.941142638846063,2.413619272035109,24.72,14.3,30,TRUE
CRAM,CRAM.AOS.buoy.c1,2023,5,2023-05-01,13,13,0.7073076923076923,NA,0.7461538461538462,0.07,0.5485650529969628,17.084404214244064,2.2610799832011184,22.92,13.2,19,TRUE
CRAM,CRAM.AOS.littoral1,2023,5,2023-05-01,10,10,0.2645,NA,0.304,0.07033333333333333,2.6916666666666664,17.084404214244064,2.2610799832011184,22.92,13.2,19,TRUE
CRAM,CRAM.AOS.littoral2,2023,5,2023-05-01,13,13,0.22923076923076924,NA,0.24461538461538462,0.071875,1.8333333333333335,17.084404214244064,2.2610799832011184,22.92,13.2,19,TRUE
CRAM,CRAM.AOS.buoy.c1,2023,7,2023-07-01,17,17,0.6098823529411765,NA,0.71882352941176475,0.093,0.34009574821064603,23.28789153810192,1.2095613638256901,27.6,20.47,31,TRUE
CRAM,CRAM.AOS.littoral1,2023,7,2023-07-01,9,9,0.2608888888888889,NA,0.27444444444444444,0.1,8.680555555555555,23.28789153810192,1.2095613638256901,27.6,20.47,31,TRUE
CRAM,CRAM.AOS.littoral2,2023,7,2023-07-01,9,9,0.16144444444444445,NA,0.19,0.10225000000000001,5.736111111111111,23.28789153810192,1.2095613638256901,27.6,20.47,31,TRUE
CRAM,CRAM.AOS.buoy.c1,2023,9,2023-09-01,15,15,0.3153333333333333,NA,0.38666666666666666,0.10500000000000001,1.6688296082672436,19.260734642234798,1.9019382734413808,24.63,16.8,30,TRUE
CRAM,CRAM.AOS.littoral1,2023,9,2023-09-01,13,13,0.3023076923076923,NA,0.3323076923076923,0.0675,10.948717948717947,19.260734642234798,1.9019382734413808,24.63,16.8,30,TRUE
CRAM,CRAM.AOS.littoral2,2023,9,2023-09-01,16,16,0.2075,NA,0.225,0.08,6.815104166666666,19.260734642234798,1.9019382734413808,24.63,16.8,30,TRUE
CRAM,CRAM.AOS.buoy.c1,2024,4,2024-04-01,15,15,0.25066666666666665,NA,0.34800000000000003,0.1,0.4995970991136181,5.802172361484314,2.8941630925802686,10.94,0.53,30,TRUE
CRAM,CRAM.AOS.littoral1,2024,4,2024-04-01,7,7,0.22714285714285715,NA,0.33285714285714285,0.07200000000000001,63.392857142857146,5.802172361484314,2.8941630925802686,10.94,0.53,30,TRUE
CRAM,CRAM.AOS.littoral2,2024,4,2024-04-01,10,10,0.244,NA,0.298,0.10333333333333333,16.47083333333333,5.802172361484314,2.8941630925802686,10.94,0.53,30,TRUE
CRAM,CRAM.AOS.buoy.c1,2024,7,2024-07-01,19,19,0.9457894736842106,NA,1.0710526315789475,0.11,1.856226124988548,23.699056777220488,1.4574438560147172,27.32,20.19,31,TRUE
CRAM,CRAM.AOS.littoral1,2024,7,2024-07-01,11,11,0.20363636363636364,NA,0.22454545454545455,0.11555555555555555,47.34848484848485,23.699056777220488,1.4574438560147172,27.32,20.19,31,TRUE
CRAM,CRAM.AOS.littoral2,2024,7,2024-07-01,10,10,0.19,NA,0.226,0.07714285714285714,41.354166666666664,23.699056777220488,1.4574438560147172,27.32,20.19,31,TRUE
CRAM,CRAM.AOS.buoy.c1,2024,9,2024-09-01,8,8,1.5437500000000002,NA,1.6000000000000003,0.076,3.75280199252802,20.896822123719456,0.9420388331042422,23.36,18.78,30,TRUE
CRAM,CRAM.AOS.littoral1,2024,9,2024-09-01,11,11,0.38181818181818183,NA,0.44545454545454544,0.062,3.9090909090909087,20.896822123719456,0.9420388331042422,23.36,18.78,30,TRUE
CRAM,CRAM.AOS.littoral2,2024,9,2024-09-01,16,16,0.309375,NA,0.34375,0.08272727272727273,7.971354166666666,20.896822123719456,0.9420388331042422,23.36,18.78,30,TRUE
LIRO,LIRO.AOS.buoy.c0,2017,4,2017-04-01,17,17,0.2982941176470588,NA,0.325,0.08333333333333334,7.662581630685722,NA,NA,NA,NA,NA,FALSE
LIRO,LIRO.AOS.littoral1,2017,4,2017-04-01,10,10,0.3371111111111111,NA,0.3416666666666667,NA,45.9375,NA,NA,NA,NA,NA,FALSE
LIRO,LIRO.AOS.littoral2,2017,4,2017-04-01,13,13,0.29515384615384616,NA,0.3019230769230769,0.07,21.45192307692308,NA,NA,NA,NA,NA,FALSE
LIRO,LIRO.AOS.buoy.c0,2017,7,2017-07-01,10,10,0.34099999999999997,NA,0.357,0.07,67.33403582718651,NA,NA,NA,NA,NA,FALSE
LIRO,LIRO.AOS.littoral1,2017,7,2017-07-01,10,10,0.308,NA,0.324,0.07,32.5,NA,NA,NA,NA,NA,FALSE
LIRO,LIRO.AOS.littoral2,2017,7,2017-07-01,12,12,0.4,NA,0.4633333333333333,0.07,33.05555555555556,NA,NA,NA,NA,NA,FALSE
LIRO,LIRO.AOS.buoy.c0,2017,9,2017-09-01,16,16,0.47750000000000004,NA,0.540625,NA,6.5595363540569025,NA,NA,NA,NA,NA,FALSE
LIRO,LIRO.AOS.littoral1,2017,9,2017-09-01,14,14,0.4657142857142857,NA,0.5685714285714286,NA,0.8928571428571429,NA,NA,NA,NA,NA,FALSE
LIRO,LIRO.AOS.littoral2,2017,9,2017-09-01,13,13,0.6207692307692307,NA,0.6946153846153846,NA,0.6955128205128205,NA,NA,NA,NA,NA,FALSE
LIRO,LIRO.AOS.buoy.c0,2018,5,2018-05-01,12,12,0.38916666666666666,NA,0.42500000000000004,0.09,23.211567732115675,NA,NA,NA,NA,NA,FALSE
LIRO,LIRO.AOS.littoral1,2018,5,2018-05-01,12,12,0.3125,NA,0.35083333333333333,0.08666666666666667,7.152777777777778,NA,NA,NA,NA,NA,FALSE
LIRO,LIRO.AOS.littoral2,2018,5,2018-05-01,11,11,0.3,NA,0.3463636363636364,0.07666666666666667,9.734848484848484,NA,NA,NA,NA,NA,FALSE
LIRO,LIRO.AOS.buoy.c0,2018,7,2018-07-01,15,15,1.032,NA,1.0966666666666667,0.07,12.106171748416555,24.596138917232587,1.4414237578580873,29.69,21.82,22,TRUE
LIRO,LIRO.AOS.littoral1,2018,7,2018-07-01,12,12,0.4033333333333333,NA,0.4791666666666667,0.065,6.932870370370371,24.596138917232587,1.4414237578580873,29.69,21.82,22,TRUE
LIRO,LIRO.AOS.littoral2,2018,7,2018-07-01,10,10,0.644,NA,0.685,NA,1.2944444444444445,24.596138917232587,1.4414237578580873,29.69,21.82,22,TRUE
LIRO,LIRO.AOS.buoy.c0,2018,9,2018-09-01,14,14,0.745,NA,0.8007142857142857,0.06333333333333334,7.279843444227006,20.022039373265496,2.349553946467455,23.95,14.06,30,TRUE
LIRO,LIRO.AOS.littoral1,2018,9,2018-09-01,11,11,0.4318181818181818,NA,0.49909090909090914,0.07,4.761363636363636,20.022039373265496,2.349553946467455,23.95,14.06,30,TRUE
LIRO,LIRO.AOS.littoral2,2018,9,2018-09-01,10,10,0.435,NA,0.47400000000000003,0.065,8.025,20.022039373265496,2.349553946467455,23.95,14.06,30,TRUE
LIRO,LIRO.AOS.buoy.c0,2019,5,2019-05-01,13,13,0.2673076923076923,NA,0.3,0.077,20.271338250790304,12.17571803349195,2.9222583429389215,18.3,5.95,31,TRUE
LIRO,LIRO.AOS.littoral1,2019,5,2019-05-01,11,11,0.3050909090909091,NA,0.325,0.077,34.090909090909086,12.17571803349195,2.9222583429389215,18.3,5.95,31,TRUE
LIRO,LIRO.AOS.littoral2,2019,5,2019-05-01,13,13,0.3688461538461538,NA,0.40192307692307694,0.07533333333333334,43.97435897435897,12.17571803349195,2.9222583429389215,18.3,5.95,31,TRUE
LIRO,LIRO.AOS.buoy.c1,2019,7,2019-07-01,18,18,0.5163888888888889,NA,0.5819444444444445,0.06766666666666667,5.9908675799086755,25.57395638499562,0.9124659059540012,29.29,23.05,30,TRUE
LIRO,LIRO.AOS.littoral1,2019,7,2019-07-01,15,15,0.5324666666666666,NA,0.6483333333333333,NA,4.1305555555555555,25.57395638499562,0.9124659059540012,29.29,23.05,30,TRUE
LIRO,LIRO.AOS.littoral2,2019,7,2019-07-01,14,14,0.5505,NA,0.6607142857142857,0.075,2.0863095238095237,25.57395638499562,0.9124659059540012,29.29,23.05,30,TRUE
LIRO,LIRO.AOS.buoy.c1,2019,9,2019-09-01,18,18,0.8205000000000001,NA,0.9999999999999999,0.064,1.0744023636852,18.493552164082683,1.3250364006596937,22.32,15.85,30,TRUE
LIRO,LIRO.AOS.littoral1,2019,9,2019-09-01,12,12,0.338,NA,0.4041666666666667,0.0625,6.666666666666667,18.493552164082683,1.3250364006596937,22.32,15.85,30,TRUE
LIRO,LIRO.AOS.littoral2,2019,9,2019-09-01,13,13,0.588076923076923,NA,0.6826923076923077,0.053,13.461538461538462,18.493552164082683,1.3250364006596937,22.32,15.85,30,TRUE
LIRO,LIRO.AOS.buoy.c1,2020,6,2020-06-01,13,13,0.23746153846153845,NA,0.2519230769230769,0.059500000000000004,51.04788666432502,22.90596712320258,1.1225361662179942,26.34,20.51,14,TRUE
LIRO,LIRO.AOS.littoral1,2020,6,2020-06-01,9,9,0.18088888888888888,NA,0.20277777777777778,0.08549999999999999,277.037037037037,22.90596712320258,1.1225361662179942,26.34,20.51,14,TRUE
LIRO,LIRO.AOS.littoral2,2020,6,2020-06-01,7,7,0.21733333333333332,NA,0.23333333333333334,0.08549999999999999,235.23809523809527,22.90596712320258,1.1225361662179942,26.34,20.51,14,TRUE
LIRO,LIRO.AOS.buoy.c1,2020,7,2020-07-01,16,16,0.353125,NA,0.36562500000000003,0.054000000000000006,11.246886674968867,26.005362774215254,1.606527750435555,30.45,22.56,31,TRUE
LIRO,LIRO.AOS.littoral1,2020,7,2020-07-01,14,14,0.5974285714285714,NA,0.7160714285714286,0.062,3.556547619047619,26.005362774215254,1.606527750435555,30.45,22.56,31,TRUE
LIRO,LIRO.AOS.littoral2,2020,7,2020-07-01,14,14,0.48928571428571427,NA,0.5821428571428572,0.0625,2.0267857142857144,26.005362774215254,1.606527750435555,30.45,22.56,31,TRUE
LIRO,LIRO.AOS.buoy.c1,2020,9,2020-09-01,18,18,0.8704444444444445,NA,0.9847222222222222,0.05,3.796221685021041,17.619027777777777,1.623142639098558,22.13,15.24,30,TRUE
LIRO,LIRO.AOS.littoral1,2020,9,2020-09-01,14,14,0.5717857142857143,NA,0.6303571428571428,0.05,3.0416666666666665,17.619027777777777,1.623142639098558,22.13,15.24,30,TRUE
LIRO,LIRO.AOS.littoral2,2020,9,2020-09-01,13,13,0.5906923076923077,NA,0.6596153846153846,0.05,1.592948717948718,17.619027777777777,1.623142639098558,22.13,15.24,30,TRUE
LIRO,LIRO.AOS.buoy.c1,2021,4,2021-04-01,17,17,0.2990625,NA,0.3125,0.0625,11.760676873489125,9.326239379543006,1.6954844652413712,13.61,5.52,26,TRUE
LIRO,LIRO.AOS.littoral1,2021,4,2021-04-01,16,16,0.23331249999999998,NA,0.2625,0.07,19.6875,9.326239379543006,1.6954844652413712,13.61,5.52,26,TRUE
LIRO,LIRO.AOS.littoral2,2021,4,2021-04-01,18,18,0.2976111111111111,NA,0.3388888888888889,0.08549999999999999,60.92592592592593,9.326239379543006,1.6954844652413712,13.61,5.52,26,TRUE
LIRO,LIRO.AOS.buoy.c1,2021,7,2021-07-01,22,22,0.5944090909090909,NA,0.7056818181818182,0.05,2.2459180849591807,25.015978323038212,0.8615729085468312,28.37,22.2,31,TRUE
LIRO,LIRO.AOS.littoral1,2021,7,2021-07-01,13,13,0.40016666666666667,NA,0.49166666666666664,0.05,5.881410256410256,25.015978323038212,0.8615729085468312,28.37,22.2,31,TRUE
LIRO,LIRO.AOS.littoral2,2021,7,2021-07-01,13,13,0.4686153846153846,NA,0.5846153846153846,0.075,5.032051282051282,25.015978323038212,0.8615729085468312,28.37,22.2,31,TRUE
LIRO,LIRO.AOS.buoy.c1,2021,9,2021-09-01,8,8,1.145375,NA,1.26,0.08,1.937071917808219,19.665160025997935,1.9890234547102934,24.28,16.87,17,TRUE
LIRO,LIRO.AOS.littoral1,2021,9,2021-09-01,9,9,0.6666666666666666,NA,0.7166666666666667,0.08,6.944444444444445,19.665160025997935,1.9890234547102934,24.28,16.87,17,TRUE
LIRO,LIRO.AOS.littoral2,2021,9,2021-09-01,10,10,0.751,NA,0.7959999999999999,0.08,2.1958333333333333,19.665160025997935,1.9890234547102934,24.28,16.87,17,TRUE
LIRO,LIRO.AOS.buoy.c1,2022,5,2022-05-01,17,17,0.9970588235294118,NA,1.0282352941176471,0.07350000000000001,0.7884727023818807,15.377664867379158,2.855374146317383,20.8,7.36,27,TRUE
LIRO,LIRO.AOS.littoral1,2022,5,2022-05-01,13,13,0.5665384615384615,NA,0.6253846153846154,0.1461111111111111,4.8076923076923075,15.377664867379158,2.855374146317383,20.8,7.36,27,TRUE
LIRO,LIRO.AOS.littoral2,2022,5,2022-05-01,7,7,0.25857142857142856,NA,0.28714285714285714,0.066,0.8988095238095238,15.377664867379158,2.855374146317383,20.8,7.36,27,TRUE
LIRO,LIRO.AOS.buoy.c1,2022,7,2022-07-01,13,13,1.1733076923076924,NA,1.2476923076923077,0.07333333333333333,2.3533544081489284,24.279277149739563,0.8715513914689949,28.42,22.06,31,TRUE
LIRO,LIRO.AOS.littoral1,2022,7,2022-07-01,8,8,0.43625,NA,0.5,0.07125000000000001,2.916666666666667,24.279277149739563,0.8715513914689949,28.42,22.06,31,TRUE
LIRO,LIRO.AOS.littoral2,2022,7,2022-07-01,10,10,0.46799999999999997,NA,0.538,0.078,8.583333333333334,24.279277149739563,0.8715513914689949,28.42,22.06,31,TRUE
LIRO,LIRO.AOS.buoy.c1,2022,9,2022-09-01,11,11,0.6998181818181818,NA,0.7890909090909091,0.055,1.1558219178082192,19.983185135933805,2.4656489264621717,24.59,14.2,30,TRUE
LIRO,LIRO.AOS.littoral1,2022,9,2022-09-01,11,11,0.40754545454545454,NA,0.46818181818181814,0.06,4.318181818181818,19.983185135933805,2.4656489264621717,24.59,14.2,30,TRUE
LIRO,LIRO.AOS.littoral2,2022,9,2022-09-01,10,10,0.3729,NA,0.426,0.06375,10.6,19.983185135933805,2.4656489264621717,24.59,14.2,30,TRUE
LIRO,LIRO.AOS.buoy.c1,2023,5,2023-05-01,13,13,0.40807692307692306,NA,0.45076923076923076,0.0642857142857143,1.5200210748155956,17.19277493162399,1.7944255971958243,22.25,12.57,22,TRUE
LIRO,LIRO.AOS.littoral1,2023,5,2023-05-01,9,9,0.34255555555555556,NA,0.4077777777777778,0.058,4.560185185185185,17.19277493162399,1.7944255971958243,22.25,12.57,22,TRUE
LIRO,LIRO.AOS.littoral2,2023,5,2023-05-01,10,10,0.34500000000000003,NA,0.38,0.06833333333333333,4.666666666666667,17.19277493162399,1.7944255971958243,22.25,12.57,22,TRUE
LIRO,LIRO.AOS.buoy.c1,2023,7,2023-07-01,13,13,1.039923076923077,NA,1.2361538461538462,0.0675,0.7432838188472303,23.784128631892013,1.1167212698277487,27.48,20.96,31,TRUE
LIRO,LIRO.AOS.littoral1,2023,7,2023-07-01,8,8,0.261875,NA,0.28375,0.064,8.59375,23.784128631892013,1.1167212698277487,27.48,20.96,31,TRUE
LIRO,LIRO.AOS.littoral2,2023,7,2023-07-01,10,10,0.373,NA,0.412,0.054,9.979166666666666,23.784128631892013,1.1167212698277487,27.48,20.96,31,TRUE
LIRO,LIRO.AOS.buoy.c1,2023,9,2023-09-01,19,19,0.598421052631579,NA,0.9478947368421053,0.075,1.7204998798365778,19.500762263593373,2.035257969431934,24.68,16.85,30,TRUE
LIRO,LIRO.AOS.littoral1,2023,9,2023-09-01,10,10,0.435,NA,0.548,0.11800000000000001,7.375,19.500762263593373,2.035257969431934,24.68,16.85,30,TRUE
LIRO,LIRO.AOS.littoral2,2023,9,2023-09-01,18,18,0.3461111111111111,NA,0.4727777777777778,0.09272727272727273,2.4652777777777777,19.500762263593373,2.035257969431934,24.68,16.85,30,TRUE
LIRO,LIRO.AOS.buoy.c1,2024,4,2024-04-01,14,14,0.20357142857142857,NA,0.22428571428571428,0.08416666666666667,16.60743639921722,7.167450103379799,2.976433936018667,11.38,0.14,30,TRUE
LIRO,LIRO.AOS.littoral1,2024,4,2024-04-01,14,14,0.22428571428571428,NA,0.2792857142857143,0.077,18.0625,7.167450103379799,2.976433936018667,11.38,0.14,30,TRUE
LIRO,LIRO.AOS.littoral2,2024,4,2024-04-01,17,17,0.2511764705882353,NA,0.3029411764705882,0.09692307692307692,73.02696078431373,7.167450103379799,2.976433936018667,11.38,0.14,30,TRUE
LIRO,LIRO.AOS.buoy.c1,2024,7,2024-07-01,11,11,0.6854545454545455,NA,0.8654545454545455,0.075,6.323951847239519,24.007312996727443,1.3969564445646736,27.64,20.41,31,TRUE
LIRO,LIRO.AOS.littoral1,2024,7,2024-07-01,7,7,0.5257142857142857,NA,0.812857142857143,0.065,10.952380952380953,24.007312996727443,1.3969564445646736,27.64,20.41,31,TRUE
LIRO,LIRO.AOS.littoral2,2024,7,2024-07-01,10,10,0.441,NA,0.5850000000000001,0.14333333333333334,6.316666666666667,24.007312996727443,1.3969564445646736,27.64,20.41,31,TRUE
LIRO,LIRO.AOS.buoy.c1,2024,9,2024-09-01,14,14,0.6364285714285713,NA,0.8157142857142857,0.1225,1.462249123924817,21.10453382419589,0.9472905725439656,23.88,18.86,30,TRUE
LIRO,LIRO.AOS.littoral2,2024,9,2024-09-01,13,13,0.46307692307692305,NA,0.561923076923077,0.10214285714285716,2.2788461538461537,21.10453382419589,0.9472905725439656,23.88,18.86,30,TRUE
PRLA,PRLA.AOS.buoy.c0,2014,7,2014-07-01,15,15,0.3085,NA,0.38353333333333334,0.057562499999999996,35.90816844241502,NA,NA,NA,NA,NA,FALSE
PRLA,PRLA.AOS.littoral1,2014,7,2014-07-01,14,14,0.28614285714285714,NA,0.3302857142857143,0.052714285714285714,78.98189484126983,NA,NA,NA,NA,NA,FALSE
PRLA,PRLA.AOS.littoral2,2014,7,2014-07-01,13,13,0.3950769230769231,NA,0.4538846153846154,0.07933333333333333,162.633547008547,NA,NA,NA,NA,NA,FALSE
PRLA,PRLA.AOS.buoy.c0,2014,9,2014-09-01,11,11,0.4183636363636364,NA,0.4810909090909091,0.081,18.313056806207488,NA,NA,NA,NA,NA,FALSE
PRLA,PRLA.AOS.littoral1,2014,9,2014-09-01,14,14,0.36228571428571427,NA,0.40921428571428575,0.08085714285714286,14.333333333333332,NA,NA,NA,NA,NA,FALSE
PRLA,PRLA.AOS.littoral2,2014,9,2014-09-01,14,14,0.4070714285714286,NA,0.48121428571428576,0.09928571428571428,9.952380952380953,NA,NA,NA,NA,NA,FALSE
PRLA,PRLA.AOS.buoy.c0,2017,4,2017-04-01,5,5,0.1334,NA,0.13999999999999999,0.08,454.6555555555555,NA,NA,NA,NA,NA,FALSE
PRLA,PRLA.AOS.littoral1,2017,4,2017-04-01,6,6,0.14466666666666667,NA,0.17916666666666667,0.08,71.54861111111111,NA,NA,NA,NA,NA,FALSE
PRLA,PRLA.AOS.littoral2,2017,4,2017-04-01,5,5,0.1268,NA,0.13999999999999999,0.08,226.48333333333332,NA,NA,NA,NA,NA,FALSE
PRLA,PRLA.AOS.buoy.c0,2017,7,2017-07-01,14,14,0.495,NA,0.5842857142857143,0.05,208.452380952381,NA,NA,NA,NA,NA,FALSE
PRLA,PRLA.AOS.littoral1,2017,7,2017-07-01,11,11,0.42818181818181816,NA,0.5781818181818182,0.05,210.47727272727272,NA,NA,NA,NA,NA,FALSE
PRLA,PRLA.AOS.littoral2,2017,7,2017-07-01,13,13,0.33076923076923076,NA,0.35846153846153844,0.05,183.97435897435898,NA,NA,NA,NA,NA,FALSE
PRLA,PRLA.AOS.buoy.c0,2017,9,2017-09-01,13,13,0.3923076923076923,NA,0.45153846153846156,0.06,220.08547008547006,12.79627083333335,0.03620975975323723,13.51,12.29,2,TRUE
PRLA,PRLA.AOS.littoral1,2017,9,2017-09-01,14,14,0.43214285714285716,NA,0.4707142857142857,0.06,169.07738095238093,12.79627083333335,0.03620975975323723,13.51,12.29,2,TRUE
PRLA,PRLA.AOS.littoral2,2017,9,2017-09-01,13,13,0.2976923076923077,NA,0.3576923076923077,0.06,149.74358974358975,12.79627083333335,0.03620975975323723,13.51,12.29,2,TRUE
PRLA,PRLA.AOS.buoy.c0,2018,5,2018-05-01,9,9,0.25625,NA,0.27,0.05,249.87654320987653,NA,NA,NA,NA,NA,FALSE
PRLA,PRLA.AOS.littoral1,2018,5,2018-05-01,8,8,0.125,NA,0.13625,0.05,196.5625,NA,NA,NA,NA,NA,FALSE
PRLA,PRLA.AOS.littoral2,2018,5,2018-05-01,8,8,0.245,NA,0.26125,0.05,194.16666666666666,NA,NA,NA,NA,NA,FALSE
PRLA,PRLA.AOS.buoy.c0,2018,7,2018-07-01,10,10,0.444,NA,0.527,0.05,105.95555555555555,23.46207935804033,1.281367145434932,26.27,20.46,31,TRUE
PRLA,PRLA.AOS.littoral1,2018,7,2018-07-01,11,11,0.44181818181818183,NA,0.5536363636363636,0.05,74.5871212121212,23.46207935804033,1.281367145434932,26.27,20.46,31,TRUE
PRLA,PRLA.AOS.littoral2,2018,7,2018-07-01,11,11,0.47454545454545455,NA,0.5636363636363636,0.05,83.81818181818181,23.46207935804033,1.281367145434932,26.27,20.46,31,TRUE
PRLA,PRLA.AOS.buoy.c0,2018,9,2018-09-01,15,15,0.43866666666666665,NA,0.5073333333333333,0.05,29.798148148148147,15.412907558378874,3.5616374486184554,19.97,8.02,29,TRUE
PRLA,PRLA.AOS.littoral1,2018,9,2018-09-01,13,13,0.42923076923076925,NA,0.5123076923076924,0.05,21.314102564102562,15.412907558378874,3.5616374486184554,19.97,8.02,29,TRUE
PRLA,PRLA.AOS.littoral2,2018,9,2018-09-01,16,16,0.38875,NA,0.441875,0.05,25.78125,15.412907558378874,3.5616374486184554,19.97,8.02,29,TRUE
PRLA,PRLA.AOS.buoy.c0,2019,4,2019-04-01,2,2,0.9650000000000001,NA,0.9750000000000001,0.088,0.125,NA,NA,NA,NA,NA,FALSE
PRLA,PRLA.AOS.littoral1,2019,4,2019-04-01,4,4,0.96725,NA,0.96725,0.11299999999999999,0.09375,NA,NA,NA,NA,NA,FALSE
PRLA,PRLA.AOS.littoral2,2019,4,2019-04-01,3,3,0.897,NA,0.992,0.086,0.2777777777777778,NA,NA,NA,NA,NA,FALSE
PRLA,PRLA.AOS.buoy.c0,2019,7,2019-07-01,9,9,1.0482222222222222,NA,1.2057777777777778,0.074,4.870370370370371,24.62166279540955,0.9894664052954605,28.13,22.27,31,TRUE
PRLA,PRLA.AOS.littoral1,2019,7,2019-07-01,9,9,1.0634444444444444,NA,1.1984444444444444,0.081,9.027777777777779,24.62166279540955,0.9894664052954605,28.13,22.27,31,TRUE
PRLA,PRLA.AOS.littoral2,2019,7,2019-07-01,8,8,1.245,NA,1.393875,NA,12.1875,24.62166279540955,0.9894664052954605,28.13,22.27,31,TRUE
PRLA,PRLA.AOS.buoy.c0,2019,9,2019-09-01,11,11,0.7570909090909091,NA,0.8593636363636363,0.088,16.62878787878788,17.143605299079873,2.1399546046759466,20.83,11.45,30,TRUE
PRLA,PRLA.AOS.littoral1,2019,9,2019-09-01,10,10,0.6623,NA,0.7464,0.087,12.429166666666667,17.143605299079873,2.1399546046759466,20.83,11.45,30,TRUE
PRLA,PRLA.AOS.littoral2,2019,9,2019-09-01,11,11,0.7142727272727273,NA,0.8143636363636364,0.09,25.83712121212121,17.143605299079873,2.1399546046759466,20.83,11.45,30,TRUE
PRLA,PRLA.AOS.buoy.c0,2020,6,2020-06-01,11,11,0.9093636363636364,NA,1.054,0.104,20.1010101010101,20.2365662634012,0.8248548478792633,22.17,18.37,18,TRUE
PRLA,PRLA.AOS.littoral1,2020,6,2020-06-01,10,10,1.0466,NA,1.1419000000000001,0.088,16.958333333333332,20.2365662634012,0.8248548478792633,22.17,18.37,18,TRUE
PRLA,PRLA.AOS.littoral2,2020,6,2020-06-01,15,15,0.6032,NA,0.6686,0.10416666666666667,2.6527777777777777,20.2365662634012,0.8248548478792633,22.17,18.37,18,TRUE
PRLA,PRLA.AOS.buoy.c0,2020,7,2020-07-01,13,13,0.5332307692307693,NA,0.5971538461538461,0.08249999999999999,22.70299145299145,NA,NA,NA,NA,NA,FALSE
PRLA,PRLA.AOS.littoral1,2020,7,2020-07-01,13,13,0.5,NA,0.5949230769230769,0.1362857142857143,7.0673076923076925,NA,NA,NA,NA,NA,FALSE
PRLA,PRLA.AOS.littoral2,2020,7,2020-07-01,18,18,0.5263888888888889,NA,0.5709444444444445,0.11318181818181818,3.9351851851851856,NA,NA,NA,NA,NA,FALSE
PRLA,PRLA.AOS.buoy.c0,2020,10,2020-10-01,13,13,0.449,NA,0.5718461538461539,0.08185714285714286,6.732905982905983,NA,NA,NA,NA,NA,FALSE
PRLA,PRLA.AOS.littoral1,2020,10,2020-10-01,11,11,0.384,NA,0.42763636363636365,0.09471428571428571,8.151515151515152,NA,NA,NA,NA,NA,FALSE
PRLA,PRLA.AOS.littoral2,2020,10,2020-10-01,11,11,0.7547272727272727,NA,0.849,0.08375,8.363636363636365,NA,NA,NA,NA,NA,FALSE
PRLA,PRLA.AOS.buoy.c0,2021,4,2021-04-01,15,15,0.423,NA,0.44686666666666663,0.09327272727272727,231.5740740740741,NA,NA,NA,NA,NA,FALSE
PRLA,PRLA.AOS.littoral1,2021,4,2021-04-01,13,13,0.33292307692307693,NA,0.3477692307692308,0.098,153.52564102564102,NA,NA,NA,NA,NA,FALSE
PRLA,PRLA.AOS.littoral2,2021,4,2021-04-01,14,14,0.44449999999999995,NA,0.47914285714285715,0.0925,153.57142857142858,NA,NA,NA,NA,NA,FALSE
PRLA,PRLA.AOS.buoy.c0,2021,7,2021-07-01,14,14,0.5213571428571429,NA,0.5701428571428572,0.08316666666666667,29.250000000000004,24.210690905899558,1.268896684422697,28.64,21.1,31,TRUE
PRLA,PRLA.AOS.littoral1,2021,7,2021-07-01,14,14,0.38292857142857145,NA,0.4129285714285714,0.079375,11.505952380952381,24.210690905899558,1.268896684422697,28.64,21.1,31,TRUE
PRLA,PRLA.AOS.littoral2,2021,7,2021-07-01,13,13,0.4443846153846154,NA,0.4747692307692308,0.08725,36.54807692307692,24.210690905899558,1.268896684422697,28.64,21.1,31,TRUE
PRLA,PRLA.AOS.buoy.c0,2021,9,2021-09-01,7,7,0.6714285714285714,NA,0.7428571428571429,0.1,11.714285714285715,17.102907801418432,1.775220061237522,20.32,13.13,30,TRUE
PRLA,PRLA.AOS.littoral1,2021,9,2021-09-01,5,5,0.7939999999999999,NA,0.7939999999999999,0.07,14.25,17.102907801418432,1.775220061237522,20.32,13.13,30,TRUE
PRLA,PRLA.AOS.littoral2,2021,9,2021-09-01,7,7,0.66,NA,0.6957142857142857,0.085,14.744047619047619,17.102907801418432,1.775220061237522,20.32,13.13,30,TRUE
PRLA,PRLA.AOS.buoy.c0,2022,4,2022-04-01,11,11,0.3997272727272727,NA,0.43272727272727274,0.07625,55,NA,NA,NA,NA,NA,FALSE
PRLA,PRLA.AOS.littoral1,2022,4,2022-04-01,9,9,0.37222222222222223,NA,0.3788888888888889,0.07,114.62962962962963,NA,NA,NA,NA,NA,FALSE
PRLA,PRLA.AOS.littoral2,2022,4,2022-04-01,11,11,0.33454545454545453,NA,0.3372727272727273,0.076875,62.49999999999999,NA,NA,NA,NA,NA,FALSE
PRLA,PRLA.AOS.buoy.c0,2022,7,2022-07-01,11,11,0.6254545454545455,NA,0.7172727272727273,0.07333333333333333,38.63636363636364,23.96811489844499,1.5261714758255818,29.29,20.47,30,TRUE
PRLA,PRLA.AOS.littoral1,2022,7,2022-07-01,10,10,0.587,NA,0.648,0.06999999999999999,31.770833333333336,23.96811489844499,1.5261714758255818,29.29,20.47,30,TRUE
PRLA,PRLA.AOS.littoral2,2022,7,2022-07-01,10,10,0.617,NA,0.698,0.07,38.5,23.96811489844499,1.5261714758255818,29.29,20.47,30,TRUE
PRLA,PRLA.AOS.buoy.c0,2022,9,2022-09-01,15,15,0.36333333333333334,NA,0.414,0.06222222222222223,2.6694444444444443,17.2653712962963,2.695976330595679,22.37,12.34,30,TRUE
PRLA,PRLA.AOS.littoral1,2022,9,2022-09-01,14,14,0.4010714285714286,NA,0.46857142857142853,0.06125,2.5595238095238098,17.2653712962963,2.695976330595679,22.37,12.34,30,TRUE
PRLA,PRLA.AOS.littoral2,2022,9,2022-09-01,14,14,0.3866428571428571,NA,0.42428571428571427,0.06375,8.37797619047619,17.2653712962963,2.695976330595679,22.37,12.34,30,TRUE
PRLA,PRLA.AOS.buoy.c0,2023,5,2023-05-01,5,5,0.4006,NA,0.43,0.11,0.06666666666666667,17.904133700194638,2.248607588246497,22.32,13.3,21,TRUE
PRLA,PRLA.AOS.littoral1,2023,5,2023-05-01,4,4,0.5625,NA,0.5625,0.095,0.05208333333333333,17.904133700194638,2.248607588246497,22.32,13.3,21,TRUE
PRLA,PRLA.AOS.littoral2,2023,5,2023-05-01,3,3,0.52,NA,0.5333333333333333,0.0875,0.055555555555555546,17.904133700194638,2.248607588246497,22.32,13.3,21,TRUE
PRLA,PRLA.AOS.buoy.c1,2023,7,2023-07-01,10,10,0.9613,NA,1.257,0.07116666666666667,26.555555555555554,22.568379693270067,1.4617625620739412,26.35,19.99,31,TRUE
PRLA,PRLA.AOS.littoral1,2023,7,2023-07-01,10,10,1.2073,NA,1.295,0.07166666666666667,22.5,22.568379693270067,1.4617625620739412,26.35,19.99,31,TRUE
PRLA,PRLA.AOS.littoral2,2023,7,2023-07-01,10,10,0.8896,NA,1.135,0.07166666666666667,40.125,22.568379693270067,1.4617625620739412,26.35,19.99,31,TRUE
PRLA,PRLA.AOS.buoy.c0,2023,9,2023-09-01,8,8,0.30625,NA,0.3675,0.12333333333333334,62.84722222222222,18.512302457627452,2.100001116773266,24.32,16.26,30,TRUE
PRLA,PRLA.AOS.littoral1,2023,9,2023-09-01,6,6,0.43000000000000005,NA,0.5966666666666667,0.155,125.02083333333334,18.512302457627452,2.100001116773266,24.32,16.26,30,TRUE
PRLA,PRLA.AOS.littoral2,2023,9,2023-09-01,6,6,0.22833333333333333,NA,0.32333333333333336,0.076,40.57638888888889,18.512302457627452,2.100001116773266,24.32,16.26,30,TRUE
PRLA,PRLA.AOS.buoy.c0,2024,4,2024-04-01,5,5,0.424,NA,0.572,0.07666666666666667,55.833333333333336,8.13410256410256,NA,8.29,7.89,1,TRUE
PRLA,PRLA.AOS.littoral1,2024,4,2024-04-01,4,4,0.63,NA,0.71,0.11,224.64583333333331,8.13410256410256,NA,8.29,7.89,1,TRUE
PRLA,PRLA.AOS.littoral2,2024,4,2024-04-01,6,6,0.28,NA,0.38666666666666666,0.0775,30.90277777777778,8.13410256410256,NA,8.29,7.89,1,TRUE
PRLA,PRLA.AOS.buoy.c0,2024,7,2024-07-01,8,8,0.25125000000000003,NA,0.33125,0.074,153.8125,23.86436392287434,2.2326818822365935,29.32,19.11,31,TRUE
PRLA,PRLA.AOS.littoral1,2024,7,2024-07-01,7,7,0.31857142857142856,NA,0.42428571428571427,0.065,104.45833333333333,23.86436392287434,2.2326818822365935,29.32,19.11,31,TRUE
PRLA,PRLA.AOS.littoral2,2024,7,2024-07-01,7,7,0.2,NA,0.2657142857142857,0.07,119.57142857142857,23.86436392287434,2.2326818822365935,29.32,19.11,31,TRUE
PRLA,PRLA.AOS.buoy.c0,2024,9,2024-09-01,15,15,0.23866666666666667,NA,0.31333333333333335,0.10181818181818182,75.92592592592592,19.020867274929465,1.2856989357002433,23.17,16.21,30,TRUE
PRLA,PRLA.AOS.littoral1,2024,9,2024-09-01,9,9,0.26222222222222225,NA,0.3022222222222222,0.051666666666666666,48.06944444444444,19.020867274929465,1.2856989357002433,23.17,16.21,30,TRUE
PRLA,PRLA.AOS.littoral2,2024,9,2024-09-01,15,15,0.19733333333333333,NA,0.25266666666666665,0.08307692307692308,52.083333333333336,19.020867274929465,1.2856989357002433,23.17,16.21,30,TRUE
PRPO,PRPO.AOS.buoy.c0,2014,7,2014-07-01,14,14,0.2869285714285714,NA,0.3415714285714286,0.055428571428571424,20.39628180039139,NA,NA,NA,NA,NA,FALSE
PRPO,PRPO.AOS.littoral1,2014,7,2014-07-01,12,12,0.33216666666666667,NA,0.4065,0.05916666666666666,74.03414351851852,NA,NA,NA,NA,NA,FALSE
PRPO,PRPO.AOS.littoral2,2014,7,2014-07-01,13,13,0.3686923076923077,NA,0.4509230769230769,0.08066666666666666,52.88461538461539,NA,NA,NA,NA,NA,FALSE
PRPO,PRPO.AOS.buoy.c0,2014,9,2014-09-01,14,14,0.39007142857142857,NA,0.4595714285714286,0.08366666666666667,12.205044574907589,NA,NA,NA,NA,NA,FALSE
PRPO,PRPO.AOS.littoral1,2014,9,2014-09-01,12,12,0.40791666666666665,NA,0.47058333333333335,0.08,19.40277777777778,NA,NA,NA,NA,NA,FALSE
PRPO,PRPO.AOS.littoral2,2014,9,2014-09-01,14,14,0.34914285714285714,NA,0.397,0.08714285714285715,8.880952380952381,NA,NA,NA,NA,NA,FALSE
PRPO,PRPO.AOS.buoy.c0,2017,4,2017-04-01,8,8,0.4535,NA,0.540625,NA,20.630208333333332,NA,NA,NA,NA,NA,FALSE
PRPO,PRPO.AOS.littoral1,2017,4,2017-04-01,8,8,0.42762500000000003,NA,0.5235,NA,19.979166666666664,NA,NA,NA,NA,NA,FALSE
PRPO,PRPO.AOS.littoral2,2017,4,2017-04-01,9,9,0.46812499999999996,NA,0.5375,NA,21.61111111111111,NA,NA,NA,NA,NA,FALSE
PRPO,PRPO.AOS.buoy.c0,2017,7,2017-07-01,13,13,0.6461538461538462,NA,0.7361538461538462,0.07,209.07692307692307,NA,NA,NA,NA,NA,FALSE
PRPO,PRPO.AOS.littoral1,2017,7,2017-07-01,9,9,0.4444444444444444,NA,0.5611111111111111,0.05,337.96296296296293,NA,NA,NA,NA,NA,FALSE
PRPO,PRPO.AOS.littoral2,2017,7,2017-07-01,11,11,0.48727272727272725,NA,0.5981818181818183,0.06,315.1515151515151,NA,NA,NA,NA,NA,FALSE
PRPO,PRPO.AOS.buoy.c0,2017,9,2017-09-01,17,17,0.5011764705882353,NA,0.5770588235294117,NA,7.1764705882352935,NA,NA,NA,NA,NA,FALSE
PRPO,PRPO.AOS.littoral1,2017,9,2017-09-01,16,16,0.8437499999999999,NA,0.9568749999999999,NA,2.138020833333333,NA,NA,NA,NA,NA,FALSE
PRPO,PRPO.AOS.littoral2,2017,9,2017-09-01,11,11,0.588,NA,0.749,NA,17.424242424242426,NA,NA,NA,NA,NA,FALSE
PRPO,PRPO.AOS.buoy.c0,2018,5,2018-05-01,8,8,0.38142857142857145,NA,0.4028571428571429,NA,6.215277777777777,22.466968641114953,0.12501253685506475,23.71,21.79,2,TRUE
PRPO,PRPO.AOS.littoral1,2018,5,2018-05-01,9,9,0.3625,NA,0.3775,NA,3.4861111111111107,22.466968641114953,0.12501253685506475,23.71,21.79,2,TRUE
PRPO,PRPO.AOS.littoral2,2018,5,2018-05-01,7,7,0.35500000000000004,NA,0.395,NA,4.738095238095239,22.466968641114953,0.12501253685506475,23.71,21.79,2,TRUE
PRPO,PRPO.AOS.buoy.c0,2018,7,2018-07-01,11,11,0.4027272727272727,NA,0.45,0.05,75.92676767676767,23.597331757716482,1.3990484874062432,26.77,19.89,31,TRUE
PRPO,PRPO.AOS.littoral1,2018,7,2018-07-01,9,9,0.3655555555555556,NA,0.43333333333333335,0.05,54.162037037037045,23.597331757716482,1.3990484874062432,26.77,19.89,31,TRUE
PRPO,PRPO.AOS.littoral2,2018,7,2018-07-01,10,10,0.402,NA,0.47000000000000003,0.05,73.44583333333334,23.597331757716482,1.3990484874062432,26.77,19.89,31,TRUE
PRPO,PRPO.AOS.buoy.c0,2018,9,2018-09-01,11,11,0.3609090909090909,NA,0.38363636363636366,0.07,288.4848484848485,15.479236512505299,3.9344206539323006,21.2,7.38,30,TRUE
PRPO,PRPO.AOS.littoral1,2018,9,2018-09-01,8,8,0.37875000000000003,NA,0.39125,0.07,353.125,15.479236512505299,3.9344206539323006,21.2,7.38,30,TRUE
PRPO,PRPO.AOS.littoral2,2018,9,2018-09-01,7,7,0.3928571428571429,NA,0.41000000000000003,0.07,564.2857142857143,15.479236512505299,3.9344206539323006,21.2,7.38,30,TRUE
PRPO,PRPO.AOS.buoy.c0,2019,4,2019-04-01,10,10,0.3141,NA,0.383,0.08328571428571428,7.305555555555556,NA,NA,NA,NA,NA,FALSE
PRPO,PRPO.AOS.littoral1,2019,4,2019-04-01,6,6,0.13783333333333334,NA,0.14450000000000002,0.3165,2.986111111111111,NA,NA,NA,NA,NA,FALSE
PRPO,PRPO.AOS.littoral2,2019,4,2019-04-01,9,9,0.35844444444444445,NA,0.38122222222222224,0.11857142857142856,7.083333333333332,NA,NA,NA,NA,NA,FALSE
PRPO,PRPO.AOS.buoy.c0,2019,7,2019-07-01,10,10,0.7211,NA,0.8893,0.159,76.55833333333334,24.518890436240866,1.1695920098272912,28.7,21.72,31,TRUE
PRPO,PRPO.AOS.littoral1,2019,7,2019-07-01,13,13,0.8191538461538461,NA,1.0107692307692306,0.10166666666666667,21.55448717948718,24.518890436240866,1.1695920098272912,28.7,21.72,31,TRUE
PRPO,PRPO.AOS.littoral2,2019,7,2019-07-01,7,7,1.0558571428571428,NA,1.2282857142857142,NA,129.45238095238093,24.518890436240866,1.1695920098272912,28.7,21.72,31,TRUE
PRPO,PRPO.AOS.buoy.c0,2019,9,2019-09-01,10,10,0.7938000000000001,NA,0.8785,0.125,16.28611111111111,16.8218064267293,2.4987972109510466,21.84,10.44,30,TRUE
PRPO,PRPO.AOS.littoral1,2019,9,2019-09-01,5,5,1.0924,NA,1.2256,NA,70.83333333333333,16.8218064267293,2.4987972109510466,21.84,10.44,30,TRUE
PRPO,PRPO.AOS.littoral2,2019,9,2019-09-01,6,6,1.0231666666666668,NA,1.149,NA,68.05555555555556,16.8218064267293,2.4987972109510466,21.84,10.44,30,TRUE
PRPO,PRPO.AOS.buoy.c0,2020,6,2020-06-01,13,13,0.8116153846153846,NA,0.9278461538461539,0.10766666666666667,4.314102564102564,20.86754768828858,1.6376817276690647,25.81,18.05,29,TRUE
PRPO,PRPO.AOS.littoral1,2020,6,2020-06-01,15,15,0.8327333333333333,NA,0.912,0.124,2.363888888888889,20.86754768828858,1.6376817276690647,25.81,18.05,29,TRUE
PRPO,PRPO.AOS.littoral2,2020,6,2020-06-01,12,12,0.9301666666666667,NA,1.0085833333333334,0.1095,5.142361111111111,20.86754768828858,1.6376817276690647,25.81,18.05,29,TRUE
PRPO,PRPO.AOS.buoy.c0,2020,7,2020-07-01,14,14,0.6444285714285715,NA,0.7412857142857143,0.106,25.049603174603178,24.304694626460577,1.2242058259856015,29.2,21.57,31,TRUE
PRPO,PRPO.AOS.littoral1,2020,7,2020-07-01,14,14,0.7559285714285715,NA,0.8356428571428571,0.092,10.127976190476188,24.304694626460577,1.2242058259856015,29.2,21.57,31,TRUE
PRPO,PRPO.AOS.littoral2,2020,7,2020-07-01,12,12,0.72775,NA,0.8075833333333333,0.09733333333333333,16.4375,24.304694626460577,1.2242058259856015,29.2,21.57,31,TRUE
PRPO,PRPO.AOS.buoy.c0,2020,9,2020-09-01,14,14,0.4609285714285714,NA,0.5054285714285714,0.112375,15.634920634920636,15.498526719995604,1.4282986043848864,18.97,12.26,25,TRUE
PRPO,PRPO.AOS.littoral1,2020,9,2020-09-01,14,14,0.4637857142857143,NA,0.5227142857142857,0.119625,19.282738095238095,15.498526719995604,1.4282986043848864,18.97,12.26,25,TRUE
PRPO,PRPO.AOS.littoral2,2020,9,2020-09-01,13,13,0.5364615384615384,NA,0.5876153846153847,0.12385714285714286,9.939102564102564,15.498526719995604,1.4282986043848864,18.97,12.26,25,TRUE
PRPO,PRPO.AOS.buoy.c0,2021,4,2021-04-01,8,8,0.35125,NA,0.399375,0.125,21.06597222222222,NA,NA,NA,NA,NA,FALSE
PRPO,PRPO.AOS.littoral1,2021,4,2021-04-01,9,9,0.18977777777777777,NA,0.19299999999999998,0.0835,6.9675925925925934,NA,NA,NA,NA,NA,FALSE
PRPO,PRPO.AOS.littoral2,2021,4,2021-04-01,9,9,0.4232222222222222,NA,0.4398888888888889,0.08666666666666667,6.875,NA,NA,NA,NA,NA,FALSE
PRPO,PRPO.AOS.buoy.c0,2021,7,2021-07-01,11,11,0.46536363636363637,NA,0.5454545454545454,0.08483333333333333,9.202020202020202,24.202519467577137,1.2307315304483077,28.83,21.06,31,TRUE
PRPO,PRPO.AOS.littoral1,2021,7,2021-07-01,9,9,0.6683333333333333,NA,0.7247777777777777,0.16575,18.18981481481482,24.202519467577137,1.2307315304483077,28.83,21.06,31,TRUE
PRPO,PRPO.AOS.littoral2,2021,7,2021-07-01,11,11,0.4931818181818182,NA,0.5204545454545455,0.0862,8.257575757575758,24.202519467577137,1.2307315304483077,28.83,21.06,31,TRUE
PRPO,PRPO.AOS.buoy.c0,2021,9,2021-09-01,5,5,0.68,NA,0.7,0.15000000000000002,30.250000000000004,17.14207147916881,1.8451732793933378,21.02,12.12,30,TRUE
PRPO,PRPO.AOS.littoral1,2021,9,2021-09-01,7,7,0.43,NA,0.4942857142857143,0.09,73.36309523809524,17.14207147916881,1.8451732793933378,21.02,12.12,30,TRUE
PRPO,PRPO.AOS.littoral2,2021,9,2021-09-01,4,4,0.625,NA,0.6749999999999999,0.15000000000000002,97.08333333333333,17.14207147916881,1.8451732793933378,21.02,12.12,30,TRUE
PRPO,PRPO.AOS.buoy.c0,2022,5,2022-05-01,5,5,0.426,NA,0.446,0.08666666666666667,1.7,13.120901265994753,3.6294141459821834,20.93,3.5,29,TRUE
PRPO,PRPO.AOS.littoral1,2022,5,2022-05-01,3,3,0.12000000000000001,NA,0.12333333333333334,0.08333333333333334,8.083333333333334,13.120901265994753,3.6294141459821834,20.93,3.5,29,TRUE
PRPO,PRPO.AOS.littoral2,2022,5,2022-05-01,5,5,0.192,NA,0.192,0.07250000000000001,2.408333333333333,13.120901265994753,3.6294141459821834,20.93,3.5,29,TRUE
PRPO,PRPO.AOS.buoy.c0,2022,7,2022-07-01,6,6,0.8200000000000001,NA,0.8366666666666667,0.07,0.6180555555555556,24.192481596653938,1.6477288097295077,29.3,20.56,30,TRUE
PRPO,PRPO.AOS.littoral1,2022,7,2022-07-01,8,8,0.5575,NA,0.5762499999999999,0.06333333333333334,1.015625,24.192481596653938,1.6477288097295077,29.3,20.56,30,TRUE
PRPO,PRPO.AOS.littoral2,2022,7,2022-07-01,2,2,0.36,NA,0.36,0.05,0.9791666666666667,24.192481596653938,1.6477288097295077,29.3,20.56,30,TRUE
PRPO,PRPO.AOS.buoy.c0,2022,9,2022-09-01,5,5,0.299,NA,0.34600000000000003,0.06666666666666667,5.783333333333333,17.157736979861003,2.7980733072412534,22.67,12.26,30,TRUE
PRPO,PRPO.AOS.littoral1,2022,9,2022-09-01,6,6,0.48050000000000004,NA,0.5700000000000001,0.07,5.652777777777778,17.157736979861003,2.7980733072412534,22.67,12.26,30,TRUE
PRPO,PRPO.AOS.littoral2,2022,9,2022-09-01,7,7,0.44857142857142857,NA,0.4642857142857143,0.075,4.952380952380952,17.157736979861003,2.7980733072412534,22.67,12.26,30,TRUE
PRPO,PRPO.AOS.buoy.c1,2023,5,2023-05-01,7,7,0.31857142857142856,NA,0.3628571428571428,0.135,9.365079365079366,18.21250923864039,2.568634783771189,22.75,12.02,22,TRUE
PRPO,PRPO.AOS.littoral1,2023,5,2023-05-01,6,6,0.3666666666666667,NA,0.38,0.06566666666666666,15,18.21250923864039,2.568634783771189,22.75,12.02,22,TRUE
PRPO,PRPO.AOS.littoral2,2023,5,2023-05-01,6,6,0.26166666666666666,NA,0.3,0.075,4.868055555555555,18.21250923864039,2.568634783771189,22.75,12.02,22,TRUE
PRPO,PRPO.AOS.buoy.c0,2023,7,2023-07-01,8,8,0.332875,NA,0.35625,0.0694,3,22.811989404488475,2.035128578725549,28.84,19.25,31,TRUE
PRPO,PRPO.AOS.littoral1,2023,7,2023-07-01,6,6,0.25,NA,0.2833333333333333,0.066,5.5,22.811989404488475,2.035128578725549,28.84,19.25,31,TRUE
PRPO,PRPO.AOS.littoral2,2023,7,2023-07-01,8,8,0.25875000000000004,NA,0.2725,0.06333333333333334,2.583333333333333,22.811989404488475,2.035128578725549,28.84,19.25,31,TRUE
PRPO,PRPO.AOS.buoy.c0,2023,9,2023-09-01,4,4,0.46,NA,0.535,0.06,10.840277777777777,18.63501418951419,2.1872023525679243,25.32,16.2,30,TRUE
PRPO,PRPO.AOS.littoral1,2023,9,2023-09-01,11,11,0.16363636363636364,NA,0.1990909090909091,0.06375,22.064393939393945,18.63501418951419,2.1872023525679243,25.32,16.2,30,TRUE
PRPO,PRPO.AOS.littoral2,2023,9,2023-09-01,7,7,0.2357142857142857,NA,0.31,0.058,7.065476190476191,18.63501418951419,2.1872023525679243,25.32,16.2,30,TRUE
PRPO,PRPO.AOS.buoy.c0,2024,5,2024-05-01,4,4,0.3825,NA,0.44500000000000006,0.08499999999999999,38.53472222222222,13.64944988964225,2.800844770058197,19.98,7.36,30,TRUE
PRPO,PRPO.AOS.littoral1,2024,5,2024-05-01,5,5,0.306,NA,0.4,0.09,44.00000000000001,13.64944988964225,2.800844770058197,19.98,7.36,30,TRUE
PRPO,PRPO.AOS.littoral2,2024,5,2024-05-01,10,10,0.236,NA,0.336,0.06875,5.35,13.64944988964225,2.800844770058197,19.98,7.36,30,TRUE
PRPO,PRPO.AOS.buoy.c0,2024,7,2024-07-01,6,6,0.225,NA,0.2583333333333333,0.0675,25.925925925925927,23.996667176620395,2.5103604012486116,29.16,18.61,31,TRUE
PRPO,PRPO.AOS.littoral1,2024,7,2024-07-01,4,4,0.3475,NA,0.4625,0.065,22.3125,23.996667176620395,2.5103604012486116,29.16,18.61,31,TRUE
PRPO,PRPO.AOS.littoral2,2024,7,2024-07-01,9,9,0.3055555555555555,NA,0.3422222222222222,0.10714285714285715,32.52314814814815,23.996667176620395,2.5103604012486116,29.16,18.61,31,TRUE
PRPO,PRPO.AOS.buoy.c0,2024,9,2024-09-01,4,4,0.4325,NA,0.5675,0.065,180.20833333333331,19.152106523915208,1.404370218212809,22.83,15.91,30,TRUE
PRPO,PRPO.AOS.littoral1,2024,9,2024-09-01,5,5,0.232,NA,0.346,0.065,78.95833333333333,19.152106523915208,1.404370218212809,22.83,15.91,30,TRUE
PRPO,PRPO.AOS.littoral2,2024,9,2024-09-01,5,5,0.366,NA,0.47000000000000003,0.065,80.625,19.152106523915208,1.404370218212809,22.83,15.91,30,TRUE
SUGG,SUGG.AOS.buoy.c0,2014,7,2014-07-01,9,9,0.35644444444444445,NA,0.3973333333333333,NA,34.405092592592595,NA,NA,NA,NA,NA,FALSE
SUGG,SUGG.AOS.littoral1,2014,7,2014-07-01,10,10,0.324,NA,0.3589,NA,22.647222222222226,NA,NA,NA,NA,NA,FALSE
SUGG,SUGG.AOS.littoral2,2014,7,2014-07-01,12,12,0.6445833333333333,NA,0.6719166666666666,NA,21.016203703703706,NA,NA,NA,NA,NA,FALSE
SUGG,SUGG.AOS.buoy.c0,2015,2,2015-02-01,10,10,0.459375,NA,0.534375,NA,5.664583333333334,NA,NA,NA,NA,NA,FALSE
SUGG,SUGG.AOS.littoral1,2015,2,2015-02-01,11,11,0.4804,NA,0.5937,NA,5.450757575757575,NA,NA,NA,NA,NA,FALSE
SUGG,SUGG.AOS.littoral2,2015,2,2015-02-01,10,10,0.45511111111111113,NA,0.5097777777777778,NA,6.354166666666667,NA,NA,NA,NA,NA,FALSE
SUGG,SUGG.AOS.buoy.c0,2017,6,2017-06-01,10,10,0.5630000000000001,NA,0.693,NA,32.66666666666667,NA,NA,NA,NA,NA,FALSE
SUGG,SUGG.AOS.littoral1,2017,6,2017-06-01,13,13,0.4546153846153846,NA,0.5476923076923077,NA,6.057692307692308,NA,NA,NA,NA,NA,FALSE
SUGG,SUGG.AOS.littoral2,2017,6,2017-06-01,23,23,0.3204347826086957,NA,0.4047826086956522,NA,5.076086956521739,NA,NA,NA,NA,NA,FALSE
SUGG,SUGG.AOS.buoy.c0,2017,11,2017-11-01,9,9,0.5755555555555556,NA,0.7555555555555556,NA,8.24074074074074,20.31769010325984,1.7694767666429285,27.29,17.85,29,TRUE
SUGG,SUGG.AOS.littoral1,2017,11,2017-11-01,12,12,0.465,NA,0.6275000000000001,NA,6.388888888888889,20.31769010325984,1.7694767666429285,27.29,17.85,29,TRUE
SUGG,SUGG.AOS.littoral2,2017,11,2017-11-01,11,11,0.5181818181818182,NA,0.6781818181818182,NA,5.9393939393939394,20.31769010325984,1.7694767666429285,27.29,17.85,29,TRUE
SUGG,SUGG.AOS.buoy.c0,2018,2,2018-02-01,12,12,0.4483333333333333,NA,0.5633333333333334,0.08,5.625,18.08444962093657,3.0525810220783214,24.04,13.61,17,TRUE
SUGG,SUGG.AOS.littoral1,2018,2,2018-02-01,23,23,0.38363636363636366,NA,0.45045454545454544,0.08,1.0797101449275364,18.08444962093657,3.0525810220783214,24.04,13.61,17,TRUE
SUGG,SUGG.AOS.littoral2,2018,2,2018-02-01,14,14,0.5307142857142857,NA,0.6407142857142857,NA,3.3928571428571432,18.08444962093657,3.0525810220783214,24.04,13.61,17,TRUE
SUGG,SUGG.AOS.buoy.c0,2018,7,2018-07-01,6,6,0.6566666666666667,NA,0.9199999999999999,NA,21.203703703703702,30.036299251492295,1.5134281644772836,35.63,26.51,21,TRUE
SUGG,SUGG.AOS.littoral1,2018,7,2018-07-01,9,9,0.5666666666666667,NA,0.7111111111111111,0.08,18,30.036299251492295,1.5134281644772836,35.63,26.51,21,TRUE
SUGG,SUGG.AOS.littoral2,2018,7,2018-07-01,9,9,0.54,NA,0.6666666666666666,NA,3.611111111111111,30.036299251492295,1.5134281644772836,35.63,26.51,21,TRUE
SUGG,SUGG.AOS.buoy.c0,2018,10,2018-10-01,8,8,0.4575,NA,0.55,0.060000000000000005,19.444444444444446,26.735434422766964,2.2926547535396478,34.03,21.73,31,TRUE
SUGG,SUGG.AOS.littoral1,2018,10,2018-10-01,18,18,0.34500000000000003,NA,0.3894444444444444,0.065,4.319444444444445,26.735434422766964,2.2926547535396478,34.03,21.73,31,TRUE
SUGG,SUGG.AOS.littoral2,2018,10,2018-10-01,8,8,0.51875,NA,0.645,0.060000000000000005,25.78125,26.735434422766964,2.2926547535396478,34.03,21.73,31,TRUE
SUGG,SUGG.AOS.buoy.c0,2019,2,2019-02-01,10,10,0.5956,NA,0.8049999999999999,0.067,1.5,19.753275922223835,2.8220540137768477,27.03,11.68,22,TRUE
SUGG,SUGG.AOS.littoral1,2019,2,2019-02-01,10,10,0.6603,NA,0.8425,NA,1.9888888888888887,19.753275922223835,2.8220540137768477,27.03,11.68,22,TRUE
SUGG,SUGG.AOS.littoral2,2019,2,2019-02-01,10,10,0.6465,NA,0.7625,0.075,5.779166666666667,19.753275922223835,2.8220540137768477,27.03,11.68,22,TRUE
SUGG,SUGG.AOS.buoy.c0,2019,7,2019-07-01,12,12,0.48491666666666666,NA,0.59375,NA,17.291666666666664,30.939544335435613,1.135078999783601,35.86,27.86,28,TRUE
SUGG,SUGG.AOS.littoral1,2019,7,2019-07-01,19,19,0.34557894736842104,NA,0.39342105263157895,0.05,7.083333333333333,30.939544335435613,1.135078999783601,35.86,27.86,28,TRUE
SUGG,SUGG.AOS.littoral2,2019,7,2019-07-01,10,10,0.3574,NA,0.425,NA,18.1125,30.939544335435613,1.135078999783601,35.86,27.86,28,TRUE
SUGG,SUGG.AOS.buoy.c0,2019,10,2019-10-01,10,10,0.5256,NA,0.6325,0.06,12.666666666666666,26.643300828712512,1.2963396751541993,30.89,23.97,31,TRUE
SUGG,SUGG.AOS.littoral1,2019,10,2019-10-01,11,11,0.396,NA,0.5113636363636364,0.08,3.9204545454545454,26.643300828712512,1.2963396751541993,30.89,23.97,31,TRUE
SUGG,SUGG.AOS.littoral2,2019,10,2019-10-01,10,10,0.475,NA,0.605,0.05,5.016666666666667,26.643300828712512,1.2963396751541993,30.89,23.97,31,TRUE
SUGG,SUGG.AOS.buoy.c0,2020,2,2020-02-01,9,9,0.566,NA,0.7527777777777778,NA,3.1018518518518516,16.74156158434232,1.636225279452676,20.7,13.98,19,TRUE
SUGG,SUGG.AOS.littoral1,2020,2,2020-02-01,13,13,0.3533846153846154,NA,0.46923076923076923,0.075,1.689102564102564,16.74156158434232,1.636225279452676,20.7,13.98,19,TRUE
SUGG,SUGG.AOS.littoral2,2020,2,2020-02-01,10,10,0.5567,NA,0.7475,NA,3.8666666666666667,16.74156158434232,1.636225279452676,20.7,13.98,19,TRUE
SUGG,SUGG.AOS.buoy.c0,2020,7,2020-07-01,6,6,0.5878333333333333,NA,0.7916666666666666,NA,50.833333333333336,29.47940166054497,0.6446266014035328,31.75,28.13,10,TRUE
SUGG,SUGG.AOS.littoral1,2020,7,2020-07-01,13,13,0.45707692307692305,NA,0.5153846153846154,NA,7.3076923076923075,29.47940166054497,0.6446266014035328,31.75,28.13,10,TRUE
SUGG,SUGG.AOS.littoral2,2020,7,2020-07-01,15,15,0.31093333333333334,NA,0.4083333333333333,NA,1.6583333333333334,29.47940166054497,0.6446266014035328,31.75,28.13,10,TRUE
SUGG,SUGG.AOS.buoy.c0,2020,10,2020-10-01,11,11,0.49536363636363634,NA,0.615909090909091,NA,5.753787878787879,25.618595682316222,0.9495333948821001,27.96,23.47,31,TRUE
SUGG,SUGG.AOS.littoral1,2020,10,2020-10-01,12,12,0.41741666666666666,NA,0.5541666666666667,0.05,2.1145833333333335,25.618595682316222,0.9495333948821001,27.96,23.47,31,TRUE
SUGG,SUGG.AOS.littoral2,2020,10,2020-10-01,12,12,0.39825,NA,0.47708333333333336,NA,5.798611111111111,25.618595682316222,0.9495333948821001,27.96,23.47,31,TRUE
SUGG,SUGG.AOS.buoy.c1,2021,2,2021-02-01,9,9,0.5775555555555556,NA,0.7583333333333333,NA,15.347222222222221,NA,NA,NA,NA,NA,FALSE
SUGG,SUGG.AOS.littoral1,2021,2,2021-02-01,13,13,0.46192307692307694,NA,0.5826923076923077,0.07150000000000001,2.483974358974359,NA,NA,NA,NA,NA,FALSE
SUGG,SUGG.AOS.littoral2,2021,2,2021-02-01,13,13,0.45684615384615385,NA,0.5711538461538461,NA,6.288461538461538,NA,NA,NA,NA,NA,FALSE
SUGG,SUGG.AOS.buoy.c0,2021,6,2021-06-01,9,9,0.5445555555555556,NA,0.6555555555555556,0.1,49.07407407407407,28.963751927473822,1.079808350933911,33.55,26.48,30,TRUE
SUGG,SUGG.AOS.littoral1,2021,6,2021-06-01,10,10,0.49,NA,0.5925,NA,108.66666666666666,28.963751927473822,1.079808350933911,33.55,26.48,30,TRUE
SUGG,SUGG.AOS.littoral2,2021,6,2021-06-01,10,10,0.43920000000000003,NA,0.54,0.069,25.749999999999993,28.963751927473822,1.079808350933911,33.55,26.48,30,TRUE
SUGG,SUGG.AOS.buoy.c0,2022,2,2022-02-01,11,11,0.5697272727272727,NA,0.6863636363636364,0.06666666666666667,1.6388888888888888,17.424765264937037,3.4139603241813883,26.26,11.34,28,TRUE
SUGG,SUGG.AOS.littoral1,2022,2,2022-02-01,12,12,0.50875,NA,0.5983333333333334,0.1,0.7569444444444444,17.424765264937037,3.4139603241813883,26.26,11.34,28,TRUE
SUGG,SUGG.AOS.littoral2,2022,2,2022-02-01,8,8,0.747875,NA,0.8375,0.05,7.1875,17.424765264937037,3.4139603241813883,26.26,11.34,28,TRUE
SUGG,SUGG.AOS.buoy.c1,2022,7,2022-07-01,8,8,0.5765,NA,0.6875,0.05,42.34375,31.353551906555182,0.8529353964712383,35.9,29.12,31,TRUE
SUGG,SUGG.AOS.littoral1,2022,7,2022-07-01,7,7,0.42028571428571426,NA,0.5357142857142857,0.065,33.33333333333333,31.353551906555182,0.8529353964712383,35.9,29.12,31,TRUE
SUGG,SUGG.AOS.littoral2,2022,7,2022-07-01,6,6,0.6695,NA,0.75,0.05,73.95833333333334,31.353551906555182,0.8529353964712383,35.9,29.12,31,TRUE
SUGG,SUGG.AOS.buoy.c0,2022,10,2022-10-01,7,7,0.7035714285714286,NA,0.8428571428571429,0.05,6.686507936507937,24.135007918484828,1.7293441190514396,29.2,19.88,31,TRUE
SUGG,SUGG.AOS.littoral1,2022,10,2022-10-01,12,12,0.5114166666666666,NA,0.635,0.0825,4.253472222222222,24.135007918484828,1.7293441190514396,29.2,19.88,31,TRUE
SUGG,SUGG.AOS.littoral2,2022,10,2022-10-01,9,9,0.6101111111111112,NA,0.7666666666666666,0.05,3.4027777777777777,24.135007918484828,1.7293441190514396,29.2,19.88,31,TRUE
SUGG,SUGG.AOS.buoy.c1,2023,2,2023-02-01,15,15,0.498,NA,0.6146666666666667,0.0674,3.388888888888889,20.2396745100986,2.092605211738841,27.36,10.56,28,TRUE
SUGG,SUGG.AOS.littoral1,2023,2,2023-02-01,8,8,0.615,NA,0.7625,0.065,8.75,20.2396745100986,2.092605211738841,27.36,10.56,28,TRUE
SUGG,SUGG.AOS.littoral2,2023,2,2023-02-01,11,11,0.5298181818181819,NA,0.6336363636363637,0.08333333333333334,3.8409090909090913,20.2396745100986,2.092605211738841,27.36,10.56,28,TRUE
SUGG,SUGG.AOS.buoy.c0,2023,6,2023-06-01,7,7,0.6881428571428572,NA,0.8285714285714285,0.05,6.031746031746032,29.115324526512765,1.4870556016829592,34.4,26.34,30,TRUE
SUGG,SUGG.AOS.littoral1,2023,6,2023-06-01,9,9,0.4444444444444444,NA,0.5066666666666667,0.06375,3.791666666666667,29.115324526512765,1.4870556016829592,34.4,26.34,30,TRUE
SUGG,SUGG.AOS.littoral2,2023,6,2023-06-01,14,14,0.30307142857142855,NA,0.32857142857142857,0.07777777777777778,0.5029761904761905,29.115324526512765,1.4870556016829592,34.4,26.34,30,TRUE
SUGG,SUGG.AOS.buoy.c0,2023,10,2023-10-01,8,8,0.39875,NA,0.55625,0.13,19.96527777777778,24.753568096986786,1.4449350615359033,29.94,21.9,31,TRUE
SUGG,SUGG.AOS.littoral1,2023,10,2023-10-01,12,12,0.2808333333333333,NA,0.35583333333333333,0.075,2.4895833333333335,24.753568096986786,1.4449350615359033,29.94,21.9,31,TRUE
SUGG,SUGG.AOS.littoral2,2023,10,2023-10-01,10,10,0.635,NA,0.724,0.07333333333333333,16.57916666666667,24.753568096986786,1.4449350615359033,29.94,21.9,31,TRUE
SUGG,SUGG.AOS.buoy.c0,2024,2,2024-02-01,6,6,0.4116666666666667,NA,0.5816666666666667,0.055,12.444444444444445,16.964006186408465,1.0328817013753688,20.07,14.64,26,TRUE
SUGG,SUGG.AOS.littoral1,2024,2,2024-02-01,8,8,0.41875,NA,0.5549999999999999,0.08,4.817708333333333,16.964006186408465,1.0328817013753688,20.07,14.64,26,TRUE
SUGG,SUGG.AOS.littoral2,2024,2,2024-02-01,12,12,0.28833333333333333,NA,0.425,0.06857142857142857,1.6111111111111112,16.964006186408465,1.0328817013753688,20.07,14.64,26,TRUE
SUGG,SUGG.AOS.buoy.c0,2024,7,2024-07-01,5,5,0.522,NA,0.816,0.05,25.566666666666666,31.4673103119266,0.6070589981847558,35.75,28.98,31,TRUE
SUGG,SUGG.AOS.littoral1,2024,7,2024-07-01,5,5,0.506,NA,0.734,0.05,2.6833333333333336,31.4673103119266,0.6070589981847558,35.75,28.98,31,TRUE
SUGG,SUGG.AOS.littoral2,2024,7,2024-07-01,9,9,0.38,NA,0.4955555555555556,0.07333333333333333,2.523148148148148,31.4673103119266,0.6070589981847558,35.75,28.98,31,TRUE
SUGG,SUGG.AOS.buoy.c0,2024,10,2024-10-01,8,8,0.60375,NA,0.7575,NA,7.868055555555555,25.086798786612594,2.5281503632048663,32.1,20.91,31,TRUE
SUGG,SUGG.AOS.littoral1,2024,10,2024-10-01,9,9,0.43777777777777777,NA,0.6377777777777778,0.06,8.253086419753085,25.086798786612594,2.5281503632048663,32.1,20.91,31,TRUE
SUGG,SUGG.AOS.littoral2,2024,10,2024-10-01,8,8,0.56125,NA,0.68875,0.12,2.8958333333333335,25.086798786612594,2.5281503632048663,32.1,20.91,31,TRUE
TOOK,TOOK.AOS.buoy.c0,2017,6,2017-06-01,10,10,0.42000000000000004,NA,0.496,0.07500000000000001,1.0073761854583774,NA,NA,NA,NA,NA,FALSE
TOOK,TOOK.AOS.littoral2,2017,6,2017-06-01,11,11,0.42363636363636364,NA,0.47363636363636363,0.09,0.5252525252525253,NA,NA,NA,NA,NA,FALSE
TOOK,TOOK.AOS.littoral3,2017,6,2017-06-01,12,12,0.48416666666666663,NA,0.55,0.08499999999999999,0.5520833333333333,NA,NA,NA,NA,NA,FALSE
TOOK,TOOK.AOS.buoy.c0,2017,7,2017-07-01,8,8,0.9225,NA,0.9850000000000001,0.05,1.5291997116077867,NA,NA,NA,NA,NA,FALSE
TOOK,TOOK.AOS.littoral2,2017,7,2017-07-01,8,8,0.495,NA,0.5375,0.05,0.6197916666666667,NA,NA,NA,NA,NA,FALSE
TOOK,TOOK.AOS.littoral3,2017,7,2017-07-01,12,12,0.45999999999999996,NA,0.5125,0.11499999999999999,0.2604166666666667,NA,NA,NA,NA,NA,FALSE
TOOK,TOOK.AOS.buoy.c0,2017,9,2017-09-01,7,7,0.5128571428571429,NA,0.5528571428571428,0.05,0.8734164177567205,NA,NA,NA,NA,NA,FALSE
TOOK,TOOK.AOS.littoral2,2017,9,2017-09-01,6,6,0.5566666666666666,NA,0.605,NA,0.6041666666666666,NA,NA,NA,NA,NA,FALSE
TOOK,TOOK.AOS.littoral3,2017,9,2017-09-01,6,6,0.568,NA,0.592,NA,0.07638888888888888,NA,NA,NA,NA,NA,FALSE
TOOK,TOOK.AOS.buoy.c0,2018,6,2018-06-01,8,8,0.33125,NA,0.43,0.095,0.6371665465032444,NA,NA,NA,NA,NA,FALSE
TOOK,TOOK.AOS.littoral2,2018,6,2018-06-01,10,10,0.447,NA,0.484,0.10500000000000001,0.6666666666666666,NA,NA,NA,NA,NA,FALSE
TOOK,TOOK.AOS.littoral3,2018,6,2018-06-01,15,15,0.35200000000000004,NA,0.41600000000000004,0.11000000000000001,0.6037037037037037,NA,NA,NA,NA,NA,FALSE
TOOK,TOOK.AOS.buoy.c0,2018,8,2018-08-01,11,11,0.7645454545454545,NA,0.8145454545454546,0.065,2.7872451989250835,NA,NA,NA,NA,NA,FALSE
TOOK,TOOK.AOS.littoral2,2018,8,2018-08-01,6,6,0.9166666666666666,NA,0.9266666666666666,0.08,34.201388888888886,NA,NA,NA,NA,NA,FALSE
TOOK,TOOK.AOS.littoral3,2018,8,2018-08-01,7,7,0.5271428571428571,NA,0.54,0.065,13.160714285714285,NA,NA,NA,NA,NA,FALSE
TOOK,TOOK.AOS.buoy.c0,2018,9,2018-09-01,9,9,0.5166666666666667,NA,0.5766666666666667,0.05,1.2032580525731211,NA,NA,NA,NA,NA,FALSE
TOOK,TOOK.AOS.littoral2,2018,9,2018-09-01,12,12,0.7333333333333333,NA,0.7516666666666667,0.065,0.6076388888888888,NA,NA,NA,NA,NA,FALSE
TOOK,TOOK.AOS.littoral3,2018,9,2018-09-01,6,6,0.3183333333333333,NA,0.35333333333333333,NA,0.4097222222222222,NA,NA,NA,NA,NA,FALSE
TOOK,TOOK.AOS.buoy.c1,2019,6,2019-06-01,13,13,0.7761538461538461,NA,0.9677692307692308,0.09042857142857143,1.7735311707914447,NA,NA,NA,NA,NA,FALSE
TOOK,TOOK.AOS.littoral2,2019,6,2019-06-01,10,10,0.5749,NA,0.6412,0.0716,4.305555555555555,NA,NA,NA,NA,NA,FALSE
TOOK,TOOK.AOS.littoral3,2019,6,2019-06-01,10,10,0.5725,NA,0.6752,0.1002,0.3166666666666667,NA,NA,NA,NA,NA,FALSE
TOOK,TOOK.AOS.buoy.c1,2019,7,2019-07-01,5,5,0.7832,NA,1.0696,0.065,1.035328046142754,16.16250714285714,0.8666598650472205,17.51,15.03,5,TRUE
TOOK,TOOK.AOS.littoral2,2019,7,2019-07-01,4,4,0.6525000000000001,NA,0.7232500000000001,0.04,0.1875,16.16250714285714,0.8666598650472205,17.51,15.03,5,TRUE
TOOK,TOOK.AOS.littoral3,2019,7,2019-07-01,6,6,1.0905,NA,1.1683333333333334,0.0635,0.5833333333333333,16.16250714285714,0.8666598650472205,17.51,15.03,5,TRUE
TOOK,TOOK.AOS.buoy.c0,2019,9,2019-09-01,7,7,1.4694285714285713,NA,1.574142857142857,0.074,0.32500185786123015,7.495,0.007071067811865324,7.5,7.49,2,TRUE
TOOK,TOOK.AOS.littoral2,2019,9,2019-09-01,2,2,0.4955,NA,0.498,0.072,0.33333333333333337,7.495,0.007071067811865324,7.5,7.49,2,TRUE
TOOK,TOOK.AOS.littoral3,2019,9,2019-09-01,5,5,0.7842,NA,0.8004,0.07100000000000001,0.725,7.495,0.007071067811865324,7.5,7.49,2,TRUE
TOOK,TOOK.AOS.buoy.c1,2020,7,2020-07-01,6,6,0.6045,NA,0.65,0.06366666666666668,3.905311223263639,NA,NA,NA,NA,NA,FALSE
TOOK,TOOK.AOS.littoral2,2020,7,2020-07-01,7,7,0.5344285714285715,NA,0.58,0.09725,2.015873015873016,NA,NA,NA,NA,NA,FALSE
TOOK,TOOK.AOS.littoral3,2020,7,2020-07-01,6,6,0.5498333333333334,NA,0.5883333333333334,0.067,9.930555555555555,NA,NA,NA,NA,NA,FALSE
TOOK,TOOK.AOS.buoy.c1,2020,8,2020-08-01,4,4,0.85425,NA,0.92675,0.052,2.1103295075897814,NA,NA,NA,NA,NA,FALSE
TOOK,TOOK.AOS.littoral2,2020,8,2020-08-01,8,8,0.878625,NA,0.9358749999999999,0.078,0.8020833333333334,NA,NA,NA,NA,NA,FALSE
TOOK,TOOK.AOS.littoral3,2020,8,2020-08-01,6,6,1.1663333333333332,NA,1.2198333333333333,0.051,0.6250000000000001,NA,NA,NA,NA,NA,FALSE
TOOK,TOOK.AOS.buoy.c1,2020,9,2020-09-01,7,7,1.1384285714285713,NA,1.1987142857142856,0.098,0.7837573385518591,NA,NA,NA,NA,NA,FALSE
TOOK,TOOK.AOS.littoral2,2020,9,2020-09-01,8,8,0.764,NA,0.8532500000000001,0.09666666666666666,2.3680555555555554,NA,NA,NA,NA,NA,FALSE
TOOK,TOOK.AOS.littoral3,2020,9,2020-09-01,8,8,0.85325,NA,0.882125,0.101,0.2638888888888889,NA,NA,NA,NA,NA,FALSE
TOOK,TOOK.AOS.buoy.c1,2021,7,2021-07-01,18,15,0.7038888888888889,NA,0.7456666666666667,0.1325,1.5452194471660947,13.418039617535324,2.310727405670232,17.89,8.52,31,TRUE
TOOK,TOOK.AOS.littoral2,2021,7,2021-07-01,14,12,0.7547857142857143,NA,0.8927142857142857,0.07283333333333333,5.72420634920635,13.418039617535324,2.310727405670232,17.89,8.52,31,TRUE
TOOK,TOOK.AOS.littoral3,2021,7,2021-07-01,15,11,0.6781333333333334,NA,0.7306666666666667,0.06816666666666667,5.046296296296297,13.418039617535324,2.310727405670232,17.89,8.52,31,TRUE
TOOK,TOOK.AOS.buoy.c0,2021,9,2021-09-01,5,5,0.66,NA,0.66,0.1,1.6283807516684228,8.038064238265534,0.23765207592637708,9.43,7.56,12,TRUE
TOOK,TOOK.AOS.littoral2,2021,9,2021-09-01,7,7,1.0142857142857142,NA,1.0142857142857142,0.1,2.083333333333333,8.038064238265534,0.23765207592637708,9.43,7.56,12,TRUE
TOOK,TOOK.AOS.littoral3,2021,9,2021-09-01,7,7,0.5,NA,0.5285714285714286,0.1,0.6468253968253969,8.038064238265534,0.23765207592637708,9.43,7.56,12,TRUE
TOOK,TOOK.AOS.buoy.c1,2022,6,2022-06-01,9,9,0.33744444444444444,NA,0.3744444444444444,0.085,0.604261796042618,8.533039445907166,1.09379860457659,11.42,5.32,6,TRUE
TOOK,TOOK.AOS.littoral2,2022,6,2022-06-01,11,11,0.5714545454545454,NA,0.7072727272727273,0.09333333333333334,0.5934343434343434,8.533039445907166,1.09379860457659,11.42,5.32,6,TRUE
TOOK,TOOK.AOS.littoral3,2022,6,2022-06-01,10,10,0.567,NA,0.597,0.078,3.4722222222222223,8.533039445907166,1.09379860457659,11.42,5.32,6,TRUE
TOOK,TOOK.AOS.buoy.c0,2022,8,2022-08-01,9,9,0.8322222222222222,NA,0.8655555555555555,0.052500000000000005,0.8471521268925739,10.055406438777428,0.8005214725192233,12.73,8.78,29,TRUE
TOOK,TOOK.AOS.littoral2,2022,8,2022-08-01,10,10,0.77,NA,0.8099999999999999,0.060000000000000005,1.1972222222222222,10.055406438777428,0.8005214725192233,12.73,8.78,29,TRUE
TOOK,TOOK.AOS.littoral3,2022,8,2022-08-01,8,8,0.69875,NA,0.72625,0.061,0.17708333333333331,10.055406438777428,0.8005214725192233,12.73,8.78,29,TRUE
TOOK,TOOK.AOS.buoy.c0,2022,9,2022-09-01,7,7,1.0614285714285714,NA,1.09,0.05,1.0876506334328973,8.629614583333334,0.7167557359832397,10.12,7.29,20,TRUE
TOOK,TOOK.AOS.littoral2,2022,9,2022-09-01,8,8,0.9225,NA,0.935,0.04666666666666667,0.2951388888888889,8.629614583333334,0.7167557359832397,10.12,7.29,20,TRUE
TOOK,TOOK.AOS.littoral3,2022,9,2022-09-01,8,8,0.931875,NA,0.9662499999999999,0.06166666666666667,0.16319444444444445,8.629614583333334,0.7167557359832397,10.12,7.29,20,TRUE
TOOK,TOOK.AOS.buoy.c1,2023,7,2023-07-01,19,13,0.6519473684210526,NA,0.6878947368421052,0.07250000000000001,0.7148793566681027,14.087017052342665,2.798680144654513,19.8,9.44,31,TRUE
TOOK,TOOK.AOS.littoral2,2023,7,2023-07-01,16,11,0.63,NA,0.70875,0.069625,1.3602430555555556,14.087017052342665,2.798680144654513,19.8,9.44,31,TRUE
TOOK,TOOK.AOS.littoral3,2023,7,2023-07-01,14,11,0.3865,NA,0.4514285714285714,0.06833333333333333,0.36904761904761907,14.087017052342665,2.798680144654513,19.8,9.44,31,TRUE
TOOK,TOOK.AOS.buoy.c0,2023,9,2023-09-01,9,9,0.8963333333333333,NA,0.9388888888888889,0.06375,0.5607626371865737,7.803946078431373,0.9849159213495123,9.92,6.55,17,TRUE
TOOK,TOOK.AOS.littoral2,2023,9,2023-09-01,8,8,0.875,NA,0.8937499999999999,0.06333333333333334,0.9322916666666667,7.803946078431373,0.9849159213495123,9.92,6.55,17,TRUE
TOOK,TOOK.AOS.littoral3,2023,9,2023-09-01,9,9,0.5055555555555555,NA,0.5277777777777778,0.061399999999999996,0.21511922881785894,7.803946078431373,0.9849159213495123,9.92,6.55,17,TRUE
TOOK,TOOK.AOS.buoy.c1,2024,6,2024-06-01,14,14,0.19857142857142857,NA,0.2507142857142857,0.08666666666666667,0.6715237742635003,11.993821022727275,0.1711861937711279,12.79,10.63,4,TRUE
TOOK,TOOK.AOS.littoral2,2024,6,2024-06-01,10,10,0.247,NA,0.43100000000000005,0.07625,1.5222222222222224,11.993821022727275,0.1711861937711279,12.79,10.63,4,TRUE
TOOK,TOOK.AOS.littoral3,2024,6,2024-06-01,17,17,0.22294117647058825,NA,0.26823529411764707,0.10615384615384615,1.4379084967320261,11.993821022727275,0.1711861937711279,12.79,10.63,4,TRUE
TOOK,TOOK.AOS.buoy.c1,2024,8,2024-08-01,7,7,0.43,NA,0.5242857142857142,0.16999999999999998,1.510361784334387,11.003559540150995,1.4238987710408797,13.53,8.59,31,TRUE
TOOK,TOOK.AOS.littoral2,2024,8,2024-08-01,15,15,0.35333333333333333,NA,0.3926666666666667,0.10800000000000001,0.9851851851851852,11.003559540150995,1.4238987710408797,13.53,8.59,31,TRUE
TOOK,TOOK.AOS.littoral3,2024,8,2024-08-01,11,11,0.40454545454545454,NA,0.5372727272727272,0.065,0.23484848484848486,11.003559540150995,1.4238987710408797,13.53,8.59,31,TRUE
TOOK,TOOK.AOS.buoy.c0,2024,9,2024-09-01,7,7,0.4114285714285714,NA,0.5328571428571429,0.104,2.8320115356885363,7.610196231319039,0.41125410621010994,9.03,7.03,18,TRUE
TOOK,TOOK.AOS.littoral2,2024,9,2024-09-01,7,7,0.42428571428571427,NA,0.5271428571428571,0.060000000000000005,3.682539682539683,7.610196231319039,0.41125410621010994,9.03,7.03,18,TRUE
TOOK,TOOK.AOS.littoral3,2024,9,2024-09-01,8,8,0.4475,NA,0.47124999999999995,0.062,0.3541666666666667,7.610196231319039,0.41125410621010994,9.03,7.03,18,TRUE
