siteID,namedLocation,year,month,n_samples,n_taxa,mean_body_length,sd_body_length,max_body_length,mean_body_width,mean_count_per_liter
BARC,BARC.AOS.buoy.c0,2014,7,11,11,0.3453636363636364,NA,0.38963636363636367,NA,1.2973954055271455
BARC,BARC.AOS.littoral1,2014,7,10,10,0.3986,NA,0.43489999999999995,NA,3.8188736681887363
BARC,BARC.AOS.littoral2,2014,7,15,15,0.3249,NA,0.3390666666666667,NA,6.816666666666666
BARC,BARC.AOS.buoy.c0,2015,2,13,13,0.43374999999999997,NA,0.4762,NA,0.24236037934668073
BARC,BARC.AOS.littoral1,2015,2,13,13,0.425,NA,0.4698333333333333,NA,0.28146587050696636
BARC,BARC.AOS.littoral2,2015,2,9,9,0.24505555555555555,NA,0.2748888888888889,NA,0.7592592592592593
BARC,BARC.AOS.buoy.c0,2017,6,12,12,0.275,NA,0.32499999999999996,0.08,9.132420091324201
BARC,BARC.AOS.littoral1,2017,6,17,17,0.20441176470588235,NA,0.21941176470588236,0.08,2.6446078431372553
BARC,BARC.AOS.littoral2,2017,6,20,20,0.24825,NA,0.2785,0.07,5.510416666666667
BARC,BARC.AOS.buoy.c0,2017,10,18,18,0.35694444444444445,NA,0.39722222222222225,0.07,3.815084348046677
BARC,BARC.AOS.littoral1,2017,10,20,20,0.24675,NA,0.27049999999999996,0.065,3.35
BARC,BARC.AOS.littoral2,2017,10,21,21,0.2633333333333333,NA,0.29,0.065,5.158730158730158
BARC,BARC.AOS.buoy.c0,2018,2,11,11,0.5331818181818182,NA,0.6554545454545454,NA,4.206165654306555
BARC,BARC.AOS.littoral1,2018,2,12,12,0.34291666666666665,NA,0.39666666666666667,NA,20.34722222222222
BARC,BARC.AOS.littoral2,2018,2,21,21,0.29675,NA,0.338,0.065,6.001322751322752
BARC,BARC.AOS.buoy.c0,2018,7,11,11,0.47681818181818186,NA,0.5781818181818181,NA,4.745874844333748
BARC,BARC.AOS.littoral1,2018,7,17,17,0.37176470588235294,NA,0.43470588235294116,NA,3.218954248366013
BARC,BARC.AOS.littoral2,2018,7,11,11,0.34090909090909094,NA,0.3418181818181818,NA,12.272727272727273
BARC,BARC.AOS.buoy.c0,2018,10,11,11,0.5436363636363636,NA,0.6609090909090909,NA,5.182637060023092
BARC,BARC.AOS.littoral1,2018,10,15,15,0.439,NA,0.5233333333333333,NA,6.24202450686469
BARC,BARC.AOS.littoral2,2018,10,16,16,0.416875,NA,0.505625,0.05,4.168366470562975
BARC,BARC.AOS.buoy.c0,2019,2,16,16,0.4859375,NA,0.58125,0.075,2.844510325086894
BARC,BARC.AOS.littoral1,2019,2,16,16,0.46328125,NA,0.5296875,0.05,2.027071102413568
BARC,BARC.AOS.littoral2,2019,2,15,15,0.3383333333333333,NA,0.36666666666666664,0.05,2.1635138073494233
BARC,BARC.AOS.buoy.c0,2019,7,12,12,0.46979166666666666,NA,0.5708333333333333,NA,6.786090621707061
BARC,BARC.AOS.littoral1,2019,7,15,15,0.4125,NA,0.48833333333333334,NA,2.3768645357686453
BARC,BARC.AOS.littoral2,2019,7,11,11,0.475,NA,0.5681818181818182,NA,13.520725849492973
BARC,BARC.AOS.buoy.c0,2019,10,10,10,0.49624999999999997,NA,0.605,0.05,3.1963470319634704
BARC,BARC.AOS.littoral2,2019,10,14,14,0.41160714285714284,NA,0.4830357142857143,NA,4.410714285714286
BARC,BARC.AOS.buoy.c1,2020,2,13,13,0.5057692307692307,NA,0.6057692307692307,0.05,10.824025289778714
BARC,BARC.AOS.littoral1,2020,2,13,13,0.45865384615384613,NA,0.5346153846153846,NA,1.3846153846153846
BARC,BARC.AOS.littoral2,2020,2,22,22,0.3625,NA,0.40454545454545454,0.05,0.8371212121212122
BARC,BARC.AOS.buoy.c0,2020,7,15,15,0.4475,NA,0.525,0.0625,11.364789446981227
BARC,BARC.AOS.littoral1,2020,7,21,21,0.3761904761904762,NA,0.4107142857142857,0.0625,2.1706349206349205
BARC,BARC.AOS.littoral2,2020,7,20,20,0.28625,NA,0.33125,0.05,3.2083333333333335
BARC,BARC.AOS.buoy.c0,2020,10,10,10,0.8887499999999999,NA,1.11,0.075,11.85458377239199
BARC,BARC.AOS.littoral1,2020,10,10,10,0.5525,NA,0.635,NA,10.666666666666666
BARC,BARC.AOS.littoral2,2020,10,13,13,0.44134615384615383,NA,0.5192307692307693,0.05,7.628205128205128
BARC,BARC.AOS.buoy.c0,2021,2,13,13,0.4239583333333333,NA,0.4979166666666667,0.0505,11.258634820278656
BARC,BARC.AOS.littoral1,2021,2,20,20,0.330625,NA,0.35875,0.07,2.333333333333334
BARC,BARC.AOS.littoral2,2021,2,12,12,0.35625,NA,0.38333333333333336,NA,1.28125
BARC,BARC.AOS.buoy.c0,2021,7,12,12,0.525,NA,0.6125,0.05,3.6621004566210047
BARC,BARC.AOS.littoral1,2021,7,18,18,0.3833333333333333,NA,0.43472222222222223,NA,2.1064814814814814
BARC,BARC.AOS.littoral2,2021,7,20,20,0.418125,NA,0.455,0.075,1.8687500000000001
BARC,BARC.AOS.buoy.c0,2021,11,17,17,0.3438235294117647,NA,0.39,0.07954545454545454,1.8121586534157041
BARC,BARC.AOS.littoral1,2021,11,8,8,0.56875,NA,0.56875,0.05,3.4375
BARC,BARC.AOS.littoral2,2021,11,7,7,0.29857142857142854,NA,0.32857142857142857,0.0625,1.976190476190476
BARC,BARC.AOS.buoy.c0,2022,2,11,11,0.5181818181818182,NA,0.5909090909090909,0.078,1.4379217469373573
BARC,BARC.AOS.littoral1,2022,2,7,7,0.39999999999999997,NA,0.4928571428571428,0.0775,0.5833333333333334
BARC,BARC.AOS.littoral2,2022,2,13,13,0.5038461538461538,NA,0.5615384615384615,0.1285714285714286,2.3397435897435894
BARC,BARC.AOS.buoy.c0,2022,7,7,7,0.6714285714285715,NA,0.8,NA,0.9957407620582479
BARC,BARC.AOS.littoral1,2022,7,7,7,0.5242857142857142,NA,0.5599999999999999,0.07,2.5714285714285716
BARC,BARC.AOS.littoral2,2022,7,6,6,0.6833333333333333,NA,0.8,NA,12.916666666666668
BARC,BARC.AOS.buoy.c0,2022,11,11,11,0.3986363636363636,NA,0.44181818181818183,0.065,0.2646326276463263
BARC,BARC.AOS.littoral1,2022,11,13,13,0.40615384615384614,NA,0.4330769230769231,0.0825,1.269230769230769
BARC,BARC.AOS.littoral2,2022,11,12,12,0.30375,NA,0.3516666666666667,0.074375,0.5972222222222222
BARC,BARC.AOS.buoy.c0,2023,2,12,12,0.5458333333333334,NA,0.65,0.07,1.887453300124533
BARC,BARC.AOS.littoral1,2023,2,11,11,0.4863636363636364,NA,0.5318181818181819,0.06333333333333334,1.143939393939394
BARC,BARC.AOS.littoral2,2023,2,8,8,0.3675,NA,0.4375,0.06666666666666667,0.5729166666666667
BARC,BARC.AOS.buoy.c0,2023,6,9,9,0.6166666666666667,NA,0.7444444444444445,0.05,1.5079112243814379
BARC,BARC.AOS.littoral1,2023,6,7,7,0.48142857142857143,NA,0.5599999999999999,0.05,2.25
BARC,BARC.AOS.littoral2,2023,6,8,8,0.5375,NA,0.6,0.055,2.84375
BARC,BARC.AOS.buoy.c0,2023,11,10,10,0.32599999999999996,NA,0.445,0.12333333333333334,1.36986301369863
BARC,BARC.AOS.littoral1,2023,11,10,10,0.23800000000000002,NA,0.312,0.07714285714285715,3.972222222222222
BARC,BARC.AOS.littoral2,2023,11,8,8,0.28625,NA,0.3075,0.09166666666666667,2.6284722222222223
BARC,BARC.AOS.buoy.c0,2024,2,10,10,0.309,NA,0.429,0.14142857142857143,2.545143212951432
BARC,BARC.AOS.littoral1,2024,2,13,13,0.3088461538461538,NA,0.4246153846153846,0.09,5.02991452991453
BARC,BARC.AOS.littoral2,2024,2,8,8,0.26249999999999996,NA,0.36,0.06,3.5902777777777777
BARC,BARC.AOS.buoy.c0,2024,7,6,6,0.3683333333333333,NA,0.5499999999999999,0.07,5.3816046966731905
BARC,BARC.AOS.littoral1,2024,7,10,10,0.4015,NA,0.498,0.07200000000000001,1.1444444444444444
BARC,BARC.AOS.littoral2,2024,7,3,3,0.45666666666666667,NA,0.61,NA,2.833333333333333
BARC,BARC.AOS.buoy.c0,2024,10,8,8,0.45,NA,0.52,0.07,4.251634495641346
BARC,BARC.AOS.littoral1,2024,10,10,10,0.2728,NA,0.3172,0.08885714285714286,3.25
BARC,BARC.AOS.littoral2,2024,10,8,8,0.261875,NA,0.30125,0.060000000000000005,0.3125
CRAM,CRAM.AOS.littoral1,2015,5,9,9,0.28,NA,0.2995555555555556,0.08666666666666667,14.356481481481481
CRAM,CRAM.AOS.littoral2,2015,5,10,10,0.3388888888888889,NA,0.39555555555555555,0.066,23.937499999999993
CRAM,CRAM.AOS.buoy.c0,2015,7,22,22,0.3831818181818182,NA,0.4809090909090909,0.10545454545454545,1.1353719846870531
CRAM,CRAM.AOS.littoral1,2015,7,19,19,0.4088888888888889,NA,0.45,0.11666666666666667,7.9298245614035086
CRAM,CRAM.AOS.littoral2,2015,7,14,14,0.3737142857142857,NA,0.4645714285714286,0.07200000000000001,18.904761904761905
CRAM,CRAM.AOS.buoy.c0,2015,9,16,16,0.49500000000000005,NA,0.6224999999999999,0.09333333333333334,0.7011272831050228
CRAM,CRAM.AOS.littoral1,2015,9,18,18,0.3247058823529412,NA,0.34941176470588237,0.1125,3.574074074074074
CRAM,CRAM.AOS.littoral2,2015,9,17,17,0.24875,NA,0.26625,0.101,1.8431372549019607
CRAM,CRAM.AOS.buoy.c0,2016,4,17,17,0.51625,NA,0.5916666666666667,0.135,6.943647596024712
CRAM,CRAM.AOS.littoral1,2016,4,13,13,0.27984615384615386,NA,0.3150769230769231,0.089,61.996794871794876
CRAM,CRAM.AOS.littoral2,2016,4,10,10,0.23500000000000001,NA,0.25,0.1,0.6291666666666667
CRAM,CRAM.AOS.buoy.c0,2017,5,18,18,0.3402777777777778,NA,0.3680555555555556,0.08,2.4287671232876713
CRAM,CRAM.AOS.littoral1,2017,5,8,8,0.246875,NA,0.26875,0.09,10.25
CRAM,CRAM.AOS.littoral2,2017,5,9,9,0.18472222222222223,NA,0.20833333333333334,0.08,7.828703703703704
CRAM,CRAM.AOS.buoy.c0,2017,7,17,17,0.18558823529411764,NA,0.20470588235294118,0.07,7.712674110740187
CRAM,CRAM.AOS.littoral1,2017,7,12,12,0.2533333333333333,NA,0.33416666666666667,0.060000000000000005,19.517361111111114
CRAM,CRAM.AOS.littoral2,2017,7,14,14,0.355,NA,0.38357142857142856,0.060000000000000005,14.866071428571427
CRAM,CRAM.AOS.buoy.c0,2017,9,17,17,0.6570588235294117,NA,0.6747058823529412,0.08666666666666667,1.994090786999731
CRAM,CRAM.AOS.littoral1,2017,9,12,12,0.22958333333333333,NA,0.2525,0.09,47.145833333333336
CRAM,CRAM.AOS.littoral2,2017,9,18,18,0.2605882352941177,NA,0.29000000000000004,0.09,5.8842592592592595
CRAM,CRAM.AOS.buoy.c0,2018,5,20,20,0.325,NA,0.3505263157894737,0.0825,0.8740011415525114
CRAM,CRAM.AOS.littoral1,2018,5,20,20,0.2826315789473684,NA,0.30526315789473685,0.08,41.93958333333333
CRAM,CRAM.AOS.littoral2,2018,5,17,17,0.2540625,NA,0.265625,0.11333333333333333,6.828431372549019
CRAM,CRAM.AOS.buoy.c0,2018,7,18,18,0.29250000000000004,NA,0.3005555555555556,0.07200000000000001,12.892982732378103
CRAM,CRAM.AOS.littoral1,2018,7,10,10,0.1895,NA,0.194,0.06666666666666667,38.6
CRAM,CRAM.AOS.littoral2,2018,7,12,12,0.16083333333333333,NA,0.17583333333333334,0.06666666666666667,32.42129629629629
CRAM,CRAM.AOS.buoy.c0,2018,10,15,15,0.7946666666666666,NA,0.8273333333333334,0.06666666666666667,0.420882800608828
CRAM,CRAM.AOS.littoral1,2018,10,17,17,0.23058823529411765,NA,0.24,0.05,16.544117647058822
CRAM,CRAM.AOS.littoral2,2018,10,13,13,0.2661538461538462,NA,0.2792307692307692,0.05,17.76282051282051
CRAM,CRAM.AOS.buoy.c0,2019,5,21,21,0.2838095238095238,NA,0.30404761904761907,0.07175000000000001,1.596192408977797
CRAM,CRAM.AOS.littoral1,2019,5,15,15,0.19316666666666668,NA,0.21233333333333332,0.06766666666666667,11.666666666666666
CRAM,CRAM.AOS.littoral2,2019,5,14,14,0.2292857142857143,NA,0.23464285714285715,0.06433333333333334,23.80952380952381
CRAM,CRAM.AOS.buoy.c1,2019,7,22,22,0.33571428571428574,NA,0.35000000000000003,0.07,10.219369671424465
CRAM,CRAM.AOS.littoral1,2019,7,9,9,0.14305555555555555,NA,0.15277777777777776,0.0625,37.777777777777786
CRAM,CRAM.AOS.littoral2,2019,7,11,11,0.14431818181818182,NA,0.15454545454545454,0.0625,79.69696969696969
CRAM,CRAM.AOS.buoy.c1,2019,9,18,18,0.5963235294117647,NA,0.6279411764705882,0.075,2.5505544683626877
CRAM,CRAM.AOS.littoral1,2019,9,16,16,0.25666666666666665,NA,0.28833333333333333,0.075,25.520833333333336
CRAM,CRAM.AOS.littoral2,2019,9,15,15,0.29464285714285715,NA,0.3357142857142857,0.075,18
CRAM,CRAM.AOS.buoy.c1,2020,6,18,18,0.2951388888888889,NA,0.31805555555555554,0.065,4.1593449850417255
CRAM,CRAM.AOS.littoral1,2020,6,16,16,0.23671875,NA,0.24375,0.05433333333333334,10.6875
CRAM,CRAM.AOS.littoral2,2020,6,16,16,0.16953125,NA,0.1828125,0.06875,8.125
CRAM,CRAM.AOS.buoy.c1,2020,7,21,21,0.3011904761904762,NA,0.3404761904761905,0.07250000000000001,4.698122780314561
CRAM,CRAM.AOS.littoral1,2020,7,16,16,0.17109375,NA,0.178125,0.0688,60.859375
CRAM,CRAM.AOS.littoral2,2020,7,16,16,0.14453125,NA,0.1515625,0.06666666666666667,4.28125
CRAM,CRAM.AOS.buoy.c1,2020,9,20,20,0.7914473684210528,NA,0.8105263157894737,0.05,2.07095693308367
CRAM,CRAM.AOS.littoral1,2020,9,13,13,0.18958333333333333,NA,0.19583333333333333,0.05,47.56410256410257
CRAM,CRAM.AOS.littoral2,2020,9,15,15,0.24821428571428572,NA,0.2625,0.05,64.88888888888889
CRAM,CRAM.AOS.buoy.c0,2021,4,21,21,0.346875,NA,0.38,0.08133333333333334,4.105701066601004
CRAM,CRAM.AOS.littoral1,2021,4,20,20,0.2618421052631579,NA,0.28157894736842104,0.08433333333333333,13
CRAM,CRAM.AOS.littoral2,2021,4,22,22,0.287797619047619,NA,0.3107142857142857,0.08399999999999999,12.632575757575758
CRAM,CRAM.AOS.buoy.c1,2021,7,20,20,0.2763157894736842,NA,0.3078947368421053,0.0674,1.2842465753424657
CRAM,CRAM.AOS.littoral1,2021,7,13,13,0.11979166666666666,NA,0.125,0.067,19.935897435897438
CRAM,CRAM.AOS.littoral2,2021,7,11,11,0.13874999999999998,NA,0.1475,0.058333333333333334,11.21590909090909
CRAM,CRAM.AOS.buoy.c1,2021,9,10,10,1.266,NA,1.476,0.06,1.4337899543378996
CRAM,CRAM.AOS.littoral1,2021,9,13,13,0.12730769230769232,NA,0.14461538461538462,0.06142857142857143,5.080128205128205
CRAM,CRAM.AOS.littoral2,2021,9,13,13,0.20846153846153848,NA,0.2276923076923077,0.0811111111111111,4.647435897435898
CRAM,CRAM.AOS.buoy.c1,2022,5,17,17,0.9594117647058823,NA,1.0223529411764707,0.0825,0.8139686826229936
CRAM,CRAM.AOS.littoral1,2022,5,16,16,0.3253125,NA,0.34249999999999997,0.10333333333333333,10.208333333333332
CRAM,CRAM.AOS.littoral2,2022,5,13,13,0.25384615384615383,NA,0.26692307692307693,0.15555555555555556,2.625
CRAM,CRAM.AOS.buoy.c1,2022,7,16,16,0.88,NA,1.09,0.06857142857142857,0.4819532091734646
CRAM,CRAM.AOS.littoral1,2022,7,12,12,0.17583333333333334,NA,0.19333333333333333,0.08866666666666667,2.861111111111111
CRAM,CRAM.AOS.littoral2,2022,7,16,16,0.23125,NA,0.24375,0.097,1.7708333333333335
CRAM,CRAM.AOS.buoy.c1,2022,9,15,15,0.8946666666666666,NA,1.0686666666666667,0.08875,0.7730151716011194
CRAM,CRAM.AOS.littoral1,2022,9,13,13,0.20576923076923076,NA,0.21923076923076923,0.09,16.439102564102562
CRAM,CRAM.AOS.littoral2,2022,9,11,11,0.2222727272727273,NA,0.23454545454545456,0.10437500000000001,33.86363636363636
CRAM,CRAM.AOS.buoy.c1,2023,5,13,13,0.7053846153846154,NA,0.7461538461538462,0.07,0.5485650529969628
CRAM,CRAM.AOS.littoral1,2023,5,10,10,0.267,NA,0.304,0.07033333333333333,2.6916666666666664
CRAM,CRAM.AOS.littoral2,2023,5,13,13,0.22923076923076924,NA,0.24461538461538462,0.071875,1.8333333333333335
CRAM,CRAM.AOS.buoy.c1,2023,7,17,17,0.6108823529411764,NA,0.71882352941176475,0.093,0.34009574821064603
CRAM,CRAM.AOS.littoral1,2023,7,9,9,0.2611111111111111,NA,0.27444444444444444,0.1,8.680555555555555
CRAM,CRAM.AOS.littoral2,2023,7,9,9,0.16333333333333333,NA,0.19,0.10225000000000001,5.736111111111111
CRAM,CRAM.AOS.buoy.c1,2023,9,15,15,0.323,NA,0.38666666666666666,0.10500000000000001,1.6688296082672436
CRAM,CRAM.AOS.littoral1,2023,9,13,13,0.3003846153846154,NA,0.3323076923076923,0.0675,10.948717948717947
CRAM,CRAM.AOS.littoral2,2023,9,16,16,0.20781249999999998,NA,0.225,0.08,6.815104166666666
CRAM,CRAM.AOS.buoy.c1,2024,4,15,15,0.2673333333333333,NA,0.34800000000000003,0.1,0.4995970991136181
CRAM,CRAM.AOS.littoral1,2024,4,7,7,0.24285714285714285,NA,0.33285714285714285,0.07200000000000001,63.392857142857146
CRAM,CRAM.AOS.littoral2,2024,4,10,10,0.243,NA,0.298,0.10333333333333333,16.47083333333333
CRAM,CRAM.AOS.buoy.c1,2024,7,19,19,0.9536842105263158,NA,1.0710526315789475,0.11,1.856226124988548
CRAM,CRAM.AOS.littoral1,2024,7,11,11,0.20136363636363636,NA,0.22454545454545455,0.11555555555555555,47.34848484848485
CRAM,CRAM.AOS.littoral2,2024,7,10,10,0.196,NA,0.226,0.07714285714285714,41.354166666666664
CRAM,CRAM.AOS.buoy.c1,2024,9,8,8,1.5474999999999999,NA,1.6000000000000003,0.076,3.75280199252802
CRAM,CRAM.AOS.littoral1,2024,9,11,11,0.3813636363636364,NA,0.44545454545454544,0.062,3.9090909090909087
CRAM,CRAM.AOS.littoral2,2024,9,16,16,0.3109375,NA,0.34375,0.08272727272727273,7.971354166666666
LIRO,LIRO.AOS.buoy.c0,2017,4,17,17,0.29926470588235293,NA,0.325,0.08333333333333334,7.662581630685722
LIRO,LIRO.AOS.littoral1,2017,4,10,10,0.3361111111111111,NA,0.3416666666666667,NA,45.9375
LIRO,LIRO.AOS.littoral2,2017,4,13,13,0.2932692307692308,NA,0.3019230769230769,0.07,21.45192307692308
LIRO,LIRO.AOS.buoy.c0,2017,7,10,10,0.3445,NA,0.357,0.07,67.33403582718651
LIRO,LIRO.AOS.littoral1,2017,7,10,10,0.2995,NA,0.324,0.07,32.5
LIRO,LIRO.AOS.littoral2,2017,7,12,12,0.4058333333333333,NA,0.4633333333333333,0.07,33.05555555555556
LIRO,LIRO.AOS.buoy.c0,2017,9,16,16,0.4821875,NA,0.540625,NA,6.5595363540569025
LIRO,LIRO.AOS.littoral1,2017,9,14,14,0.47678571428571426,NA,0.5685714285714286,NA,0.8928571428571429
LIRO,LIRO.AOS.littoral2,2017,9,13,13,0.6096153846153846,NA,0.6946153846153846,NA,0.6955128205128205
LIRO,LIRO.AOS.buoy.c0,2018,5,12,12,0.39,NA,0.42500000000000004,0.09,23.211567732115675
LIRO,LIRO.AOS.littoral1,2018,5,12,12,0.32166666666666666,NA,0.35083333333333333,0.08666666666666667,7.152777777777778
LIRO,LIRO.AOS.littoral2,2018,5,11,11,0.30272727272727273,NA,0.3463636363636364,0.07666666666666667,9.734848484848484
LIRO,LIRO.AOS.buoy.c0,2018,7,15,15,1.0430000000000001,NA,1.0966666666666667,0.07,12.106171748416555
LIRO,LIRO.AOS.littoral1,2018,7,12,12,0.395,NA,0.4791666666666667,0.065,6.932870370370371
LIRO,LIRO.AOS.littoral2,2018,7,10,10,0.6425,NA,0.685,NA,1.2944444444444445
LIRO,LIRO.AOS.buoy.c0,2018,9,14,14,0.7475,NA,0.8007142857142857,0.06333333333333334,7.279843444227006
LIRO,LIRO.AOS.littoral1,2018,9,11,11,0.42272727272727273,NA,0.49909090909090914,0.07,4.761363636363636
LIRO,LIRO.AOS.littoral2,2018,9,10,10,0.42200000000000004,NA,0.47400000000000003,0.065,8.025
LIRO,LIRO.AOS.buoy.c0,2019,5,13,13,0.2673076923076923,NA,0.3,0.077,20.271338250790304
LIRO,LIRO.AOS.littoral1,2019,5,11,11,0.30454545454545456,NA,0.325,0.077,34.090909090909086
LIRO,LIRO.AOS.littoral2,2019,5,13,13,0.36826923076923074,NA,0.40192307692307694,0.07533333333333334,43.97435897435897
LIRO,LIRO.AOS.buoy.c1,2019,7,18,18,0.5208333333333334,NA,0.5819444444444445,0.06766666666666667,5.9908675799086755
LIRO,LIRO.AOS.littoral1,2019,7,15,15,0.5391666666666667,NA,0.6483333333333333,NA,4.1305555555555555
LIRO,LIRO.AOS.littoral2,2019,7,14,14,0.5651785714285714,NA,0.6607142857142857,0.075,2.0863095238095237
LIRO,LIRO.AOS.buoy.c1,2019,9,18,18,0.79375,NA,0.9999999999999999,0.064,1.0744023636852
LIRO,LIRO.AOS.littoral1,2019,9,12,12,0.334375,NA,0.4041666666666667,0.0625,6.666666666666667
LIRO,LIRO.AOS.littoral2,2019,9,13,13,0.5903846153846154,NA,0.6826923076923077,0.053,13.461538461538462
LIRO,LIRO.AOS.buoy.c1,2020,6,13,13,0.23846153846153847,NA,0.2519230769230769,0.059500000000000004,51.04788666432502
LIRO,LIRO.AOS.littoral1,2020,6,9,9,0.18472222222222223,NA,0.20277777777777778,0.08549999999999999,277.037037037037
LIRO,LIRO.AOS.littoral2,2020,6,7,7,0.22083333333333333,NA,0.23333333333333334,0.08549999999999999,235.23809523809527
LIRO,LIRO.AOS.buoy.c1,2020,7,16,16,0.35390625,NA,0.36562500000000003,0.054000000000000006,11.246886674968867
LIRO,LIRO.AOS.littoral1,2020,7,14,14,0.5866071428571429,NA,0.7160714285714286,0.062,3.556547619047619
LIRO,LIRO.AOS.littoral2,2020,7,14,14,0.49196428571428574,NA,0.5821428571428572,0.0625,2.0267857142857144
LIRO,LIRO.AOS.buoy.c1,2020,9,18,18,0.8972222222222223,NA,0.9847222222222222,0.05,3.796221685021041
LIRO,LIRO.AOS.littoral1,2020,9,14,14,0.5669642857142857,NA,0.6303571428571428,0.05,3.0416666666666665
LIRO,LIRO.AOS.littoral2,2020,9,13,13,0.5951923076923077,NA,0.6596153846153846,0.05,1.592948717948718
LIRO,LIRO.AOS.buoy.c1,2021,4,17,17,0.29921875,NA,0.3125,0.0625,11.760676873489125
LIRO,LIRO.AOS.littoral1,2021,4,16,16,0.23515625,NA,0.2625,0.07,19.6875
LIRO,LIRO.AOS.littoral2,2021,4,18,18,0.30416666666666664,NA,0.3388888888888889,0.08549999999999999,60.92592592592593
LIRO,LIRO.AOS.buoy.c1,2021,7,22,22,0.6073863636363637,NA,0.7056818181818182,0.05,2.2459180849591807
LIRO,LIRO.AOS.littoral1,2021,7,13,13,0.4041666666666667,NA,0.49166666666666664,0.05,5.881410256410256
LIRO,LIRO.AOS.littoral2,2021,7,13,13,0.4798076923076923,NA,0.5846153846153846,0.075,5.032051282051282
LIRO,LIRO.AOS.buoy.c1,2021,9,8,8,1.14125,NA,1.26,0.08,1.937071917808219
LIRO,LIRO.AOS.littoral1,2021,9,9,9,0.6666666666666666,NA,0.7166666666666667,0.08,6.944444444444445
LIRO,LIRO.AOS.littoral2,2021,9,10,10,0.751,NA,0.7959999999999999,0.08,2.1958333333333333
LIRO,LIRO.AOS.buoy.c1,2022,5,17,17,0.9970588235294118,NA,1.0282352941176471,0.07350000000000001,0.7884727023818807
LIRO,LIRO.AOS.littoral1,2022,5,13,13,0.5696153846153846,NA,0.6253846153846154,0.1461111111111111,4.8076923076923075
LIRO,LIRO.AOS.littoral2,2022,5,7,7,0.25857142857142856,NA,0.28714285714285714,0.066,0.8988095238095238
LIRO,LIRO.AOS.buoy.c1,2022,7,13,13,1.1784615384615384,NA,1.2476923076923077,0.07333333333333333,2.3533544081489284
LIRO,LIRO.AOS.littoral1,2022,7,8,8,0.4362500000000001,NA,0.5,0.07125000000000001,2.916666666666667
LIRO,LIRO.AOS.littoral2,2022,7,10,10,0.468,NA,0.538,0.078,8.583333333333334
LIRO,LIRO.AOS.buoy.c1,2022,9,11,11,0.7059090909090909,NA,0.7890909090909091,0.055,1.1558219178082192
LIRO,LIRO.AOS.littoral1,2022,9,11,11,0.40454545454545454,NA,0.46818181818181814,0.06,4.318181818181818
LIRO,LIRO.AOS.littoral2,2022,9,10,10,0.3695,NA,0.426,0.06375,10.6
LIRO,LIRO.AOS.buoy.c1,2023,5,13,13,0.40807692307692306,NA,0.45076923076923076,0.0642857142857143,1.5200210748155956
LIRO,LIRO.AOS.littoral1,2023,5,9,9,0.34444444444444444,NA,0.4077777777777778,0.058,4.560185185185185
LIRO,LIRO.AOS.littoral2,2023,5,10,10,0.34500000000000003,NA,0.38,0.06833333333333333,4.666666666666667
LIRO,LIRO.AOS.buoy.c1,2023,7,13,13,1.028846153846154,NA,1.2361538461538462,0.0675,0.7432838188472303
LIRO,LIRO.AOS.littoral1,2023,7,8,8,0.261875,NA,0.28375,0.064,8.59375
LIRO,LIRO.AOS.littoral2,2023,7,10,10,0.376,NA,0.412,0.054,9.979166666666666
LIRO,LIRO.AOS.buoy.c1,2023,9,19,19,0.6352631578947369,NA,0.9478947368421053,0.075,1.7204998798365778
LIRO,LIRO.AOS.littoral1,2023,9,10,10,0.446,NA,0.548,0.11800000000000001,7.375
LIRO,LIRO.AOS.littoral2,2023,9,18,18,0.3466666666666667,NA,0.4727777777777778,0.09272727272727273,2.4652777777777777
LIRO,LIRO.AOS.buoy.c1,2024,4,14,14,0.20249999999999999,NA,0.22428571428571428,0.08416666666666667,16.60743639921722
LIRO,LIRO.AOS.littoral1,2024,4,14,14,0.22607142857142856,NA,0.2792857142857143,0.077,18.0625
LIRO,LIRO.AOS.littoral2,2024,4,17,17,0.25058823529411767,NA,0.3029411764705882,0.09692307692307692,73.02696078431373
LIRO,LIRO.AOS.buoy.c1,2024,7,11,11,0.7181818181818181,NA,0.8654545454545455,0.075,6.323951847239519
LIRO,LIRO.AOS.littoral1,2024,7,7,7,0.59,NA,0.812857142857143,0.065,10.952380952380953
LIRO,LIRO.AOS.littoral2,2024,7,10,10,0.463,NA,0.5850000000000001,0.14333333333333334,6.316666666666667
LIRO,LIRO.AOS.buoy.c1,2024,9,14,14,0.6482142857142857,NA,0.8157142857142857,0.1225,1.462249123924817
LIRO,LIRO.AOS.littoral2,2024,9,13,13,0.4640384615384615,NA,0.561923076923077,0.10214285714285716,2.2788461538461537
PRLA,PRLA.AOS.buoy.c0,2014,7,15,15,0.31905,NA,0.38353333333333334,0.057562499999999996,35.90816844241502
PRLA,PRLA.AOS.littoral1,2014,7,14,14,0.29096428571428573,NA,0.3302857142857143,0.052714285714285714,78.98189484126983
PRLA,PRLA.AOS.littoral2,2014,7,13,13,0.39542307692307693,NA,0.4538846153846154,0.07933333333333333,162.633547008547
PRLA,PRLA.AOS.buoy.c0,2014,9,11,11,0.42472727272727273,NA,0.4810909090909091,0.081,18.313056806207488
PRLA,PRLA.AOS.littoral1,2014,9,14,14,0.3578571428571429,NA,0.40921428571428575,0.08085714285714286,14.333333333333332
PRLA,PRLA.AOS.littoral2,2014,9,14,14,0.4124285714285715,NA,0.48121428571428576,0.09928571428571428,9.952380952380953
PRLA,PRLA.AOS.buoy.c0,2017,4,5,5,0.135,NA,0.13999999999999999,0.08,454.6555555555555
PRLA,PRLA.AOS.littoral1,2017,4,6,6,0.14791666666666667,NA,0.17916666666666667,0.08,71.54861111111111
PRLA,PRLA.AOS.littoral2,2017,4,5,5,0.13,NA,0.13999999999999999,0.08,226.48333333333332
PRLA,PRLA.AOS.buoy.c0,2017,7,14,14,0.48392857142857143,NA,0.5842857142857143,0.05,208.452380952381
PRLA,PRLA.AOS.littoral1,2017,7,11,11,0.4595454545454546,NA,0.5781818181818182,0.05,210.47727272727272
PRLA,PRLA.AOS.littoral2,2017,7,13,13,0.33153846153846156,NA,0.35846153846153844,0.05,183.97435897435898
PRLA,PRLA.AOS.buoy.c0,2017,9,13,13,0.39576923076923076,NA,0.45153846153846156,0.06,220.08547008547006
PRLA,PRLA.AOS.littoral1,2017,9,14,14,0.435,NA,0.4707142857142857,0.06,169.07738095238093
PRLA,PRLA.AOS.littoral2,2017,9,13,13,0.2946153846153846,NA,0.3576923076923077,0.06,149.74358974358975
PRLA,PRLA.AOS.buoy.c0,2018,5,9,9,0.255,NA,0.27,0.05,249.87654320987653
PRLA,PRLA.AOS.littoral1,2018,5,8,8,0.12875,NA,0.13625,0.05,196.5625
PRLA,PRLA.AOS.littoral2,2018,5,8,8,0.24875000000000003,NA,0.26125,0.05,194.16666666666666
PRLA,PRLA.AOS.buoy.c0,2018,7,10,10,0.4385,NA,0.527,0.05,105.95555555555555
PRLA,PRLA.AOS.littoral1,2018,7,11,11,0.44272727272727275,NA,0.5536363636363636,0.05,74.5871212121212
PRLA,PRLA.AOS.littoral2,2018,7,11,11,0.46818181818181814,NA,0.5636363636363636,0.05,83.81818181818181
PRLA,PRLA.AOS.buoy.c0,2018,9,15,15,0.432,NA,0.5073333333333333,0.05,29.798148148148147
PRLA,PRLA.AOS.littoral1,2018,9,13,13,0.4269230769230769,NA,0.5123076923076924,0.05,21.314102564102562
PRLA,PRLA.AOS.littoral2,2018,9,16,16,0.398125,NA,0.441875,0.05,25.78125
PRLA,PRLA.AOS.buoy.c0,2019,4,2,2,0.9650000000000001,NA,0.9750000000000001,0.088,0.125
PRLA,PRLA.AOS.littoral1,2019,4,4,4,0.96725,NA,0.96725,0.11299999999999999,0.09375
PRLA,PRLA.AOS.littoral2,2019,4,3,3,0.883,NA,0.992,0.086,0.2777777777777778
PRLA,PRLA.AOS.buoy.c0,2019,7,9,9,1.0304444444444445,NA,1.2057777777777778,0.074,4.870370370370371
PRLA,PRLA.AOS.littoral1,2019,7,9,9,1.0563333333333333,NA,1.1984444444444444,0.081,9.027777777777779
PRLA,PRLA.AOS.littoral2,2019,7,8,8,1.251375,NA,1.393875,NA,12.1875
PRLA,PRLA.AOS.buoy.c0,2019,9,11,11,0.7587272727272727,NA,0.8593636363636363,0.088,16.62878787878788
PRLA,PRLA.AOS.littoral1,2019,9,10,10,0.6676,NA,0.7464,0.087,12.429166666666667
PRLA,PRLA.AOS.littoral2,2019,9,11,11,0.7220909090909091,NA,0.8143636363636364,0.09,25.83712121212121
PRLA,PRLA.AOS.buoy.c0,2020,6,11,11,0.9250454545454546,NA,1.054,0.104,20.1010101010101
PRLA,PRLA.AOS.littoral1,2020,6,10,10,1.0493999999999999,NA,1.1419000000000001,0.088,16.958333333333332
PRLA,PRLA.AOS.littoral2,2020,6,15,15,0.5960666666666666,NA,0.6686,0.10416666666666667,2.6527777777777777
PRLA,PRLA.AOS.buoy.c0,2020,7,13,13,0.5411923076923076,NA,0.5971538461538461,0.08249999999999999,22.70299145299145
PRLA,PRLA.AOS.littoral1,2020,7,13,13,0.5141923076923077,NA,0.5949230769230769,0.1362857142857143,7.0673076923076925
PRLA,PRLA.AOS.littoral2,2020,7,18,18,0.5305,NA,0.5709444444444445,0.11318181818181818,3.9351851851851856
PRLA,PRLA.AOS.buoy.c0,2020,10,13,13,0.48296153846153844,NA,0.5718461538461539,0.08185714285714286,6.732905982905983
PRLA,PRLA.AOS.littoral1,2020,10,11,11,0.38472727272727275,NA,0.42763636363636365,0.09471428571428571,8.151515151515152
PRLA,PRLA.AOS.littoral2,2020,10,11,11,0.7246363636363636,NA,0.849,0.08375,8.363636363636365
PRLA,PRLA.AOS.buoy.c0,2021,4,15,15,0.4191666666666667,NA,0.44686666666666663,0.09327272727272727,231.5740740740741
PRLA,PRLA.AOS.littoral1,2021,4,13,13,0.33384615384615385,NA,0.3477692307692308,0.098,153.52564102564102
PRLA,PRLA.AOS.littoral2,2021,4,14,14,0.4466428571428572,NA,0.47914285714285715,0.0925,153.57142857142858
PRLA,PRLA.AOS.buoy.c0,2021,7,14,14,0.5269285714285714,NA,0.5701428571428572,0.08316666666666667,29.250000000000004
PRLA,PRLA.AOS.littoral1,2021,7,14,14,0.3829642857142857,NA,0.4129285714285714,0.079375,11.505952380952381
PRLA,PRLA.AOS.littoral2,2021,7,13,13,0.44811538461538464,NA,0.4747692307692308,0.08725,36.54807692307692
PRLA,PRLA.AOS.buoy.c0,2021,9,7,7,0.6714285714285714,NA,0.7428571428571429,0.1,11.714285714285715
PRLA,PRLA.AOS.littoral1,2021,9,5,5,0.7939999999999999,NA,0.7939999999999999,0.07,14.25
PRLA,PRLA.AOS.littoral2,2021,9,7,7,0.66,NA,0.6957142857142857,0.085,14.744047619047619
PRLA,PRLA.AOS.buoy.c0,2022,4,11,11,0.4027272727272727,NA,0.43272727272727274,0.07625,55
PRLA,PRLA.AOS.littoral1,2022,4,9,9,0.37222222222222223,NA,0.3788888888888889,0.07,114.62962962962963
PRLA,PRLA.AOS.littoral2,2022,4,11,11,0.33454545454545453,NA,0.3372727272727273,0.076875,62.49999999999999
PRLA,PRLA.AOS.buoy.c0,2022,7,11,11,0.6254545454545454,NA,0.7172727272727273,0.07333333333333333,38.63636363636364
PRLA,PRLA.AOS.littoral1,2022,7,10,10,0.587,NA,0.648,0.06999999999999999,31.770833333333336
PRLA,PRLA.AOS.littoral2,2022,7,10,10,0.617,NA,0.698,0.07,38.5
PRLA,PRLA.AOS.buoy.c0,2022,9,15,15,0.36333333333333334,NA,0.414,0.06222222222222223,2.6694444444444443
PRLA,PRLA.AOS.littoral1,2022,9,14,14,0.40285714285714286,NA,0.46857142857142853,0.06125,2.5595238095238098
PRLA,PRLA.AOS.littoral2,2022,9,14,14,0.38785714285714284,NA,0.42428571428571427,0.06375,8.37797619047619
PRLA,PRLA.AOS.buoy.c0,2023,5,5,5,0.399,NA,0.43,0.11,0.06666666666666667
PRLA,PRLA.AOS.littoral1,2023,5,4,4,0.5625,NA,0.5625,0.095,0.05208333333333333
PRLA,PRLA.AOS.littoral2,2023,5,3,3,0.52,NA,0.5333333333333333,0.0875,0.055555555555555546
PRLA,PRLA.AOS.buoy.c1,2023,7,10,10,0.96,NA,1.257,0.07116666666666667,26.555555555555554
PRLA,PRLA.AOS.littoral1,2023,7,10,10,1.204,NA,1.295,0.07166666666666667,22.5
PRLA,PRLA.AOS.littoral2,2023,7,10,10,0.9079999999999999,NA,1.135,0.07166666666666667,40.125
PRLA,PRLA.AOS.buoy.c0,2023,9,8,8,0.308125,NA,0.3675,0.12333333333333334,62.84722222222222
PRLA,PRLA.AOS.littoral1,2023,9,6,6,0.48083333333333333,NA,0.5966666666666667,0.155,125.02083333333334
PRLA,PRLA.AOS.littoral2,2023,9,6,6,0.2316666666666667,NA,0.32333333333333336,0.076,40.57638888888889
PRLA,PRLA.AOS.buoy.c0,2024,4,5,5,0.426,NA,0.572,0.07666666666666667,55.833333333333336
PRLA,PRLA.AOS.littoral1,2024,4,4,4,0.62375,NA,0.71,0.11,224.64583333333331
PRLA,PRLA.AOS.littoral2,2024,4,6,6,0.2891666666666667,NA,0.38666666666666666,0.0775,30.90277777777778
PRLA,PRLA.AOS.buoy.c0,2024,7,8,8,0.244375,NA,0.33125,0.074,153.8125
PRLA,PRLA.AOS.littoral1,2024,7,7,7,0.30714285714285716,NA,0.42428571428571427,0.065,104.45833333333333
PRLA,PRLA.AOS.littoral2,2024,7,7,7,0.19785714285714284,NA,0.2657142857142857,0.07,119.57142857142857
PRLA,PRLA.AOS.buoy.c0,2024,9,15,15,0.25266666666666665,NA,0.31333333333333335,0.10181818181818182,75.92592592592592
PRLA,PRLA.AOS.littoral1,2024,9,9,9,0.265,NA,0.3022222222222222,0.051666666666666666,48.06944444444444
PRLA,PRLA.AOS.littoral2,2024,9,15,15,0.20766666666666667,NA,0.25266666666666665,0.08307692307692308,52.083333333333336
PRPO,PRPO.AOS.buoy.c0,2014,7,14,14,0.29032142857142856,NA,0.3415714285714286,0.055428571428571424,20.39628180039139
PRPO,PRPO.AOS.littoral1,2014,7,12,12,0.34045833333333336,NA,0.4065,0.05916666666666666,74.03414351851852
PRPO,PRPO.AOS.littoral2,2014,7,13,13,0.37573076923076926,NA,0.4509230769230769,0.08066666666666666,52.88461538461539
PRPO,PRPO.AOS.buoy.c0,2014,9,14,14,0.40171428571428575,NA,0.4595714285714286,0.08366666666666667,12.205044574907589
PRPO,PRPO.AOS.littoral1,2014,9,12,12,0.4106666666666667,NA,0.47058333333333335,0.08,19.40277777777778
PRPO,PRPO.AOS.littoral2,2014,9,14,14,0.3453928571428571,NA,0.397,0.08714285714285715,8.880952380952381
PRPO,PRPO.AOS.buoy.c0,2017,4,8,8,0.453125,NA,0.540625,NA,20.630208333333332
PRPO,PRPO.AOS.littoral1,2017,4,8,8,0.426,NA,0.5235,NA,19.979166666666664
PRPO,PRPO.AOS.littoral2,2017,4,9,9,0.4671875,NA,0.5375,NA,21.61111111111111
PRPO,PRPO.AOS.buoy.c0,2017,7,13,13,0.6542307692307693,NA,0.7361538461538462,0.07,209.07692307692307
PRPO,PRPO.AOS.littoral1,2017,7,9,9,0.45611111111111113,NA,0.5611111111111111,0.05,337.96296296296293
PRPO,PRPO.AOS.littoral2,2017,7,11,11,0.4909090909090909,NA,0.5981818181818183,0.06,315.1515151515151
PRPO,PRPO.AOS.buoy.c0,2017,9,17,17,0.5,NA,0.5770588235294117,NA,7.1764705882352935
PRPO,PRPO.AOS.littoral1,2017,9,16,16,0.8646874999999999,NA,0.9568749999999999,NA,2.138020833333333
PRPO,PRPO.AOS.littoral2,2017,9,11,11,0.6015,NA,0.749,NA,17.424242424242426
PRPO,PRPO.AOS.buoy.c0,2018,5,8,8,0.3835714285714286,NA,0.4028571428571429,NA,6.215277777777777
PRPO,PRPO.AOS.littoral1,2018,5,9,9,0.365,NA,0.3775,NA,3.4861111111111107
PRPO,PRPO.AOS.littoral2,2018,5,7,7,0.3591666666666667,NA,0.395,NA,4.738095238095239
PRPO,PRPO.AOS.buoy.c0,2018,7,11,11,0.40090909090909094,NA,0.45,0.05,75.92676767676767
PRPO,PRPO.AOS.littoral1,2018,7,9,9,0.36777777777777776,NA,0.43333333333333335,0.05,54.162037037037045
PRPO,PRPO.AOS.littoral2,2018,7,10,10,0.4095,NA,0.47000000000000003,0.05,73.44583333333334
PRPO,PRPO.AOS.buoy.c0,2018,9,11,11,0.3640909090909091,NA,0.38363636363636366,0.07,288.4848484848485
PRPO,PRPO.AOS.littoral1,2018,9,8,8,0.37875000000000003,NA,0.39125,0.07,353.125
PRPO,PRPO.AOS.littoral2,2018,9,7,7,0.3942857142857143,NA,0.41000000000000003,0.07,564.2857142857143
PRPO,PRPO.AOS.buoy.c0,2019,4,10,10,0.31425000000000003,NA,0.383,0.08328571428571428,7.305555555555556
PRPO,PRPO.AOS.littoral1,2019,4,6,6,0.13791666666666666,NA,0.14450000000000002,0.3165,2.986111111111111
PRPO,PRPO.AOS.littoral2,2019,4,9,9,0.35777777777777775,NA,0.38122222222222224,0.11857142857142856,7.083333333333332
PRPO,PRPO.AOS.buoy.c0,2019,7,10,10,0.7152000000000001,NA,0.8893,0.159,76.55833333333334
PRPO,PRPO.AOS.littoral1,2019,7,13,13,0.8323846153846154,NA,1.0107692307692306,0.10166666666666667,21.55448717948718
PRPO,PRPO.AOS.littoral2,2019,7,7,7,1.0407857142857142,NA,1.2282857142857142,NA,129.45238095238093
PRPO,PRPO.AOS.buoy.c0,2019,9,10,10,0.78635,NA,0.8785,0.125,16.28611111111111
PRPO,PRPO.AOS.littoral1,2019,9,5,5,1.091,NA,1.2256,NA,70.83333333333333
PRPO,PRPO.AOS.littoral2,2019,9,6,6,1.022,NA,1.149,NA,68.05555555555556
PRPO,PRPO.AOS.buoy.c0,2020,6,13,13,0.8196153846153846,NA,0.9278461538461539,0.10766666666666667,4.314102564102564
PRPO,PRPO.AOS.littoral1,2020,6,15,15,0.835,NA,0.912,0.124,2.363888888888889
PRPO,PRPO.AOS.littoral2,2020,6,12,12,0.9419166666666666,NA,1.0085833333333334,0.1095,5.142361111111111
PRPO,PRPO.AOS.buoy.c0,2020,7,14,14,0.6431071428571429,NA,0.7412857142857143,0.106,25.049603174603178
PRPO,PRPO.AOS.littoral1,2020,7,14,14,0.7476071428571428,NA,0.8356428571428571,0.092,10.127976190476188
PRPO,PRPO.AOS.littoral2,2020,7,12,12,0.7077916666666667,NA,0.8075833333333333,0.09733333333333333,16.4375
PRPO,PRPO.AOS.buoy.c0,2020,9,14,14,0.4597142857142857,NA,0.5054285714285714,0.112375,15.634920634920636
PRPO,PRPO.AOS.littoral1,2020,9,14,14,0.44910714285714287,NA,0.5227142857142857,0.119625,19.282738095238095
PRPO,PRPO.AOS.littoral2,2020,9,13,13,0.5361923076923077,NA,0.5876153846153847,0.12385714285714286,9.939102564102564
PRPO,PRPO.AOS.buoy.c0,2021,4,8,8,0.3608125,NA,0.399375,0.125,21.06597222222222
PRPO,PRPO.AOS.littoral1,2021,4,9,9,0.18994444444444444,NA,0.19299999999999998,0.0835,6.9675925925925934
PRPO,PRPO.AOS.littoral2,2021,4,9,9,0.4255,NA,0.4398888888888889,0.08666666666666667,6.875
PRPO,PRPO.AOS.buoy.c0,2021,7,11,11,0.4626363636363636,NA,0.5454545454545454,0.08483333333333333,9.202020202020202
PRPO,PRPO.AOS.littoral1,2021,7,9,9,0.6350555555555556,NA,0.7247777777777777,0.16575,18.18981481481482
PRPO,PRPO.AOS.littoral2,2021,7,11,11,0.4923636363636364,NA,0.5204545454545455,0.0862,8.257575757575758
PRPO,PRPO.AOS.buoy.c0,2021,9,5,5,0.68,NA,0.7,0.15000000000000002,30.250000000000004
PRPO,PRPO.AOS.littoral1,2021,9,7,7,0.43,NA,0.4942857142857143,0.09,73.36309523809524
PRPO,PRPO.AOS.littoral2,2021,9,4,4,0.625,NA,0.6749999999999999,0.15000000000000002,97.08333333333333
PRPO,PRPO.AOS.buoy.c0,2022,5,5,5,0.426,NA,0.446,0.08666666666666667,1.7
PRPO,PRPO.AOS.littoral1,2022,5,3,3,0.12000000000000001,NA,0.12333333333333334,0.08333333333333334,8.083333333333334
PRPO,PRPO.AOS.littoral2,2022,5,5,5,0.192,NA,0.192,0.07250000000000001,2.408333333333333
PRPO,PRPO.AOS.buoy.c0,2022,7,6,6,0.8200000000000001,NA,0.8366666666666667,0.07,0.6180555555555556
PRPO,PRPO.AOS.littoral1,2022,7,8,8,0.5575,NA,0.5762499999999999,0.06333333333333334,1.015625
PRPO,PRPO.AOS.littoral2,2022,7,2,2,0.36,NA,0.36,0.05,0.9791666666666667
PRPO,PRPO.AOS.buoy.c0,2022,9,5,5,0.299,NA,0.34600000000000003,0.06666666666666667,5.783333333333333
PRPO,PRPO.AOS.littoral1,2022,9,6,6,0.4875,NA,0.5700000000000001,0.07,5.652777777777778
PRPO,PRPO.AOS.littoral2,2022,9,7,7,0.44857142857142857,NA,0.4642857142857143,0.075,4.952380952380952
PRPO,PRPO.AOS.buoy.c1,2023,5,7,7,0.3221428571428571,NA,0.3628571428571428,0.135,9.365079365079366
PRPO,PRPO.AOS.littoral1,2023,5,6,6,0.3666666666666667,NA,0.38,0.06566666666666666,15
PRPO,PRPO.AOS.littoral2,2023,5,6,6,0.26166666666666666,NA,0.3,0.075,4.868055555555555
PRPO,PRPO.AOS.buoy.c0,2023,7,8,8,0.333125,NA,0.35625,0.0694,3
PRPO,PRPO.AOS.littoral1,2023,7,6,6,0.25,NA,0.2833333333333333,0.066,5.5
PRPO,PRPO.AOS.littoral2,2023,7,8,8,0.25875000000000004,NA,0.2725,0.06333333333333334,2.583333333333333
PRPO,PRPO.AOS.buoy.c0,2023,9,4,4,0.43875000000000003,NA,0.535,0.06,10.840277777777777
PRPO,PRPO.AOS.littoral1,2023,9,11,11,0.1668181818181818,NA,0.1990909090909091,0.06375,22.064393939393945
PRPO,PRPO.AOS.littoral2,2023,9,7,7,0.2235714285714286,NA,0.31,0.058,7.065476190476191
PRPO,PRPO.AOS.buoy.c0,2024,5,4,4,0.36000000000000004,NA,0.44500000000000006,0.08499999999999999,38.53472222222222
PRPO,PRPO.AOS.littoral1,2024,5,5,5,0.305,NA,0.4,0.09,44.00000000000001
PRPO,PRPO.AOS.littoral2,2024,5,10,10,0.2465,NA,0.336,0.06875,5.35
PRPO,PRPO.AOS.buoy.c0,2024,7,6,6,0.21166666666666667,NA,0.2583333333333333,0.0675,25.925925925925927
PRPO,PRPO.AOS.littoral1,2024,7,4,4,0.3375,NA,0.4625,0.065,22.3125
PRPO,PRPO.AOS.littoral2,2024,7,9,9,0.28944444444444445,NA,0.3422222222222222,0.10714285714285715,32.52314814814815
PRPO,PRPO.AOS.buoy.c0,2024,9,4,4,0.4125,NA,0.5675,0.065,180.20833333333331
PRPO,PRPO.AOS.littoral1,2024,9,5,5,0.265,NA,0.346,0.065,78.95833333333333
PRPO,PRPO.AOS.littoral2,2024,9,5,5,0.383,NA,0.47000000000000003,0.065,80.625
SUGG,SUGG.AOS.buoy.c0,2014,7,9,9,0.3507777777777778,NA,0.3973333333333333,NA,34.405092592592595
SUGG,SUGG.AOS.littoral1,2014,7,10,10,0.3189,NA,0.3589,NA,22.647222222222226
SUGG,SUGG.AOS.littoral2,2014,7,12,12,0.6422083333333334,NA,0.6719166666666666,NA,21.016203703703706
SUGG,SUGG.AOS.buoy.c0,2015,2,10,10,0.46875,NA,0.534375,NA,5.664583333333334
SUGG,SUGG.AOS.littoral1,2015,2,11,11,0.49245,NA,0.5937,NA,5.450757575757575
SUGG,SUGG.AOS.littoral2,2015,2,10,10,0.46044444444444443,NA,0.5097777777777778,NA,6.354166666666667
SUGG,SUGG.AOS.buoy.c0,2017,6,10,10,0.581,NA,0.693,NA,32.66666666666667
SUGG,SUGG.AOS.littoral1,2017,6,13,13,0.4584615384615384,NA,0.5476923076923077,NA,6.057692307692308
SUGG,SUGG.AOS.littoral2,2017,6,23,23,0.3367391304347826,NA,0.4047826086956522,NA,5.076086956521739
SUGG,SUGG.AOS.buoy.c0,2017,11,9,9,0.5955555555555556,NA,0.7555555555555556,NA,8.24074074074074
SUGG,SUGG.AOS.littoral1,2017,11,12,12,0.4945833333333333,NA,0.6275000000000001,NA,6.388888888888889
SUGG,SUGG.AOS.littoral2,2017,11,11,11,0.5313636363636364,NA,0.6781818181818182,NA,5.9393939393939394
SUGG,SUGG.AOS.buoy.c0,2018,2,12,12,0.475,NA,0.5633333333333334,0.08,5.625
SUGG,SUGG.AOS.littoral1,2018,2,23,23,0.3968181818181818,NA,0.45045454545454544,0.08,1.0797101449275364
SUGG,SUGG.AOS.littoral2,2018,2,14,14,0.5407142857142857,NA,0.6407142857142857,NA,3.3928571428571432
SUGG,SUGG.AOS.buoy.c0,2018,7,6,6,0.7175,NA,0.9199999999999999,NA,21.203703703703702
SUGG,SUGG.AOS.littoral1,2018,7,9,9,0.5833333333333334,NA,0.7111111111111111,0.08,18
SUGG,SUGG.AOS.littoral2,2018,7,9,9,0.5511111111111111,NA,0.6666666666666666,NA,3.611111111111111
SUGG,SUGG.AOS.buoy.c0,2018,10,8,8,0.456875,NA,0.55,0.060000000000000005,19.444444444444446
SUGG,SUGG.AOS.littoral1,2018,10,18,18,0.3525,NA,0.3894444444444444,0.065,4.319444444444445
SUGG,SUGG.AOS.littoral2,2018,10,8,8,0.521875,NA,0.645,0.060000000000000005,25.78125
SUGG,SUGG.AOS.buoy.c0,2019,2,10,10,0.61875,NA,0.8049999999999999,0.067,1.5
SUGG,SUGG.AOS.littoral1,2019,2,10,10,0.6675,NA,0.8425,NA,1.9888888888888887
SUGG,SUGG.AOS.littoral2,2019,2,10,10,0.62125,NA,0.7625,0.075,5.779166666666667
SUGG,SUGG.AOS.buoy.c0,2019,7,12,12,0.5083333333333333,NA,0.59375,NA,17.291666666666664
SUGG,SUGG.AOS.littoral1,2019,7,19,19,0.34671052631578947,NA,0.39342105263157895,0.05,7.083333333333333
SUGG,SUGG.AOS.littoral2,2019,7,10,10,0.36625,NA,0.425,NA,18.1125
SUGG,SUGG.AOS.buoy.c0,2019,10,10,10,0.51375,NA,0.6325,0.06,12.666666666666666
SUGG,SUGG.AOS.littoral1,2019,10,11,11,0.41363636363636364,NA,0.5113636363636364,0.08,3.9204545454545454
SUGG,SUGG.AOS.littoral2,2019,10,10,10,0.49,NA,0.605,0.05,5.016666666666667
SUGG,SUGG.AOS.buoy.c0,2020,2,9,9,0.5944444444444444,NA,0.7527777777777778,NA,3.1018518518518516
SUGG,SUGG.AOS.littoral1,2020,2,13,13,0.38846153846153847,NA,0.46923076923076923,0.075,1.689102564102564
SUGG,SUGG.AOS.littoral2,2020,2,10,10,0.5825,NA,0.7475,NA,3.8666666666666667
SUGG,SUGG.AOS.buoy.c0,2020,7,6,6,0.6166666666666667,NA,0.7916666666666666,NA,50.833333333333336
SUGG,SUGG.AOS.littoral1,2020,7,13,13,0.4721153846153846,NA,0.5153846153846154,NA,7.3076923076923075
SUGG,SUGG.AOS.littoral2,2020,7,15,15,0.33666666666666667,NA,0.4083333333333333,NA,1.6583333333333334
SUGG,SUGG.AOS.buoy.c0,2020,10,11,11,0.509090909090909,NA,0.615909090909091,NA,5.753787878787879
SUGG,SUGG.AOS.littoral1,2020,10,12,12,0.4458333333333333,NA,0.5541666666666667,0.05,2.1145833333333335
SUGG,SUGG.AOS.littoral2,2020,10,12,12,0.40625,NA,0.47708333333333336,NA,5.798611111111111
SUGG,SUGG.AOS.buoy.c1,2021,2,9,9,0.6083333333333333,NA,0.7583333333333333,NA,15.347222222222221
SUGG,SUGG.AOS.littoral1,2021,2,13,13,0.4673076923076923,NA,0.5826923076923077,0.07150000000000001,2.483974358974359
SUGG,SUGG.AOS.littoral2,2021,2,13,13,0.48173076923076924,NA,0.5711538461538461,NA,6.288461538461538
SUGG,SUGG.AOS.buoy.c0,2021,6,9,9,0.5361111111111111,NA,0.6555555555555556,0.1,49.07407407407407
SUGG,SUGG.AOS.littoral1,2021,6,10,10,0.505,NA,0.5925,NA,108.66666666666666
SUGG,SUGG.AOS.littoral2,2021,6,10,10,0.4525,NA,0.54,0.069,25.749999999999993
SUGG,SUGG.AOS.buoy.c0,2022,2,11,11,0.5727272727272728,NA,0.6863636363636364,0.06666666666666667,1.6388888888888888
SUGG,SUGG.AOS.littoral1,2022,2,12,12,0.5066666666666667,NA,0.5983333333333334,0.1,0.7569444444444444
SUGG,SUGG.AOS.littoral2,2022,2,8,8,0.74375,NA,0.8375,0.05,7.1875
SUGG,SUGG.AOS.buoy.c1,2022,7,8,8,0.58125,NA,0.6875,0.05,42.34375
SUGG,SUGG.AOS.littoral1,2022,7,7,7,0.4285714285714286,NA,0.5357142857142857,0.065,33.33333333333333
SUGG,SUGG.AOS.littoral2,2022,7,6,6,0.6583333333333333,NA,0.75,0.05,73.95833333333334
SUGG,SUGG.AOS.buoy.c0,2022,10,7,7,0.7071428571428572,NA,0.8428571428571429,0.05,6.686507936507937
SUGG,SUGG.AOS.littoral1,2022,10,12,12,0.5183333333333333,NA,0.635,0.0825,4.253472222222222
SUGG,SUGG.AOS.littoral2,2022,10,9,9,0.6111111111111112,NA,0.7666666666666666,0.05,3.4027777777777777
SUGG,SUGG.AOS.buoy.c1,2023,2,15,15,0.5033333333333333,NA,0.6146666666666667,0.0674,3.388888888888889
SUGG,SUGG.AOS.littoral1,2023,2,8,8,0.625,NA,0.7625,0.065,8.75
SUGG,SUGG.AOS.littoral2,2023,2,11,11,0.5336363636363637,NA,0.6336363636363637,0.08333333333333334,3.8409090909090913
SUGG,SUGG.AOS.buoy.c0,2023,6,7,7,0.7071428571428572,NA,0.8285714285714285,0.05,6.031746031746032
SUGG,SUGG.AOS.littoral1,2023,6,9,9,0.4444444444444444,NA,0.5066666666666667,0.06375,3.791666666666667
SUGG,SUGG.AOS.littoral2,2023,6,14,14,0.3007142857142857,NA,0.32857142857142857,0.07777777777777778,0.5029761904761905
SUGG,SUGG.AOS.buoy.c0,2023,10,8,8,0.42562500000000003,NA,0.55625,0.13,19.96527777777778
SUGG,SUGG.AOS.littoral1,2023,10,12,12,0.26708333333333334,NA,0.35583333333333333,0.075,2.4895833333333335
SUGG,SUGG.AOS.littoral2,2023,10,10,10,0.6385,NA,0.724,0.07333333333333333,16.57916666666667
SUGG,SUGG.AOS.buoy.c0,2024,2,6,6,0.42166666666666663,NA,0.5816666666666667,0.055,12.444444444444445
SUGG,SUGG.AOS.littoral1,2024,2,8,8,0.42375,NA,0.5549999999999999,0.08,4.817708333333333
SUGG,SUGG.AOS.littoral2,2024,2,12,12,0.29708333333333337,NA,0.425,0.06857142857142857,1.6111111111111112
SUGG,SUGG.AOS.buoy.c0,2024,7,5,5,0.546,NA,0.816,0.05,25.566666666666666
SUGG,SUGG.AOS.littoral1,2024,7,5,5,0.52,NA,0.734,0.05,2.6833333333333336
SUGG,SUGG.AOS.littoral2,2024,7,9,9,0.39666666666666667,NA,0.4955555555555556,0.07333333333333333,2.523148148148148
SUGG,SUGG.AOS.buoy.c0,2024,10,8,8,0.603125,NA,0.7575,NA,7.868055555555555
SUGG,SUGG.AOS.littoral1,2024,10,9,9,0.47111111111111115,NA,0.6377777777777778,0.06,8.253086419753085
SUGG,SUGG.AOS.littoral2,2024,10,8,8,0.564375,NA,0.68875,0.12,2.8958333333333335
TOOK,TOOK.AOS.buoy.c0,2017,6,10,10,0.42900000000000005,NA,0.496,0.07500000000000001,1.0073761854583774
TOOK,TOOK.AOS.littoral2,2017,6,11,11,0.4259090909090909,NA,0.47363636363636363,0.09,0.5252525252525253
TOOK,TOOK.AOS.littoral3,2017,6,12,12,0.48333333333333334,NA,0.55,0.08499999999999999,0.5520833333333333
TOOK,TOOK.AOS.buoy.c0,2017,7,8,8,0.9237500000000001,NA,0.9850000000000001,0.05,1.5291997116077867
TOOK,TOOK.AOS.littoral2,2017,7,8,8,0.486875,NA,0.5375,0.05,0.6197916666666667
TOOK,TOOK.AOS.littoral3,2017,7,12,12,0.47000000000000003,NA,0.5125,0.11499999999999999,0.2604166666666667
TOOK,TOOK.AOS.buoy.c0,2017,9,7,7,0.5078571428571429,NA,0.5528571428571428,0.05,0.8734164177567205
TOOK,TOOK.AOS.littoral2,2017,9,6,6,0.5575,NA,0.605,NA,0.6041666666666666
TOOK,TOOK.AOS.littoral3,2017,9,6,6,0.567,NA,0.592,NA,0.07638888888888888
TOOK,TOOK.AOS.buoy.c0,2018,6,8,8,0.35062499999999996,NA,0.43,0.095,0.6371665465032444
TOOK,TOOK.AOS.littoral2,2018,6,10,10,0.4545,NA,0.484,0.10500000000000001,0.6666666666666666
TOOK,TOOK.AOS.littoral3,2018,6,15,15,0.3626666666666667,NA,0.41600000000000004,0.11000000000000001,0.6037037037037037
TOOK,TOOK.AOS.buoy.c0,2018,8,11,11,0.760909090909091,NA,0.8145454545454546,0.065,2.7872451989250835
TOOK,TOOK.AOS.littoral2,2018,8,6,6,0.9166666666666666,NA,0.9266666666666666,0.08,34.201388888888886
TOOK,TOOK.AOS.littoral3,2018,8,7,7,0.5228571428571428,NA,0.54,0.065,13.160714285714285
TOOK,TOOK.AOS.buoy.c0,2018,9,9,9,0.505,NA,0.5766666666666667,0.05,1.2032580525731211
TOOK,TOOK.AOS.littoral2,2018,9,12,12,0.7204166666666667,NA,0.7516666666666667,0.065,0.6076388888888888
TOOK,TOOK.AOS.littoral3,2018,9,6,6,0.315,NA,0.35333333333333333,NA,0.4097222222222222
TOOK,TOOK.AOS.buoy.c1,2019,6,13,13,0.829076923076923,NA,0.9677692307692308,0.09042857142857143,1.7735311707914447
TOOK,TOOK.AOS.littoral2,2019,6,10,10,0.5822,NA,0.6412,0.0716,4.305555555555555
TOOK,TOOK.AOS.littoral3,2019,6,10,10,0.5780000000000001,NA,0.6752,0.1002,0.3166666666666667
TOOK,TOOK.AOS.buoy.c1,2019,7,5,5,0.8506,NA,1.0696,0.065,1.035328046142754
TOOK,TOOK.AOS.littoral2,2019,7,4,4,0.657875,NA,0.7232500000000001,0.04,0.1875
TOOK,TOOK.AOS.littoral3,2019,7,6,6,1.0903333333333334,NA,1.1683333333333334,0.0635,0.5833333333333333
TOOK,TOOK.AOS.buoy.c0,2019,9,7,7,1.4642142857142857,NA,1.574142857142857,0.074,0.32500185786123015
TOOK,TOOK.AOS.littoral2,2019,9,2,2,0.49575,NA,0.498,0.072,0.33333333333333337
TOOK,TOOK.AOS.littoral3,2019,9,5,5,0.7782,NA,0.8004,0.07100000000000001,0.725
TOOK,TOOK.AOS.buoy.c1,2020,7,6,6,0.6063333333333333,NA,0.65,0.06366666666666668,3.905311223263639
TOOK,TOOK.AOS.littoral2,2020,7,7,7,0.5378571428571429,NA,0.58,0.09725,2.015873015873016
TOOK,TOOK.AOS.littoral3,2020,7,6,6,0.55175,NA,0.5883333333333334,0.067,9.930555555555555
TOOK,TOOK.AOS.buoy.c1,2020,8,4,4,0.8515,NA,0.92675,0.052,2.1103295075897814
TOOK,TOOK.AOS.littoral2,2020,8,8,8,0.88575,NA,0.9358749999999999,0.078,0.8020833333333334
TOOK,TOOK.AOS.littoral3,2020,8,6,6,1.1639166666666667,NA,1.2198333333333333,0.051,0.6250000000000001
TOOK,TOOK.AOS.buoy.c1,2020,9,7,7,1.1405714285714286,NA,1.1987142857142856,0.098,0.7837573385518591
TOOK,TOOK.AOS.littoral2,2020,9,8,8,0.738,NA,0.8532500000000001,0.09666666666666666,2.3680555555555554
TOOK,TOOK.AOS.littoral3,2020,9,8,8,0.8559375,NA,0.882125,0.101,0.2638888888888889
TOOK,TOOK.AOS.buoy.c1,2021,7,18,15,0.7030277777777778,NA,0.7456666666666667,0.1325,1.5452194471660947
TOOK,TOOK.AOS.littoral2,2021,7,14,12,0.7405714285714285,NA,0.8927142857142857,0.07283333333333333,5.72420634920635
TOOK,TOOK.AOS.littoral3,2021,7,15,11,0.6819666666666666,NA,0.7306666666666667,0.06816666666666667,5.046296296296297
TOOK,TOOK.AOS.buoy.c0,2021,9,5,5,0.66,NA,0.66,0.1,1.6283807516684228
TOOK,TOOK.AOS.littoral2,2021,9,7,7,1.0142857142857142,NA,1.0142857142857142,0.1,2.083333333333333
TOOK,TOOK.AOS.littoral3,2021,9,7,7,0.5,NA,0.5285714285714286,0.1,0.6468253968253969
TOOK,TOOK.AOS.buoy.c1,2022,6,9,9,0.3411111111111111,NA,0.3744444444444444,0.085,0.604261796042618
TOOK,TOOK.AOS.littoral2,2022,6,11,11,0.5918181818181818,NA,0.7072727272727273,0.09333333333333334,0.5934343434343434
TOOK,TOOK.AOS.littoral3,2022,6,10,10,0.572,NA,0.597,0.078,3.4722222222222223
TOOK,TOOK.AOS.buoy.c0,2022,8,9,9,0.8322222222222222,NA,0.8655555555555555,0.052500000000000005,0.8471521268925739
TOOK,TOOK.AOS.littoral2,2022,8,10,10,0.77,NA,0.8099999999999999,0.060000000000000005,1.1972222222222222
TOOK,TOOK.AOS.littoral3,2022,8,8,8,0.69875,NA,0.72625,0.061,0.17708333333333331
TOOK,TOOK.AOS.buoy.c0,2022,9,7,7,1.0614285714285714,NA,1.09,0.05,1.0876506334328973
TOOK,TOOK.AOS.littoral2,2022,9,8,8,0.9225,NA,0.935,0.04666666666666667,0.2951388888888889
TOOK,TOOK.AOS.littoral3,2022,9,8,8,0.931875,NA,0.9662499999999999,0.06166666666666667,0.16319444444444445
TOOK,TOOK.AOS.buoy.c1,2023,7,19,13,0.6510526315789473,NA,0.6878947368421052,0.07250000000000001,0.7148793566681027
TOOK,TOOK.AOS.littoral2,2023,7,16,11,0.6334375,NA,0.70875,0.069625,1.3602430555555556
TOOK,TOOK.AOS.littoral3,2023,7,14,11,0.3925,NA,0.4514285714285714,0.06833333333333333,0.36904761904761907
TOOK,TOOK.AOS.buoy.c0,2023,9,9,9,0.8944444444444445,NA,0.9388888888888889,0.06375,0.5607626371865737
TOOK,TOOK.AOS.littoral2,2023,9,8,8,0.875,NA,0.8937499999999999,0.06333333333333334,0.9322916666666667
TOOK,TOOK.AOS.littoral3,2023,9,9,9,0.5072222222222222,NA,0.5277777777777778,0.061399999999999996,0.21511922881785894
TOOK,TOOK.AOS.buoy.c1,2024,6,14,14,0.21321428571428572,NA,0.2507142857142857,0.08666666666666667,0.6715237742635003
TOOK,TOOK.AOS.littoral2,2024,6,10,10,0.30200000000000005,NA,0.43100000000000005,0.07625,1.5222222222222224
TOOK,TOOK.AOS.littoral3,2024,6,17,17,0.2252941176470588,NA,0.26823529411764707,0.10615384615384615,1.4379084967320261
TOOK,TOOK.AOS.buoy.c1,2024,8,7,7,0.41785714285714287,NA,0.5242857142857142,0.16999999999999998,1.510361784334387
TOOK,TOOK.AOS.littoral2,2024,8,15,15,0.357,NA,0.3926666666666667,0.10800000000000001,0.9851851851851852
TOOK,TOOK.AOS.littoral3,2024,8,11,11,0.44,NA,0.5372727272727272,0.065,0.23484848484848486
TOOK,TOOK.AOS.buoy.c0,2024,9,7,7,0.4185714285714286,NA,0.5328571428571429,0.104,2.8320115356885363
TOOK,TOOK.AOS.littoral2,2024,9,7,7,0.42642857142857143,NA,0.5271428571428571,0.060000000000000005,3.682539682539683
TOOK,TOOK.AOS.littoral3,2024,9,8,8,0.44625,NA,0.47124999999999995,0.062,0.3541666666666667
