siteID,year,month,n_do_samples,meanDO_avg,meanDO_sd,maxDO_avg,minDO_avg
BARC,2017,10,11,6.387845271506389,0.2458231877808519,6.649090909090909,6.024545454545454
BARC,2017,11,30,7.360103040338904,0.37978275258437877,7.516,7.183
BARC,2017,12,28,8.191617313062702,0.31330821776354384,8.354642857142856,7.961785714285714
BARC,2018,1,5,8.851857757452574,0.4629998428921278,8.982000000000001,8.68
BARC,2018,3,24,7.934276617100999,0.2939687580231014,8.117916666666666,7.655
BARC,2018,4,23,7.9500589316696555,0.35971205781542015,8.14695652173913,7.502173913043478
BARC,2018,5,21,6.607362488873454,0.4098947003766245,7.088095238095238,6.1709523809523805
BARC,2018,6,29,6.307583782835725,0.35997825588222887,6.731724137931034,5.8406896551724135
BARC,2018,7,23,5.5799782587989455,0.5914416549311236,5.978695652173913,5.098695652173913
BARC,2018,8,22,5.469412709992514,0.7530533022746784,5.665454545454545,5.133181818181818
BARC,2018,9,30,5.441450260188608,0.554670916318844,6.033,4.548666666666667
BARC,2018,10,31,5.480105751799867,0.4983734487916936,5.881935483870968,4.813870967741935
BARC,2018,11,30,4.970980092085716,1.9222048749550846,6.925333333333334,1.3860000000000006
BARC,2018,12,30,7.052650824455633,2.383863353807278,7.7059999999999995,6.283666666666667
BARC,2019,1,25,8.554952903896336,0.3347825779206022,8.758799999999999,8.1884
BARC,2019,2,28,9.096299611339886,0.3953472882642834,9.227142857142857,8.712857142857143
BARC,2019,3,31,8.122274745753545,0.4967511554498258,8.363225806451613,7.759032258064516
BARC,2019,4,30,7.897356588905517,0.5439136508533178,8.118,7.641666666666667
BARC,2019,5,31,6.878895954877129,0.44683631847070493,7.157741935483871,6.464838709677419
BARC,2019,6,30,5.90694740560041,0.5949538291885925,6.402666666666667,5.193666666666667
BARC,2019,7,31,5.195500413821365,0.4474766797297899,5.686451612903226,4.64258064516129
BARC,2019,8,30,5.769012421630534,0.6440504514969698,6.150333333333333,5.128333333333333
BARC,2019,9,27,5.911607871688035,0.4270218973547288,6.2588888888888885,5.401111111111111
BARC,2019,10,25,5.954464837559916,0.27696828918593885,6.2688,5.6092
BARC,2019,11,15,7.251922887653165,0.6270706912443818,7.419333333333333,7.058666666666666
BARC,2019,12,19,8.656055530024357,0.2874255015892381,8.82,8.439473684210526
BARC,2020,1,31,8.310709332548797,0.2224285320489492,8.480967741935483,8.026129032258064
BARC,2020,2,25,8.602172635908847,0.2440419569258963,8.7476,8.3872
BARC,2020,3,31,8.2953229062615,0.3789719387404417,8.963225806451613,7.965483870967742
BARC,2020,4,30,7.406443734783683,0.17902670518856242,7.699,6.7973333333333334
BARC,2020,5,30,7.1662241801477835,0.21350675969764085,7.393,6.746666666666667
BARC,2020,6,21,6.8440794366963695,0.23811233216572703,7.123333333333333,6.409047619047619
BARC,2020,7,28,6.082419826023735,0.2690412589459087,6.427142857142857,5.566071428571428
BARC,2020,8,29,5.871232637096849,0.2536254324906574,6.22,5.378620689655173
BARC,2020,9,30,6.092114421321691,0.5514928272956089,6.435666666666667,5.618666666666667
BARC,2020,10,31,6.518821676665388,0.13951859724400267,6.796774193548387,6.140645161290323
BARC,2020,11,30,7.51332856330573,0.4445381334230588,7.689666666666667,7.2396666666666665
BARC,2020,12,30,8.890762602151746,0.6639228391756328,9.030666666666667,8.707666666666666
BARC,2021,1,31,9.935698487008658,0.16559678608818804,10.041612903225806,9.757096774193549
BARC,2021,2,28,8.969122418646046,0.4021059591606935,9.110714285714286,8.7875
BARC,2021,3,31,8.255503992046302,0.1764136743113888,8.427741935483871,7.9564516129032254
BARC,2021,4,30,7.9053609895972325,0.25130544410823896,8.111666666666666,7.617
BARC,2021,5,31,7.314206269423405,0.20394246518529183,7.553548387096774,6.990645161290322
BARC,2021,6,30,6.731715337747073,0.3922546215084466,7.0713333333333335,6.300666666666666
BARC,2021,7,31,6.575689518203862,0.41460871300893415,6.990645161290322,6.006451612903226
BARC,2021,8,31,6.430379452347458,0.4181746932663679,6.97258064516129,5.839032258064516
BARC,2021,9,30,6.226649740040494,0.20882410366222948,7.0136666666666665,5.379333333333333
BARC,2021,10,31,6.384769409540633,0.26314646173596845,6.904193548387097,5.734193548387097
BARC,2021,11,30,7.70206262746782,0.6777299842882156,7.921333333333333,7.421333333333333
BARC,2021,12,30,8.370623664299224,0.19034363812098434,8.491333333333333,8.188333333333333
BARC,2022,1,31,8.664271817934978,0.4676079347294012,8.776129032258064,8.524516129032259
BARC,2022,2,28,9.462598073623266,0.28781291766581285,9.568928571428572,9.327857142857143
BARC,2022,3,30,8.344162076625896,0.2660149465238033,8.458333333333334,8.164666666666667
BARC,2022,4,30,7.738401309755879,0.17557777119100915,7.873666666666667,7.520333333333333
BARC,2022,5,4,7.35073867018622,0.1340254542363021,7.4975000000000005,7.1875
BARC,2022,9,7,6.43783738643277,0.1167750040322638,6.69,6.1242857142857146
BARC,2022,10,31,7.265934312312459,0.2316937878228913,7.473548387096774,7.008709677419355
BARC,2022,11,30,7.823139334676793,0.31345756753481097,7.984666666666667,7.575333333333333
BARC,2022,12,28,8.813943095505882,0.5928243125925023,8.937142857142858,8.642142857142858
BARC,2023,1,31,10.065089788082144,0.1989198441279054,10.22516129032258,9.828064516129032
BARC,2023,2,20,9.509592270574158,0.6034251391691292,9.679499999999999,9.339
BARC,2023,3,31,8.08620607978378,0.156954648891401,8.201612903225806,7.926129032258064
BARC,2023,4,28,7.740643082764737,0.19860053414700665,7.8625,7.585714285714285
BARC,2023,5,31,7.2769757919989395,0.31943224078279164,7.46,7.071290322580645
BARC,2023,6,23,7.520647614902387,0.18110193139585903,7.709130434782609,7.265652173913043
BARC,2023,7,30,6.873245892845973,0.49270860282193546,7.156,6.534666666666666
BARC,2023,8,31,5.619241153023196,1.341342604376877,6.239032258064516,4.80516129032258
BARC,2023,9,30,5.677624852693707,0.13099057859405214,6.036,5.116666666666667
BARC,2023,10,31,6.638166429706424,0.44141115886528914,6.879677419354839,6.283548387096774
BARC,2023,11,21,7.595401955762693,0.12482889686986866,7.720952380952381,7.446666666666666
BARC,2023,12,31,9.182219406104599,0.7053307897009384,9.333548387096775,8.923548387096774
BARC,2024,1,12,10.049144233366851,0.16676714372530071,10.145833333333334,9.8475
BARC,2024,2,24,9.076548173597235,0.19371521435283395,9.174583333333333,8.95375
BARC,2024,3,31,8.37969037459787,0.29760420857817504,8.487741935483871,8.22967741935484
BARC,2024,4,30,7.744292975915269,0.25808262886259425,7.923,7.493666666666667
BARC,2024,5,31,6.964048865314995,0.29150171728470053,7.215483870967742,6.650645161290322
BARC,2024,6,27,6.700468674023003,0.23511039831508054,6.99962962962963,6.235555555555556
BARC,2024,7,31,6.134297803572658,0.3117805506865848,6.585806451612903,5.273225806451613
BARC,2024,8,31,6.324332285504412,0.4190491879389656,6.669032258064516,5.570967741935484
BARC,2024,9,30,5.613397152860526,0.5567952281401906,6.119,5.035
BARC,2024,10,31,6.718499114890484,0.893238261141507,7.074193548387097,6.110967741935484
BARC,2024,11,30,6.9313403754001905,0.563879748838397,7.303,6.076333333333333
BARC,2024,12,31,8.272134531408954,0.4655311891630667,8.534516129032259,5.395806451612903
BARC,2025,1,10,4.172832303088803,2.3361433902447155,8.968,0
BARC,2025,2,20,8.852188159186253,0.3331834088707077,8.9705,8.702
BARC,2025,3,11,8.635259246880572,0.09425510153457989,8.758181818181818,8.47090909090909
BARC,2025,4,30,7.783505184696419,0.23385806663038133,7.920333333333334,7.569333333333334
BARC,2025,5,31,6.966274448823009,0.268636258297955,7.201612903225806,6.661290322580645
BARC,2025,6,30,6.533580722420405,0.19829909527780284,6.831666666666667,6.1513333333333335
BARC,2025,7,31,6.604491543863898,0.2871006296000827,6.917741935483871,6.2138709677419355
BARC,2025,8,26,6.235232223904781,0.2920520917064409,6.608461538461539,5.7542307692307695
BARC,2025,9,30,6.518756299844091,0.4316189988381855,6.846333333333333,6.0953333333333335
BARC,2025,10,31,6.831064501751358,0.508179520667622,7.079677419354839,6.509354838709678
BARC,2025,11,30,7.969727543391932,0.30702563706748176,8.129333333333333,7.784666666666666
BARC,2025,12,27,8.914847868068202,0.33216493591186813,9.033333333333333,8.753703703703703
BARC,2026,1,1,9.02574468085106,NA,9.1,8.96
CRAM,2017,11,12,10.885960705413575,0.6831878688677846,10.999166666666667,10.685
CRAM,2021,5,21,9.661648105202161,0.8514976018258383,10.197619047619048,3.8585714285714285
CRAM,2021,6,24,8.217665314063607,0.5072672289834229,8.569583333333334,1.1016666666666668
CRAM,2021,7,27,7.206808052168543,1.6795361272035045,8.23962962962963,3.4740740740740743
CRAM,2021,8,18,7.019746292430201,1.5273042227876465,8.495000000000001,0.09555555555555556
CRAM,2021,9,26,7.023507899153632,1.3740101474511792,8.363076923076923,0.4292307692307692
CRAM,2021,10,27,7.6809285359041555,0.5968378545143902,8.379259259259259,1.9525925925925924
CRAM,2021,11,8,8.505114383694503,0.43539626680808335,8.785,3.40625
CRAM,2022,5,26,8.749788117129725,1.3900011529183707,9.817692307692308,4.2688461538461535
CRAM,2022,6,30,8.772210176131283,0.3050728747775749,9.378,1.7756666666666667
CRAM,2022,7,2,8.385009554140126,0.09335160671116474,8.995000000000001,0.495
CRAM,2022,8,16,7.35502659344391,0.541712551478428,8.309375,0.875
CRAM,2022,9,30,7.307727531897945,0.8498647212434731,8.397333333333334,0.42033333333333334
CRAM,2022,10,31,8.257700863872065,0.6352625509844843,8.949354838709677,0.9861290322580645
CRAM,2022,11,15,9.059807024727046,0.2660486812311708,9.41,3.900666666666667
CRAM,2023,5,28,9.124123467210252,1.0195173394074264,9.808214285714286,2.7417857142857143
CRAM,2023,6,30,8.73717889433088,0.27654758732353596,9.063333333333333,1.912
CRAM,2023,7,31,7.573827864381507,1.6285445845080413,8.31967741935484,0.15838709677419355
CRAM,2023,8,31,7.514708620133137,1.4161350411350377,8.289032258064516,0.19483870967741937
CRAM,2023,9,30,7.933379564105353,0.12931588806681443,8.705,0.25
CRAM,2023,10,31,8.056213483684386,0.3463324255442851,8.779677419354838,0.2812903225806452
CRAM,2023,11,14,9.63622176769535,0.4034421814353278,9.739285714285714,9.257857142857143
CRAM,2024,4,30,13.100943296385587,0.3054584017543792,13.347666666666667,11.296666666666667
CRAM,2024,5,31,10.20362697341329,1.3331077597664565,10.671612903225807,6.462580645161291
CRAM,2024,6,30,8.516210755670485,0.135443181142315,8.788333333333334,2.4323333333333332
CRAM,2024,7,31,8.049035797172353,0.4802987937051984,8.744838709677419,1.0235483870967743
CRAM,2024,8,31,7.615776907237214,0.21353922648126253,8.48258064516129,0.8954838709677417
CRAM,2024,9,30,7.448538468744244,0.1884699243224574,8.442,0.18633333333333335
CRAM,2024,10,29,7.720712353218771,0.5879885350550201,8.408965517241379,0.7789655172413792
CRAM,2024,11,19,8.74849168504437,0.3197387725739162,8.923684210526316,6.923684210526316
CRAM,2025,4,7,9.866069625390963,0.6542882674020725,10.284285714285714,7.11
CRAM,2025,5,31,9.819274163912974,0.6537718735029403,10.349677419354839,5.556129032258064
CRAM,2025,6,30,8.545104997739955,0.5315854476622893,9.076333333333332,0.7459999999999999
CRAM,2025,7,31,7.584705105563846,0.17256844538307278,8.219032258064516,0.11516129032258064
CRAM,2025,8,30,7.438281656878131,0.24981179743919957,8.463666666666667,0.14733333333333334
CRAM,2025,9,30,8.001276762310043,0.18355687969832973,8.939,0.17066666666666666
CRAM,2025,10,31,7.342123358371826,0.39780769655796794,8.223870967741936,0.4512903225806452
CRAM,2025,11,8,9.264334113180313,0.7027258538417358,9.42875,8.23875
LIRO,2017,11,4,10.383979779411774,0.2583550489004627,10.7425,9.9375
LIRO,2021,5,20,9.42379593947383,0.5700831937228549,9.998,9.211
LIRO,2021,6,30,8.15659305253653,0.5111335112955488,9.332666666666666,7.819
LIRO,2021,7,31,7.634063123035039,0.4080777695726124,7.948387096774193,7.084193548387097
LIRO,2021,8,31,7.188215033399559,0.22760465056727056,7.433225806451613,6.767096774193549
LIRO,2021,9,10,7.466758587647808,0.38165041110013637,7.743,6.854
LIRO,2021,10,31,7.8120535090524355,0.3381397620573002,8.020645161290323,7.292258064516129
LIRO,2021,11,4,8.411404051820462,0.1499606853939765,8.53,8.24
LIRO,2022,5,24,9.537428126373156,0.2796832556448307,9.930833333333332,9.273333333333333
LIRO,2022,6,28,8.602386541285092,0.31728430725192014,9.563571428571429,8.163214285714286
LIRO,2022,7,2,8.293592796092796,0.02247805256189695,8.95,7.735
LIRO,2022,8,16,7.543786123520768,0.1184529393785281,7.740625,7.209375
LIRO,2022,9,30,7.678277903075474,0.2303139142677929,7.879,7.2316666666666665
LIRO,2022,10,31,9.012939750168675,0.6268359584958911,9.232903225806451,8.17258064516129
LIRO,2022,11,4,10.103405170331975,0.0651583855689254,10.3325,8.2375
LIRO,2023,5,21,9.7255105858517,0.3824305630794055,11.093809523809524,7.523809523809524
LIRO,2023,6,30,8.402452266642252,0.23873621920998617,10.400333333333334,4.140333333333333
LIRO,2023,7,31,8.257518048947349,0.33705349504721904,8.792903225806452,5.733870967741936
LIRO,2023,8,31,8.311292544840416,0.23563433434633438,8.726129032258065,0.9683870967741935
LIRO,2023,9,30,6.087381378747768,1.6854783011114418,8.237666666666666,0.07866666666666666
LIRO,2023,10,31,8.17720711527632,0.3628827781124179,8.377096774193548,5.938387096774194
LIRO,2023,11,13,9.371909803271205,0.339429885671288,9.513846153846155,9.16
LIRO,2024,4,27,11.263712628550941,0.36577070516619664,11.704814814814815,8.255925925925926
LIRO,2024,5,31,9.860124412519722,0.6219607445993244,10.639354838709677,9.586129032258064
LIRO,2024,6,30,8.691692037605218,0.15131832940396533,9.186666666666667,8.190666666666667
LIRO,2024,7,31,7.832026850944308,0.5467003068205567,8.088709677419354,6.7935483870967746
LIRO,2024,8,31,7.47991216338524,0.18737940476925094,7.806129032258064,2.7196774193548388
LIRO,2024,9,24,7.872220630807367,0.23167785677746686,8.161666666666667,6.3925
LIRO,2024,10,26,8.400727560764501,0.47322507551544996,8.65576923076923,7.457307692307692
LIRO,2024,11,15,8.95358988342445,0.3415157654689055,9.086,8.626666666666667
LIRO,2025,4,12,10.461225354298794,0.686445139828396,10.681666666666667,8.9025
LIRO,2025,5,6,9.620195274477211,0.07532256522677584,9.713333333333333,9.445
LIRO,2025,6,6,8.274757118350513,0.2118292775806295,8.718333333333334,7.701666666666666
LIRO,2025,7,31,7.9306102846574635,0.31364518030977123,8.342903225806452,7.389354838709678
LIRO,2025,8,31,7.678345200794723,0.24082824655894836,8.01741935483871,2.099032258064516
LIRO,2025,9,30,8.436902832929496,0.3662834728038033,8.897666666666666,2.058333333333333
LIRO,2025,10,29,7.5278230495875205,0.3507192575047142,7.808620689655172,4.979655172413794
LIRO,2025,11,9,9.032713251091007,0.30042609286427324,9.116666666666667,8.906666666666666
PRLA,2018,6,5,6.4310413165482725,3.800788505771622,9.728,2.276
PRLA,2018,7,31,6.992251497539849,2.791925402878625,9.525483870967742,4.3
PRLA,2018,8,31,6.896883085178584,1.6928582179128915,7.814838709677419,5.825483870967742
PRLA,2018,9,30,7.425790371632006,0.9611048092008373,7.966666666666667,6.759666666666667
PRLA,2018,10,17,10.101789154112252,1.1488290055214845,10.31764705882353,9.788235294117648
PRLA,2019,5,7,9.17801376802543,1.0940083595867394,9.95,8.125714285714286
PRLA,2019,6,30,4.513928039968279,4.099764413517212,6.398666666666666,2.5203333333333333
PRLA,2019,7,28,2.082388568620576,1.1147442796386005,2.87,1.272857142857143
PRLA,2019,8,26,1.2387317852281734,0.8115719400747703,2.210769230769231,0.6369230769230769
PRLA,2019,9,30,6.511926142502325,1.7664185667237984,7.042,5.892333333333333
PRLA,2019,10,24,10.930208913812784,1.3161664415020826,11.199166666666667,10.6675
PRLA,2020,6,22,8.417391982847757,0.5063162520741689,9.010909090909092,7.725
PRLA,2022,7,2,12.607666666666649,2.025625225839086,13.925,9.45
PRLA,2022,8,27,8.219933251173892,1.1346435728866147,10.931851851851851,5.640740740740741
PRLA,2022,9,30,8.63711980668893,0.9948587638506853,9.747,7.467666666666666
PRLA,2022,10,31,9.986831575410687,0.7859718984543282,10.270645161290323,9.646129032258065
PRLA,2022,11,1,10.7162962962963,NA,10.74,10.7
PRLA,2023,5,9,8.555981996548013,1.0633114580471548,10.046666666666667,6.724444444444445
PRLA,2023,6,30,9.624060690965637,3.1923183312745236,12.509,6.172666666666666
PRLA,2023,7,31,9.876791206364235,2.809771625567726,11.41,7.696451612903226
PRLA,2023,8,31,8.247362269803967,1.5919850802514468,10.303225806451612,5.7787096774193545
PRLA,2023,9,30,9.0241133804911,1.4224140789039756,10.410333333333334,7.538666666666667
PRLA,2023,10,26,11.016243496424908,1.3243550721256405,11.882692307692308,10.098846153846154
PRLA,2024,5,21,10.441277024380625,1.091123046707038,11.85142857142857,8.800952380952381
PRLA,2024,6,29,9.784907571184705,1.3411076583641723,11.605172413793104,7.546551724137931
PRLA,2024,7,31,9.755284608097119,2.7968932535207633,12.999677419354839,6.180645161290323
PRLA,2024,8,31,9.291320322632425,2.9577125618522127,11.417741935483871,6.730645161290322
PRLA,2024,9,30,8.117779206925896,1.2115985019415418,9.827333333333334,6.425666666666666
PRLA,2024,10,28,8.848361330143408,0.6319916488927246,9.556071428571428,7.993214285714286
PRLA,2024,11,7,9.44094445143081,0.09315423844457993,9.86,9.047142857142857
PRLA,2025,4,7,11.740103843148757,1.0184249115983326,12.76142857142857,10.76
PRLA,2025,5,30,10.404779461219809,1.458444467539961,11.207333333333333,9.363
PRLA,2025,6,23,9.57769964074989,2.412021237118046,11.348695652173912,7.363478260869565
PRLA,2025,7,31,9.919147313515543,1.9436844971543188,11.26,8.30483870967742
PRLA,2025,8,31,14.833363905614037,6.433557594112571,15.974516129032258,13.26483870967742
PRLA,2025,9,30,13.894276240610438,4.7689634361786055,14.512,13.403
PRLA,2025,10,30,10.60211242804425,1.611081937806606,10.739333333333335,10.407333333333334
PRPO,2018,8,9,7.965692712895391,0.46116463785321565,9.062222222222221,6.355555555555555
PRPO,2018,9,29,8.396143302677766,0.6562053649357061,9.032758620689656,7.608965517241379
PRPO,2018,10,8,9.592593601932293,0.19907956539672472,10.08375,8.62125
PRPO,2019,5,2,10.99378109452735,0.30577970856088815,11.43,10.39
PRPO,2019,6,30,5.1718129268272675,2.613295838690592,5.955666666666667,4.201666666666667
PRPO,2019,7,31,4.683882287278307,1.6696324039963892,6.823548387096774,2.6861290322580644
PRPO,2019,8,31,8.73555482884987,2.5785813049529556,11.451935483870967,5.822258064516129
PRPO,2019,9,30,8.735114507728698,1.4271903856377193,10.403333333333332,6.980666666666667
PRPO,2019,10,21,11.346362383675897,0.7487974073499554,11.87,10.529047619047619
PRPO,2020,6,29,8.149597414233735,2.308794791476558,9.362758620689656,6.816896551724138
PRPO,2020,7,30,6.490931505307627,3.2592243330250112,9.078333333333333,4.101333333333334
PRPO,2020,8,30,6.771095338176514,1.3961590656229712,8.322666666666667,4.874666666666666
PRPO,2020,9,27,8.925246670956035,0.8060325626734702,9.420370370370371,8.314814814814815
PRPO,2020,10,24,10.738249472633179,0.8516829098095914,10.95625,10.400833333333333
PRPO,2021,5,25,9.359635919139036,0.7714621738687323,10.0704,8.1804
PRPO,2021,6,30,7.722275616190448,1.3792351859117682,8.860666666666667,6.131
PRPO,2021,7,31,7.072130669952379,1.114960471168146,8.568709677419355,5.019032258064516
PRPO,2021,8,31,7.523081849244407,0.7745335576553044,8.824516129032258,5.938064516129033
PRPO,2021,9,30,8.298300956157268,0.5386627364249442,9.06,7.357666666666667
PRPO,2021,10,30,10.131293777643995,1.1845041843758086,10.538,9.618666666666666
PRPO,2022,5,7,9.850530832271136,0.973321130709727,10.3,8.914285714285715
PRPO,2022,6,30,7.622512173751717,1.2630989445167236,8.680666666666667,5.873
PRPO,2022,7,30,8.025964883403386,1.963409068242901,9.390333333333334,6.087
PRPO,2022,8,31,6.690005278720836,0.7620365510495217,7.983548387096774,4.880967741935484
PRPO,2022,9,30,8.878418107498538,0.6487417457619149,9.573,8.061333333333334
PRPO,2022,10,31,10.562782491681476,0.7790511802806582,11.046129032258065,9.422903225806452
PRPO,2022,11,5,10.97260683760684,0.1702603152527859,11.35,10.196
PRPO,2023,5,20,9.736943710950687,1.48080405060115,10.42,8.869
PRPO,2023,6,29,6.633640441140723,1.5642186856882894,7.683448275862069,5.1772413793103444
PRPO,2023,7,31,7.692819927538121,1.2177260304159931,8.97483870967742,5.787419354838709
PRPO,2023,8,31,8.205496231933397,0.922576365564682,9.248387096774193,6.8
PRPO,2023,9,30,8.366252581473246,0.5355404033643423,9.219666666666667,7.384
PRPO,2023,10,28,9.850245315268525,0.7942178265680295,10.184285714285714,9.408214285714285
PRPO,2024,5,31,9.586951817296699,0.7375043829818568,9.973870967741936,9.089032258064517
PRPO,2024,6,30,8.106719956678909,0.7684481996214952,8.785666666666666,7.151666666666666
PRPO,2024,7,31,8.343511197027343,1.3117032920903533,9.453548387096774,6.866129032258065
PRPO,2024,8,31,7.982169908587457,1.2436218432544945,8.737419354838709,6.9148387096774195
PRPO,2024,9,30,8.024742656699832,0.4618660949370071,8.579333333333333,7.334666666666667
PRPO,2024,10,31,9.63851298104933,0.5104738669466472,9.92258064516129,9.231290322580644
PRPO,2024,11,6,10.592872725653967,0.15976063002932075,10.795,10.305
PRPO,2025,4,8,10.317032587162162,0.4332276041408244,10.5875,9.89375
PRPO,2025,5,31,9.681531364788702,1.1207452935769193,10.060645161290322,9.11483870967742
PRPO,2025,6,30,8.473847247825871,0.8784869848396457,9.119666666666667,7.633666666666667
PRPO,2025,7,31,8.114100228367246,0.8143536132730996,9.11516129032258,6.716129032258064
PRPO,2025,8,31,8.54114208956684,0.8663513547138765,9.37741935483871,7.44483870967742
PRPO,2025,9,30,8.873884383567253,0.8452174195202637,9.391,8.079666666666666
PRPO,2025,10,18,9.67434457230733,0.6523328625693787,10.035555555555556,9.200000000000001
SUGG,2017,12,17,5.073774127800436,0.644269146197414,5.615294117647059,4.36
SUGG,2018,1,31,7.738350364234048,0.8830909782308483,8.06741935483871,7.258709677419355
SUGG,2018,2,14,5.491168245612577,1.3057324430583062,6.045714285714285,4.5528571428571425
SUGG,2018,3,31,5.140377605439913,0.6818155588943121,5.525161290322581,4.497741935483871
SUGG,2018,4,30,4.56875145678656,0.6267718593586817,5.213,3.578
SUGG,2018,5,9,2.908278429821871,0.8415332522082027,3.9255555555555555,1.6344444444444444
SUGG,2018,6,6,0.44647003046242084,0.09896592068685521,1.8733333333333333,0.26
SUGG,2018,7,15,0.6926667742891688,0.46747572314396174,1.2753333333333334,0.32933333333333337
SUGG,2018,8,17,0.46127734795570985,0.3316916517511815,0.9482352941176471,0.2847058823529412
SUGG,2018,9,30,0.8085642640352176,0.5318003037051345,1.7553333333333334,0.337
SUGG,2018,10,31,2.908380494034117,1.1006540461203835,3.529677419354839,2.114516129032258
SUGG,2018,11,30,4.853971991168009,0.9625472452739847,5.320333333333333,4.1419999999999995
SUGG,2018,12,30,6.599720258624103,0.5695459640941019,7.058,5.961333333333333
SUGG,2019,1,25,6.060961411740357,0.9587327923967661,6.4064,5.546
SUGG,2019,2,22,5.665957578198596,0.58634485667851,6.205454545454545,4.951363636363636
SUGG,2019,3,31,5.18333099727814,0.6046329928726766,5.688387096774194,4.393548387096774
SUGG,2019,4,30,4.719452558112867,0.7209120380531095,5.344,3.768666666666667
SUGG,2019,5,31,3.658177807143603,0.5345052420854507,4.466129032258064,2.40741935483871
SUGG,2019,6,25,3.926795227182811,0.40314804413835603,4.5608,2.782
SUGG,2019,7,22,2.6873269743302775,0.3610149319216597,3.6154545454545453,1.6131818181818183
SUGG,2019,8,31,3.00240565512542,0.6781878808411753,4.035161290322581,1.6874193548387098
SUGG,2019,9,28,4.146467235529288,0.46621853098409016,4.670714285714285,3.2632142857142856
SUGG,2019,10,31,5.2034126821822,0.5540394513861309,5.544516129032258,4.655483870967742
SUGG,2019,11,25,6.679526047966547,0.938842515210241,6.9216,6.3256
SUGG,2019,12,14,7.403554374486318,0.2769765054644614,7.632857142857143,7.043571428571429
SUGG,2020,2,17,6.963295521795403,0.5418931822988087,7.338823529411765,6.32
SUGG,2020,3,31,6.377721705351337,0.879760908434586,6.793225806451613,5.661935483870968
SUGG,2020,4,30,5.32943307767406,0.6361575485511857,6.018666666666666,3.855
SUGG,2020,5,31,4.442594094644096,0.3356479654192954,5.764838709677419,2.036774193548387
SUGG,2020,6,30,4.413129392475595,0.43089342951645476,5.3149999999999995,2.904
SUGG,2020,7,30,4.196612911119047,0.3355373715738223,4.766,3.248666666666667
SUGG,2020,8,31,3.2313059073712385,0.5335751406545635,4.505483870967742,1.6845161290322581
SUGG,2020,9,29,4.362717606736903,0.9015564821839074,4.9944827586206895,3.320689655172414
SUGG,2020,10,30,5.2787064722450365,0.324672731151454,5.689,4.572666666666667
SUGG,2020,11,30,6.6452012101160225,0.5249675869952528,6.899,6.2283333333333335
SUGG,2020,12,28,7.949338692554587,0.4999780510363067,8.142857142857142,7.640714285714286
SUGG,2021,1,31,8.378663698656933,0.33650276251901357,8.548064516129033,8.12483870967742
SUGG,2021,2,28,8.004006450868562,0.776119321818972,8.252142857142857,7.6075
SUGG,2021,3,27,6.905519408106234,0.4884160996448136,7.337777777777778,6.268518518518518
SUGG,2021,4,26,6.6299633668263365,0.2788849928690958,7.015769230769231,6.0407692307692304
SUGG,2021,5,31,6.0479173119569145,0.40637025081287725,6.5041935483870965,5.146451612903226
SUGG,2021,6,30,5.603310006702887,0.37162370041464643,6.0906666666666665,4.816333333333334
SUGG,2021,7,31,4.940236529987825,0.6509714673489593,5.756774193548387,3.7016129032258065
SUGG,2021,8,31,4.086725076806626,0.33699484723316386,4.783225806451613,2.8983870967741936
SUGG,2021,9,29,4.067598489436516,0.27576947416766945,4.641379310344828,3.3586206896551722
SUGG,2021,10,31,4.612060804599246,0.48551743344068804,5.14258064516129,3.9429032258064516
SUGG,2021,11,30,7.048258098928532,0.7780558383339766,7.318,6.602666666666667
SUGG,2021,12,14,7.142047697682924,0.17433668851199405,7.464285714285714,6.607857142857143
SUGG,2022,1,18,8.781085516681843,0.5769956052830013,9.027222222222223,8.48
SUGG,2022,2,28,8.51502986656972,0.6282486438830042,8.815357142857144,8.055
SUGG,2022,3,28,6.771971641077982,0.3674168660045757,7.094285714285714,6.386428571428572
SUGG,2022,4,28,6.117137117182395,0.3512055732211455,6.441071428571429,5.656071428571429
SUGG,2022,5,26,5.728940505524843,0.2879853838204431,6.202692307692308,5.03
SUGG,2022,6,30,5.442065156021084,0.48020229585147856,6.119,4.6433333333333335
SUGG,2022,7,31,5.248075309884791,0.613783836326268,6.204516129032258,4.106774193548387
SUGG,2022,8,31,5.335138122957416,0.4781262763886481,6.207741935483871,4.369354838709677
SUGG,2022,9,30,4.982036963457008,0.697975881936227,5.858333333333333,3.925
SUGG,2022,10,31,5.939707084598507,0.5595992333307274,6.370322580645161,5.205483870967742
SUGG,2022,11,13,6.468471187575033,0.4409395137759643,6.875384615384616,5.920769230769231
SUGG,2023,2,6,7.345056546398799,0.41803411350436986,7.638333333333334,6.961666666666667
SUGG,2023,3,24,6.976900371218609,0.521574147790437,7.32875,6.5925
SUGG,2023,4,10,6.754391865079365,0.09201870709538118,7.066,6.391
SUGG,2023,5,31,6.139776555118529,0.8365489581787291,7.130645161290323,4.588064516129032
SUGG,2023,6,29,6.369715153233164,0.2755910467332418,6.749655172413793,5.818965517241379
SUGG,2023,7,24,5.294253784502194,0.5750781554216703,5.972916666666666,4.428333333333334
SUGG,2023,8,30,5.3614734657871,0.8634940201076273,6.145333333333333,2.892
SUGG,2023,9,30,4.154944780471508,1.1809863747681921,5.707333333333334,1.0423333333333336
SUGG,2023,10,31,1.247595460035677,0.7512520764160938,6.193870967741935,0
SUGG,2023,11,16,0.29897352690001555,0.44793144665960055,5.0493749999999995,0
SUGG,2023,12,9,0.16202094845511644,0.26318568900086087,4.384444444444444,0
SUGG,2024,1,2,8.007456711971699,0.07884155035959384,8.15,7.83
SUGG,2024,3,14,6.634457051988652,0.45236990103592273,6.99,6.18
SUGG,2024,4,30,6.513835333592971,0.42535395905858714,6.8806666666666665,5.9736666666666665
SUGG,2024,5,31,6.102232891493798,0.5172433118208223,6.478709677419355,5.461935483870968
SUGG,2024,6,30,5.555639125979268,0.4395864070790379,5.958666666666667,4.947666666666667
SUGG,2024,7,31,5.776844370411494,0.3243294364060549,6.42516129032258,5.009032258064516
SUGG,2024,8,31,5.748491099656257,0.7246843325034088,6.317741935483871,4.819677419354838
SUGG,2024,9,21,4.95965780182531,0.5288709390774967,5.421428571428572,4.244285714285715
SUGG,2024,10,30,6.237681970984385,0.8349337238242264,6.659666666666666,5.621666666666667
SUGG,2024,11,23,5.841078754381904,0.5996085743989366,6.196521739130435,5.300434782608695
SUGG,2024,12,31,8.026655950013035,0.47245174225859127,8.2174193548387091,7.739677419354839
SUGG,2025,1,30,9.133526309369232,0.8282055441542306,9.288,8.881666666666666
SUGG,2025,2,28,7.605478757653703,0.7490303107788445,7.964285714285714,6.685
SUGG,2025,3,31,7.325017015156887,0.44729319850391114,7.5680645161290325,6.888064516129032
SUGG,2025,4,28,6.072890126284529,0.36798075428340593,6.401071428571429,5.385714285714285
SUGG,2025,5,5,5.222116397433012,0.3817762530639275,5.774,3.984
SUGG,2025,6,30,5.557679027752997,0.306808908170299,6.028333333333333,4.957
SUGG,2025,7,31,6.426881109754852,0.46677084279309117,7.05,5.565483870967742
SUGG,2025,8,31,6.147221290724062,0.3574741093198294,6.748387096774193,5.418387096774193
SUGG,2025,9,30,6.383696912628515,0.46959454293879876,6.749,5.891666666666667
SUGG,2025,10,31,7.058577737527253,0.3640501962424686,7.265806451612903,6.73483870967742
SUGG,2025,11,30,8.113582195403705,0.4563982979875638,8.343,7.7123333333333335
SUGG,2025,12,31,8.889863272900316,0.40974025544375037,9.013870967741935,8.713870967741935
SUGG,2026,1,1,8.91111888111888,NA,9,8.68
TOOK,2019,7,13,7.2413074490933544,3.605644117368284,7.8307692307692305,7.114615384615385
TOOK,2019,8,31,8.948917218763942,1.4051645391005343,9.19032258064516,7.892258064516129
TOOK,2019,9,19,11.057926312924922,0.015721047944047307,11.083684210526316,11.027894736842105
TOOK,2021,7,31,9.974415178896104,0.48270792553441433,10.09032258064516,9.86032258064516
TOOK,2021,8,31,9.95122818572487,0.40287924283691334,10.011612903225807,9.89516129032258
TOOK,2021,9,13,10.733226206115361,0.053563055723625325,10.796153846153846,10.676153846153847
TOOK,2022,7,27,10.113152260270205,0.45032137739481676,10.71888888888889,9.722592592592592
TOOK,2022,8,23,9.464886761935203,0.8663801824489329,9.616521739130436,8.344347826086956
TOOK,2022,9,19,10.36306980081371,0.09306517000226629,10.427894736842106,9.961052631578948
TOOK,2023,7,31,10.765092794626435,0.6995354473522887,11.348064516129032,9.869677419354838
TOOK,2023,8,30,9.629110162291786,0.5740938995563071,9.970666666666666,8.884333333333334
TOOK,2023,9,18,10.202404960310446,0.22995008624886393,10.326666666666666,8.962777777777777
TOOK,2024,7,8,11.174617775953312,0.12369225131251325,11.5725,10.51375
TOOK,2024,8,14,12.42958550016005,0.853393970299313,12.581428571428571,11.89642857142857
TOOK,2024,9,17,11.44387881675523,0.30079840723047724,11.501764705882353,11.35
TOOK,2025,7,26,9.501178442801951,0.2822136348009869,10.038461538461538,7.948846153846154
TOOK,2025,8,31,9.690175134208667,0.3460871408422599,10.01741935483871,7.412258064516129
TOOK,2025,9,17,10.859245728227153,0.18371378956820464,10.910588235294117,10.796470588235294
