siteID,year,month,n_nutrient_samples,NO3_mean,NO3_sd,NH4_mean,NH4_sd,TDN_mean,TDN_sd,TN_mean,TN_sd,OrthoP_mean,OrthoP_sd,TDP_mean,TDP_sd,TP_mean,TP_sd
BARC,2017,4,3,0.0255,0.024748737341529162,0.041666666666666664,0.026501572280401276,0.12459999999999999,0.10489380343947872,0.15426666666666666,0.02535869344688984,0.023,0.0010000000000000009,0.004,0.001,0.005666666666666667,0.0011547005383792516
BARC,2017,5,3,0.005333333333333333,0.002309401076758503,0.05533333333333333,0.023629078131263043,0.18346666666666667,0.008865852092908688,0.11156666666666668,0.01724016627916719,0.014666666666666666,5.773502691896253e-4,0.008499999999999999,0.004769696007084728,0.011,0.005567764362830022
BARC,2017,6,8,0.023000000000000013,0.008153293228885526,0.09457142857142857,0.023143445024867138,0.1117875,0.013017399070913845,0.8132375000000001,0.9289534889236022,0.01,0.01104536101718726,0.005312499999999987,0.005309050000213008,0.016074999999999985,0.015266622478621851
BARC,2017,8,3,0.04783333333333333,0.001747378989610818,0.0438,0.009208148565265441,0.11953333333333334,0.026312037802749783,0.1642,0.009512623192369176,0.050666666666666665,0.02627419519858474,0.007666666666666667,0.00808290376865476,0.0028333333333333335,0.00202072594216369
BARC,2017,9,5,0.01933999999999998,9.007404361597762e-4,0.01620000000000002,0.004818021724041245,0.1519599999999998,0.006603130570671287,0.1914999999999998,0.009402836451482956,0.0238,4.4721359549995833e-4,0.00622,0.0056552630354387585,0.0092,0.004604345773288535
BARC,2017,10,3,0.021366666666666666,0.0016862186493255662,0.13333333333333333,0.013053862774417899,0.18786666666666668,0.009113360156020024,0.22656666666666667,0.024996466416942476,0.007666666666666666,0.001154700538379251,0.004,0.002,0.03,0.002
BARC,2017,11,3,0.033133333333333334,0.0355963949485525,0.1224,0.005402777063696034,0.0998,0.009427088627991149,0.12546666666666667,0.010540082226118219,0.011,0.0026457513110645908,0.002,0.001,0.0033333333333333335,0.0011547005383792516
BARC,2017,12,3,0.0096,0.0019974984355438175,0.10673333333333333,0.0030435724623102595,NA,NA,NA,NA,0.008666666666666666,5.773502691896253e-4,0.009,0.00458257569495584,0.011,0.00458257569495584
BARC,2018,1,1,0.0118,NA,0.0935,NA,0.115,NA,0.1209,NA,0.07,NA,0.018,NA,0.021,NA
BARC,2018,2,1,0.0172,NA,0.1028,NA,0.1256,NA,0.1584,NA,0.022,NA,0.001,NA,0.001,NA
BARC,2018,3,1,0.0379,NA,0.0362,NA,0.1638,NA,0.1666,NA,0.009,NA,5e-4,NA,0.001,NA
BARC,2018,4,2,0.0938,NA,0.025099999999999997,0.01103086578651014,0.6316999999999999,0.6297492993247392,0.637,0.6349818895055197,0.0415,0.030405591591021543,0.005899999999999999,0.007636753236814712,0.0212,0.0012727922061357877
BARC,2018,6,3,0.0117,0,0.0301333333333333,0,0.147266666666667,0,0.169666666666667,0,0.0246666666666667,0,5e-4,0,0.0208333333333333,0
BARC,2018,7,4,0.019425000000000026,0.005716666666666652,0.023375,0.00895,0.19870000000000002,0.021599999999999994,0.22817500000000024,0.020216666666666508,0.01125,5.000000000000004e-4,5e-4,0,0.018000000000000002,0.022666666666666665
BARC,2018,9,3,0.0189333333333333,0,0.0413333333333333,0,0.175866666666667,0,0.195566666666667,0,0.012,0,0.0045,0,0.007,0
BARC,2018,10,1,0.0323,NA,0.0526,NA,0.1132,NA,0.1269,NA,NA,NA,0.2612,NA,0.272,NA
BARC,2018,11,1,NA,NA,0.0172,NA,0.2458,NA,0.2584,NA,0.006,NA,0.002,NA,0.1043,NA
BARC,2018,12,1,NA,NA,0.108,NA,0.2386,NA,0.234,NA,0.481,NA,0.007,NA,0.041,NA
BARC,2019,1,1,NA,NA,0.0201,NA,0.2291,NA,0.262,NA,0.016,NA,0.001,NA,0.2389,NA
BARC,2019,2,1,NA,NA,0.1123,NA,0.2764,NA,0.2446,NA,0.082,NA,5e-4,NA,0.0648,NA
BARC,2019,3,1,NA,NA,0.0992,NA,0.2271,NA,0.2624,NA,0.017,NA,5e-4,NA,0.185,NA
BARC,2019,4,1,NA,NA,0.0779,NA,0.2224,NA,0.2685,NA,0.034,NA,0.0067,NA,0.009,NA
BARC,2019,5,2,NA,NA,0.04405,0,0.21745,0,0.24955,0,0.0245,0,0.00675,0,0.13705,0
BARC,2019,6,4,NA,NA,0.079225,0,0.2715,0,0.279666666666667,0,0.02465,0,0.072225,0,0.22995,0
BARC,2019,7,2,0.0075,0,0.044,0,0.2321,0,0.2519,0,0.0185,0,0.00265,0,0.0344,0
BARC,2019,8,2,0.0394,0,0.02715,0,0.1737,0,0.2104,0,NA,NA,0.00485,0,0.0278,0
BARC,2019,9,3,0.0111666666666667,0,0.138833333333333,0,0.2526,0,0.261866666666667,0,0.0223666666666667,0,0.00513333333333333,0,0.139725,0
BARC,2019,10,2,0.0076,0,0.0626,0,0.2064,0,0.2573,0,0.022,0,0.01525,0,0.0328,0
BARC,2019,11,2,0.0057,0,0.23105,0,0.291,0,0.3426,0,0.02,0,0.01885,0,0.12505,0
BARC,2019,12,1,0.0294,NA,0.0997,NA,0.1932,NA,0.2178,NA,0.018,NA,0.017,NA,0.014,NA
BARC,2020,1,1,0.0491,NA,0.0751,NA,0.2292,NA,0.2702,NA,0.0151,NA,5e-4,NA,0.009,NA
BARC,2020,2,1,0.0396,NA,0.0799,NA,0.2809,NA,0.3557,NA,0.0114,NA,0.004,NA,0.012,NA
BARC,2020,3,3,NA,NA,NA,NA,NA,NA,NA,NA,NA,NA,NA,NA,0.0286666666666667,0
BARC,2020,6,3,0.0019,0,0.00326666666666667,0,0.244233333333333,0,0.278666666666667,0,NA,NA,0.00433333333333333,0,0.00623333333333333,0
BARC,2020,7,1,0.0014,NA,0.0075,NA,0.2029,NA,0.2175,NA,NA,NA,0.0042,NA,0.0111,NA
BARC,2020,10,1,0.0022,NA,0.0058,NA,0.1222,NA,0.2102,NA,NA,NA,0.0043,NA,0.006,NA
BARC,2020,11,1,0.0014,NA,0.005,NA,0.0966,NA,0.1453,NA,NA,NA,0.0037,NA,0.0101,NA
BARC,2020,12,1,0.0098,NA,0.0138,NA,0.1079,NA,0.167,NA,NA,NA,0.0038,NA,0.0074,NA
BARC,2021,1,4,0.005749999999999997,0.0026333333333333347,0.0048000000000000004,4.000000000000002e-4,0.19330000000000025,0.060866666666666513,0.208425,0.05864999999999999,NA,NA,0.0038499999999999975,8.333333333333352e-4,0.0063,7.999999999999999e-4
BARC,2021,3,1,0.0079,NA,0.0095,NA,0.2251,NA,0.238,NA,NA,NA,0.0047,NA,0.0079,NA
BARC,2021,4,1,0.0059,NA,0.0033,NA,0.2147,NA,0.2621,NA,8e-4,NA,0.0089,NA,0.0089,NA
BARC,2021,5,1,0.0014,NA,0.0129,NA,0.21560000000000001,NA,0.2388,NA,NA,NA,0.0056,NA,0.0073,NA
BARC,2021,6,1,0.0037,NA,0.0036,NA,0.1847,NA,0.2411,NA,NA,NA,0.0054,NA,0.0065,NA
BARC,2021,7,1,0.0035,NA,0.0049,NA,0.1515,NA,0.9927,NA,0,NA,0.0067,NA,0.0065,NA
BARC,2021,8,1,0.0014,NA,0.0021,NA,0.1098,NA,0.1939,NA,NA,NA,0.0032,NA,0.0073,NA
BARC,2021,9,1,7e-4,NA,0.0034,NA,0.1741,NA,0.1963,NA,7e-4,NA,0.0043,NA,0.0087,NA
BARC,2021,10,1,0.0023,NA,0.0071,NA,0.1488,NA,0.2363,NA,7e-4,NA,0.0047,NA,0.0112,NA
BARC,2021,12,1,0.0104,NA,0.008,NA,0.1957,NA,0.2616,NA,NA,NA,0.0135,NA,0.0071,NA
BARC,2022,1,4,0.005100000000000003,9.333333333333351e-4,0.00275,9.000000000000002e-4,0.20504999999999976,0.20323333333333352,0.2535,0.014800000000000008,NA,NA,0.011250000000000026,9.666666666666495e-4,0.017275000000000002,0.00625
BARC,2022,3,1,NA,NA,9e-4,NA,0.2112,NA,0.226,NA,NA,NA,0.0051,NA,0.0068,NA
BARC,2022,4,1,0.0011,NA,4e-4,NA,0.1842,NA,0.2055,NA,1e-4,NA,0.005,NA,0.0077,NA
BARC,2022,5,1,0.0025,NA,0.0018,NA,0.2487,NA,0.2652,NA,NA,NA,0.0046,NA,0.0088,NA
BARC,2022,6,3,NA,NA,7.3333333333333e-4,0,0.126533333333333,0,0.183566666666667,0,NA,NA,0.00386666666666667,0,0.00683333333333333,0
BARC,2022,7,1,0.0013,NA,0.0029,NA,0.1737,NA,0.1997,NA,5e-4,NA,0.0023,NA,0.009,NA
BARC,2022,8,1,0.0018,NA,0.0044,NA,0.1287,NA,0.161,NA,NA,NA,0.002,NA,0.0064,NA
BARC,2022,9,1,0.001,NA,0.0039,NA,0.0886,NA,0.1116,NA,NA,NA,0.004,NA,0.0078,NA
BARC,2022,10,1,5e-4,NA,0.0026,NA,0.1735,NA,0.2159,NA,9e-4,NA,0.0047,NA,0.0073,NA
BARC,2022,11,1,9e-4,NA,0.0018,NA,0.1786,NA,0.2114,NA,0,NA,0.0054,NA,0.0107,NA
BARC,2023,1,1,0.0034,NA,0.0154,NA,0.1118,NA,0.1663,NA,1e-4,NA,0.0037,NA,0.0047,NA
BARC,2023,2,1,NA,NA,0.0012,NA,0.1371,NA,0.1737,NA,NA,NA,0.0039,NA,0.0069,NA
BARC,2023,3,1,9e-4,NA,0.0225,NA,0.2335,NA,0.2702,NA,NA,NA,0.0054,NA,0.008,NA
BARC,2023,4,3,0.00123333333333333,0,0.0049,0,0.186633333333333,0,0.2308,0,NA,NA,0.0073,0,0.00793333333333333,0
BARC,2023,5,1,0.0013,NA,0.0038,NA,0.217,NA,0.3404,NA,NA,NA,0.0066,NA,0.0095,NA
BARC,2023,6,1,6e-4,NA,0.0037,NA,0.1705,NA,0.2364,NA,1e-4,NA,0.0036,NA,0.0093,NA
BARC,2023,7,3,NA,NA,0.00386666666666667,0,0.231633333333333,0,0.302966666666667,0,NA,NA,0.0086,0,0.0065,0
BARC,2023,8,1,0.0025,NA,0.0031,NA,0.1801,NA,0.3506,NA,NA,NA,0.0063,NA,0.0063,NA
BARC,2023,9,1,0.1113,NA,0.019,NA,0.1654,NA,0.213,NA,0.0029,NA,0.0058,NA,0.012,NA
BARC,2023,10,1,0.0643,NA,0.0186,NA,0.2101,NA,0.2199,NA,0.0018,NA,0.0046,NA,0.0081,NA
BARC,2023,11,2,0.04075,0.035143207024971417,0.014150000000000001,0.005586143571373726,0.28,0.028284271247461888,0.28500000000000003,0.021213203435596406,6.5e-4,3.535533905932737e-4,0.0028,2.828427124746191e-4,0.0058,2.828427124746192e-4
BARC,2024,1,3,0.009,0,1e-4,0,0.25,0,0.286666666666667,0,1e-4,0,0.00313333333333333,0,0.0073,0
BARC,2024,2,1,0.0056,NA,0.0322,NA,0.3,NA,0.28,NA,5e-4,NA,0.0042,NA,0.0047,NA
BARC,2024,3,1,0.0072,NA,0.0608,NA,0.27,NA,0.23,NA,7e-4,NA,0.0035,NA,0.0145,NA
BARC,2024,4,3,0.00336666666666667,0,0.0459333333333333,0,0.286666666666667,0,0.403333333333333,0,NA,NA,0.0038,0,0.0176,0
BARC,2024,5,1,0.0024,NA,0.0059,NA,0.25,NA,0.28,NA,2e-4,NA,0.0031,NA,0.0064,NA
BARC,2024,6,2,0.0012000000000000001,5.65685424949238e-4,0.0032500000000000003,7.778174593052023e-4,0.175,0.007071067811865462,0.29000000000000004,0.028284271247461888,3.0000000000000003e-4,2.82842712474619e-4,0.004399999999999999,1.4142135623730926e-4,0.007050000000000001,9.192388155425117e-4
BARC,2024,7,1,0.0012,NA,0.0063,NA,0.18,NA,0.36,NA,1e-4,NA,0.0053,NA,0.0091,NA
BARC,2024,9,2,0.0023,2.828427124746191e-4,0.0284,0.024748737341529166,0.53,0.3818376618407357,0.315,0.007071067811865481,0.0012,NA,0.00695,0.006434671708797583,0.01315,0.008838834764831846
BARC,2024,10,2,0.00835,0.007990306627407988,0.03805,0.019021172413918125,0.28,0,0.29000000000000004,0.028284271247461888,0.0017,NA,0.00345,2.121320343559642e-4,0.00735,0.0014849242404917494
BARC,2024,12,1,0.0576,NA,0.0244,NA,0.29,NA,0.32,NA,NA,NA,0.0058,NA,0.0058,NA
BARC,2025,1,3,0.0205333333333333,0,0.0144,0,0.29,0,0.286666666666667,0,NA,NA,0.00286666666666667,0,0.00743333333333333,0
BARC,2025,2,1,0.0623,NA,0.0084,NA,0.26,NA,0.29,NA,0.0022,NA,0.0075,NA,0.0068,NA
BARC,2025,3,1,0.0508,NA,0.0685,NA,0.25,NA,0.23,NA,0.0022,NA,0.0065,NA,0.0043,NA
BARC,2025,4,1,0.0281,NA,0.009,NA,0.24,NA,0.29,NA,0.001,NA,0.0147,NA,0.0104,NA
BARC,2025,5,2,4.5e-4,6.363961030678928e-4,0.00435,9.192388155425117e-4,0.295,0.007071067811865481,0.26,0.04242640687119283,0.00135,3.5355339059327376e-4,0.00425,9.192388155425117e-4,0.0071,0.0021213203435596424
BARC,2025,6,1,8e-4,NA,0.003,NA,0.26,NA,0.28,NA,6e-4,NA,0.0044,NA,0.0102,NA
BARC,2025,8,1,0.0034,NA,0.0115,NA,0.2467,NA,0.2533,NA,8e-4,NA,0.0056,NA,0.0142,NA
BARC,2025,9,2,0.0043,0.0015556349186104047,0.0262,0.004525483399593903,0.26,0,0.28,0.014142135623730925,0.0010500000000000002,7.07106781186548e-5,0.0040999999999999995,0.0016970562748477142,0.0071,4.24264068711929e-4
BARC,2025,10,1,0.0632,NA,0.1153,NA,0.41,NA,0.33,NA,0.0013,NA,0.0054,NA,0.0065,NA
BARC,2025,12,1,0.0577,NA,0.0538,NA,0.35,NA,0.31,NA,0.0016,NA,0.0021,NA,0.0059,NA
CRAM,2017,4,4,0.06075,0.005439056290693575,0.03875,0.01575595125658873,0.284125,0.021279626406495035,0.324775,0.01622064014355371,0.01825,9.574271077563374e-4,0.00925,0.010626225419530053,0.0125,0.013771952173409065
CRAM,2017,5,4,0.0165,0.02043689474129244,0.046,0.013316656236958787,0.5009750000000001,0.2548893142130521,0.3382,0.006562011886609185,0.015,8.164965809277262e-4,0.008375,0.00713413157527483,0.01025,0.007228416147400481
CRAM,2017,6,4,0.0245,0.006363961030678929,0.06925,0.017632829230349468,0.2165,0.0365882494798535,0.317975,0.058867442897864476,0.002,8.16496580927726e-4,0.00875,0.0034034296427770225,0.026000000000000002,0.026720778431774776
CRAM,2017,7,8,0.014285714285714287,0.011081229660721358,0.13725,0.05377576901666152,0.2823625,0.05529197662022428,0.3630499999999999,0.057072076401353325,0.02475000000000001,0.0018835124230062875,0.009724999999999996,0.02205610270801863,0.03177499999999999,0.020630865688274432
CRAM,2017,8,12,0.040891666666666666,0.024748141956579896,0.14045833333333335,0.12684535412712744,0.3126750000000001,0.1207196887735209,0.37096666666666656,0.11256527803093556,0.03341666666666666,0.003467380462644277,0.015258333333333332,0.010258902268643358,0.020333333333333318,0.008305492888517332
CRAM,2017,10,8,0.0164125,0.0067202120502257955,0.200375,0.17568795999075829,0.3455625,0.1677026189206869,0.3943125,0.15727663015482352,0.013999999999999999,0.008734169352933013,0.009125,0.012147163102081549,0.042874999999999996,0.020434127616039088
CRAM,2017,11,3,0.248,0.39310877629480623,0.1226,0.026515655752781225,0.1749,0.019806817008292874,0.2335,0.012328422445714618,0.017333333333333333,0.007767453465154029,0.0026666666666666666,5.773502691896258e-4,0.0036666666666666666,5.773502691896258e-4
CRAM,2018,2,1,0.035,NA,0.156,NA,0.2592,NA,0.256,NA,0.049,NA,5e-4,NA,5e-4,NA
CRAM,2018,3,1,0.026,NA,0.0425,NA,0.2524,NA,0.2805,NA,0.007,NA,5e-4,NA,0.042,NA
CRAM,2018,5,4,0.059399999999999994,0.037744756810273214,0.0786,0.07826991759290411,0.478,0.019316141781767226,0.506525,0.024534108909842197,0.025750000000000002,0.0063966136874651644,0.0055249999999999995,0.004072161588149469,0.086975,0.09764972691547409
CRAM,2018,6,2,0.024300000000000002,0.027718585822512663,0.0521,NA,0.21545,0.034294678887547544,0.28135,0.08633773798287744,0.0125,7.07106781186547e-4,5e-4,0,0.019299999999999998,9.899494936611679e-4
CRAM,2018,7,2,0.0049499999999999995,0.004879036790187178,0.060399999999999995,0.07467047609329941,0.2606,0.014142135623730963,0.3197,0.03238549057834388,0.0165,0.004949747468305833,5e-4,0,0.034,0.012727922061357852
CRAM,2018,8,2,0.02975,0.011384419177103415,0.1765,0.2081722363813196,0.4082,0.22160726522386398,0.3982,0.14919953083036153,0.015,0.0014142135623730952,0.01005,0.013505739520663057,0.01705,0.021142492757477774
CRAM,2018,9,2,0.01915,0.019162593770155438,0.13185,0.17713024868723015,0.34504999999999997,0.11957175669864517,0.3338,0.11539982668964456,0.0635,0.03323401871576773,7.5e-4,3.5355339059327376e-4,0.35365,0.49165134495900653
CRAM,2018,10,4,0.0351,0.01510209698463539,0.207875,0.22384524974484793,0.44632499999999997,0.3231567872823758,0.456175,0.2742388420701925,0.19925,0.31905629074924485,0.009925,0.01088680393871406,0.48092500000000005,0.5113038129788069
CRAM,2018,11,1,NA,NA,NA,NA,0.2696,NA,0.344,NA,0.016,NA,5e-4,NA,0.0477,NA
CRAM,2019,1,1,NA,NA,NA,NA,0.2735,NA,0.3629,NA,0.007,NA,0.006,NA,0.1481,NA
CRAM,2019,2,1,NA,NA,0.0713,NA,0.3244,NA,0.4162,NA,0.211,NA,0.0027,NA,0.259,NA
CRAM,2019,3,1,NA,NA,NA,NA,NA,NA,0.3494,NA,NA,NA,NA,NA,0.371,NA
CRAM,2019,5,3,0.039599999999999996,0.021354624791833733,0.08223333333333332,0.039542677366780986,0.29736666666666667,0.05012088719619131,0.33294999999999997,0.026233661582020888,0.043333333333333335,0.01006644591369433,5e-4,0,0.0655,0.028425692603699208
CRAM,2019,6,2,NA,NA,0.0819,0.04879036790187178,0.33075,0.07912524881477467,0.2725,NA,0.041,0.01131370849898476,5e-4,0,0.087,NA
CRAM,2019,7,6,0.018533333333333315,0.011392629196107439,0.11935,0.09711120944566595,0.322325,0.0678354387470148,0.341475,0.08936093525696784,0.0269,0,0.0057,0.0013875638123464244,0.1322166666666665,0.09499334888997914
CRAM,2019,8,4,0.027225,0.02150629752731356,0.08097499999999999,0.08963362929168939,0.2729,0.0657024606337794,0.2711,0.05092229374252497,0.0069,0,0.010875,0.003492969128597236,0.030125,0.010536642412710668
CRAM,2019,9,8,NA,NA,0.14975,0.12462391710376347,0.36505,0.10738556700041213,0.3927166666666665,0.11757712902533943,0.0278125,3.3407655239053077e-4,0.0098125,0.002418714239307441,0.184725,0.01590204389378925
CRAM,2019,10,12,NA,NA,0.15419166666666664,0.12626659536892806,0.2923222222222223,0.12172745458052278,0.28542222222222235,0.060058657074249296,0.31595,0.41557111304805583,0.015716666666666667,0.005031822972267848,0.051725,0.011728849435938254
CRAM,2019,11,2,NA,NA,0.01455,0,0.1974,0,0.2443,0,NA,NA,0.00265,0,0.1255,0
CRAM,2020,1,1,0.0154,NA,0.0689,NA,0.2406,NA,0.2445,NA,0.0158,NA,0.006,NA,0.007,NA
CRAM,2020,2,1,0.0162,NA,0.0395,NA,0.2854,NA,0.3281,NA,0.0121,NA,0.025,NA,0.027,NA
CRAM,2020,3,1,0.0438,NA,0.0878,NA,0.3699,NA,0.3603,NA,0.0332,NA,0.014,NA,0.021,NA
CRAM,2020,7,2,6.000000000000001e-4,1.4142135623730948e-4,0.047799999999999995,0.06646803743153547,0.3028,0.09248956697920044,0.27741666666666653,0.04650405597603553,0.0019500000000000001,0.0024748737341529167,0.01295,0.009263098833543773,0.01745,0.010960155108391486
CRAM,2020,8,2,3e-4,NA,0.05995,0.07997377695219852,0.30863333333333354,0.06538380703371631,0.3273666666666665,0.051524514122460015,0.0014500000000000001,0.0017677669529663688,0.013600000000000001,0.004808326112068524,0.019200000000000002,0.009192388155425118
CRAM,2020,9,2,NA,NA,0.08230000000000001,0.11200571413994913,0.3559,0.17564532444673844,0.3772,0.1606546606855836,0.0115,NA,0.01725,0.013505739520663059,0.02585,0.019728279195104677
CRAM,2020,10,4,0.0052,0.004950757517794625,0.196575,0.2635092961674534,0.41459166666666675,0.2704350738470635,0.4096083333333335,0.1959311034900146,0.0092,0.003959797974644666,0.02225,0.012269881825021787,0.027299999999999998,0.016482515989172688
CRAM,2021,2,1,0.0078,NA,0.0299,NA,0.2913,NA,0.3463,NA,8e-4,NA,0.0055,NA,0.0146,NA
CRAM,2021,3,1,0.0047,NA,0.0297,NA,0.2894,NA,0.3755,NA,5e-4,NA,0.0052,NA,0.0188,NA
CRAM,2021,4,2,0.018699999999999998,0.024465894629054543,0.0146,0.017536248173426378,0.2719,0.03125411972844539,0.3001,0.029274220741123062,4e-4,NA,0.0052499999999999995,6.363961030678932e-4,0.0135,1.4142135623730864e-4
CRAM,2021,5,2,0.008900000000000002,0.012303657992645926,0.0098,0.012869343417595165,0.2555,0.0033941125496954466,0.29485,0.007424621202458717,NA,NA,0.008,0.00282842712474619,0.0148,1.414213562373099e-4
CRAM,2021,6,2,0.00935,0.012515790027001893,0.029199999999999997,0.03804234482783626,0.2662,0.055295750288788026,0.32635000000000003,0.06540737725975562,1e-4,NA,0.00825,0.0014849242404917494,0.01635,0.004171930009000631
CRAM,2021,7,2,6e-4,0,0.03925,0.05267945519839779,0.25095,0.07714534982745233,0.24280000000000002,0.048083261120685214,0.0021,NA,0.00795,0.00417193000900063,0.0177,0.007212489168102785
CRAM,2021,8,6,6.66666666666665e-4,1.4605934866804613e-4,0.2838333333333333,0.3086599185727446,0.240516666666667,0.07103961570842005,0.2644333333333335,0.06744290424746928,0.0023,0,0.011250000000000015,0.005385938482134154,0.01936666666666665,0.008507957059913564
CRAM,2021,9,2,NA,NA,0.0232,0.029415642097360375,0.31620000000000004,0.148492424049175,0.34085,0.15916973644509186,0.0047,NA,0.0104,0.007495331880577403,0.01845,0.016051323932934628
CRAM,2021,10,4,6.666666666666666e-4,1.5275252316519468e-4,0.079625,0.12374286174698457,0.332825,0.12091711693001396,0.36435,0.13145337576494562,0.0014333333333333333,9.29157324317757e-4,0.010375,0.003718758753491099,0.0177,0.00852955645583833
CRAM,2021,11,3,0.0013333333333333333,2.0816659994661325e-4,0.15976666666666667,0.26633485189387684,0.3646666666666667,0.23369358855846545,0.4015666666666667,0.22872691868980644,0.0029,NA,0.0094,0.005402777063696039,0.020466666666666668,0.009654705243213454
CRAM,2022,1,1,0.0085,NA,0.0835,NA,0.2574,NA,0.4128,NA,0.0011,NA,0.0089,NA,0.02,NA
CRAM,2022,2,1,0.0162,NA,0.0763,NA,0.3587,NA,0.3672,NA,0.0015,NA,0.0069,NA,0.0131,NA
CRAM,2022,5,2,0.07615,0.011525840533340721,0.01915,0.02439518395093589,0.34075,0.012374368670764553,0.37155,0.04193143212436228,1e-4,NA,0.00655,7.071067811865494e-5,0.01315,0.0014849242404917507
CRAM,2022,6,2,0.032,0.04483056992722712,0.02565,0.03429467888754756,0.17855,0.06201326471006022,0.28800000000000003,0.07382194795587556,1e-4,1.414213562373095e-4,0.00935,3.5355339059327283e-4,0.0149,0.0032526911934581187
CRAM,2022,7,2,0.0108,0.013435028842544402,0.0793,0.10649028124669405,0.30695,0.07205418100290918,0.31575,0.10161124445650688,0.0021,0.0029698484809834993,0.00835,0.005303300858899107,0.08435,0.08251936136447009
CRAM,2022,8,6,0.0066500000000000005,0.006079720388307344,0.10653333333333351,0.11067647145321075,0.30018333333333347,0.10788308640993441,0.3416833333333335,0.11909314142020645,0.004449999999999995,0.004363523041457824,0.014166666666666649,0.006974333898899097,0.14976666666666685,0.11239266880006027
CRAM,2022,9,2,7e-4,1.4142135623730956e-4,0.1343,0.18865608922057087,0.29610000000000003,0.1555634918610405,0.3503,0.15754339084836277,0.0034999999999999996,0.004666904755831213,0.01105,0.008555992052357226,0.019700000000000002,0.013293607486307094
CRAM,2022,10,8,0.0024125,0.0012430042332226868,0.2119875,0.2139892282836418,0.44382500000000025,0.22626355102802023,0.4546,0.18125337435282607,0.004925,0.0011499999999999998,0.011212499999999988,0.00694326069275948,0.022900000000000014,0.010695615479073198
CRAM,2022,11,3,0.004066666666666666,0.0022722969289539013,0.14306666666666668,0.21549627220286977,0.3397,0.24628416514262544,0.3881,0.21367206181436077,0.0010999999999999998,0.001131370849898476,0.011066666666666666,0.0048013886880082235,0.023066666666666666,0.0076225542525673986
CRAM,2023,2,1,0.0096,NA,0.0543,NA,0.2827,NA,0.3161,NA,9e-4,NA,0.0081,NA,0.0121,NA
CRAM,2023,3,1,0.0125,NA,0.0598,NA,0.2992,NA,0.3431,NA,1e-4,NA,0.0073,NA,0.0264,NA
CRAM,2023,4,1,0.0203,NA,0.0662,NA,0.2913,NA,0.3198,NA,0.0011,NA,0.005,NA,0.0102,NA
CRAM,2023,5,2,0.0713,0.001979898987322331,0.0517,0.06561950929411162,0.37065000000000003,0.008838834764831853,0.35735,0.036415999231107186,0.0014,0.0015556349186104045,0.00595,0.0020506096654409884,0.0156,0.006222539674441619
CRAM,2023,6,2,0.0284,0.03931513703397204,0.047450000000000006,0.063286056916196,0.26325,0.10132840174403225,0.3197,0.07905453813665601,0.001,9.899494936611666e-4,0.00505,0.0017677669529663688,0.01385,0.00728319984622144
CRAM,2023,7,2,0.014499999999999999,0.017677669529663688,0.05500000000000001,0.0698621499812309,0.31579999999999997,0.07947880220536795,0.35675,0.0794080915272493,0.0031999999999999997,0.0029698484809834993,0.007050000000000001,0.003747665940288702,0.01515,0.008980256121069152
CRAM,2023,8,4,0.0027749999999999997,0.0013143439428094914,0.12717499999999998,0.12430455542738568,0.334525,0.14082613689700266,0.363025,0.13684510404102884,0.0051,0.002675817632051931,0.010525,0.004257640191467569,0.01925,0.009394147114027968
CRAM,2023,10,4,0.017475,0.022349105127498953,0.180175,0.2079107240299708,0.35885,0.19793013077009441,0.39035000000000003,0.16234443836074788,0.003725,0.0025237207980810133,0.011175,0.007560147705788117,0.02115,0.013738146405780758
CRAM,2023,11,3,0.00653333333333333,0,0.0180333333333333,0,0.3,0,0.37,0,NA,NA,0.0052,0,0.0096,0
CRAM,2024,1,1,0.0509,NA,0.0619,NA,0.36,NA,0.32,NA,0,NA,0.005,NA,0.0209,NA
CRAM,2024,2,1,0.022,NA,0.0486,NA,0.4,NA,0.34,NA,NA,NA,0.0056,NA,0.0173,NA
CRAM,2024,3,1,0.0357,NA,0.0934,NA,0.29,NA,0.24,NA,NA,NA,0.0072,NA,0.0162,NA
CRAM,2024,4,2,0.00745,0.007990306627407988,0.01585,0.019586857838867367,0.27,0.028284271247461888,0.255,0.021213203435596444,5.5e-4,2.1213203435596425e-4,0.0040999999999999995,2.828427124746192e-4,0.00995,7.071067811865432e-5
CRAM,2024,6,4,0.008125,0.0025682354513037416,0.058325,0.03677810716535948,0.27249999999999996,0.05251983752196243,0.47750000000000004,0.215,0.00215,0.0027110883423451916,0.010225,0.005031484207799259,0.01925,0.010093727425155354
CRAM,2024,8,2,0.0020499999999999997,7.071067811865463e-5,0.101,0.1337846030004948,0.355,0.148492424049175,0.455,0.007071067811865481,0.00465,0.0060104076400856535,0.0149,0.014707821048680188,0.0231,0.01626345596729059
CRAM,2024,9,2,0.0015500000000000002,7.07106781186548e-5,0.14745,0.20640446942835322,0.385,0.21920310216782976,0.42,0.24041630560342614,0.0075,0.010323759005323594,0.0184,0.019233304448274095,0.028900000000000002,0.026728636328851498
CRAM,2024,10,4,0.003775,0.00251975527912269,0.14115,0.15535946489780833,0.3425,0.2321457875272921,0.4575,0.185,0.0025666666666666667,0.0020502032419575707,0.012275,0.010530392521965488,0.02135,0.015479556410526327
CRAM,2024,11,2,0.0025,2.828427124746191e-4,0.22959999999999997,0.32215784950859105,0.475,0.48790367901871773,0.625,0.41719300090006306,0.00165,0.0010606601717798212,0.01405,0.009404520189781083,0.02385,0.018879751057680815
CRAM,2025,2,1,0.0077,NA,0.009,NA,0.31,NA,0.36,NA,NA,NA,0.006,NA,0.0136,NA
CRAM,2025,3,3,0.0081,0,0.0314333333333333,0,0.356666666666667,0,0.34,0,6e-4,0,0.00543333333333333,0,0.00976666666666667,0
CRAM,2025,4,1,0.0027,NA,0.0039,NA,0.26,NA,0.28,NA,6e-4,NA,0.0055,NA,0.0131,NA
CRAM,2025,5,2,0.0334,0.033658282784479666,0.00315,0.0024748737341529162,0.3,0,0.355,0.0636396103067893,0.0021,2.8284271247461896e-4,0.0086,0.0011313708498984765,0.012750000000000001,0.0030405591591021546
CRAM,2025,6,4,0.007425,0.0029837057495671385,0.0171,0.017938970613350886,0.27,0.008164965809277268,0.37,0.06733003292241388,0.001675,7.135591542869216e-4,0.008275,0.0011814539065631519,0.0137,0.003999166579843022
CRAM,2025,8,2,0.0072,0.006363961030678928,0.07615,0.10288403666264267,0.33,0.08485281374238571,0.43999999999999995,0.21213203435596426,0.00185,0.001202081528017131,0.01,0.003959797974644667,0.01715,0.016334166645409248
CRAM,2025,9,4,0.015349999999999999,0.025935625434268333,0.0912,0.10047304779558214,0.35,0.09309493362512625,0.3725,0.15063753405664423,0.002025,0.0010781929326423912,0.008575,0.0043099690640807774,0.024175000000000002,0.01869141960009102
CRAM,2025,10,2,0.00235,9.192388155425118e-4,0.15675,0.21347553724021867,0.42,0.22627416997969516,0.39,0.15556349186104043,0.0026500000000000004,0.003464823227814083,0.00955,0.007848885271170678,0.0191,0.014707821048680188
CRAM,2025,11,3,0.054066666666666666,0.03453206239617514,0.1933,0.23205087804186394,0.4933333333333333,0.2836077102854105,0.49,0.2645751311064591,0.0037,0.0041617304093369625,0.0144,0.013182184947875675,0.0196,0.015364569632762254
LIRO,2017,4,3,0.021666666666666667,0.004163331998932265,0.059,0.019467922333931787,0.31783333333333336,0.018098710819650476,0.3384,0.028272424727992466,0.019,0.0034641016151377535,0.004,0.003,0.005333333333333333,0.003511884584284246
LIRO,2017,5,3,0.006666666666666666,0.00404145188432738,0.056666666666666664,0.01858314648635514,0.3138,0.04695178377868085,0.29136666666666666,0.04368573375065747,0.018,0,0.003,5e-4,0.005,0.001
LIRO,2017,6,3,0.012,0.001,0.06833333333333333,0.004163331998932261,0.2192,0.007696102909914856,0.2851666666666667,0.006788470618138744,0.0033333333333333335,0.0011547005383792516,0.01633333333333333,0.006658328118479392,0.028666666666666667,0.007371114795831993
LIRO,2017,7,6,0.028319999999999998,0.02360925665920043,0.025224999999999997,0.005547597077414088,0.2770166666666667,0.03860256036413474,0.32155,0.010781604704310022,0.029833333333333333,0.007277820186475252,0.007983333333333334,0.006690714959304922,0.023783333333333333,0.02920845197313042
LIRO,2017,8,3,0.0281,9.99999999999994e-5,0.0714,0.005494542747126458,0.2824,0.017610224302944025,0.31243333333333334,0.024004235737330463,0.029333333333333333,0.002309401076758503,0.005933333333333334,0.004445597072760118,0.009333333333333332,0.003785938897200182
LIRO,2017,10,6,0.027533333333333333,0.007370436441170451,0.11366666666666667,0.021582477460507943,0.0974,0.013269137123415375,0.15996666666666667,0.03404060320656299,0.007,0.003464101615137754,0.007333333333333333,0.005033222956847167,0.041,0.0073484692283495336
LIRO,2017,11,3,0.20045000000000002,0.2639629614169382,0.10435,0.006576093065034894,0.1525,0.005656854249492385,0.20513333333333333,0.0033709543653590666,0.0225,0.007778174593052022,0.0025,7.071067811865475e-4,0.004333333333333333,0.0015275252316519468
LIRO,2018,2,1,0.0594,NA,0.1792,NA,0.2893,NA,0.3163,NA,0.043,NA,5e-4,NA,0.002,NA
LIRO,2018,3,1,0.0668,NA,0.0319,NA,0.3338,NA,0.3402,NA,0.095,NA,0.007,NA,0.008,NA
LIRO,2018,5,4,0.01605,0.020184895342805223,0.046275,0.02621581901575205,0.382125,0.028806061283463694,0.468775,0.05815326732007413,0.01925,0.002499999999999999,0.006725,0.007202025178147231,0.06392500000000001,0.03464018620042335
LIRO,2018,6,2,0.011099999999999999,0.0026870057685088804,0.02895,0.022415284963613558,0.21025,0.008131727983645304,0.2903,0.05218448045156719,0.027,0.004242640687119284,5e-4,0,0.1074,0.13067333316327398
LIRO,2018,7,2,NA,NA,NA,NA,NA,NA,NA,NA,NA,NA,NA,NA,0.0395,0.03181980515339464
LIRO,2018,8,1,0.0164,NA,0.0286,NA,0.3181,NA,0.3478,NA,0.012,NA,5e-4,NA,0.002,NA
LIRO,2018,9,1,0.0111,NA,0.0129,NA,0.2808,NA,0.316,NA,0.016,NA,0.0065,NA,0.008,NA
LIRO,2018,10,2,0.0406,NA,0.0213,0.010040916292848975,0.2905,0.05091168824543143,0.33335000000000004,0.014071424945612277,0.02,0.019798989873223333,0.002,0.0021213203435596424,0.0221,0.024890158697766472
LIRO,2018,11,1,NA,NA,NA,NA,0.3549,NA,0.5473,NA,0.022,NA,5e-4,NA,0.047,NA
LIRO,2019,2,1,NA,NA,0.0729,NA,0.335,NA,0.453,NA,0.234,NA,0.0276,NA,0.0382,NA
LIRO,2019,3,1,0.0501,NA,0.0942,NA,0.3517,NA,0.3819,NA,0.028,NA,5e-4,NA,NA,NA
LIRO,2019,4,1,NA,NA,0.0251,NA,0.1926,NA,0.3061,NA,0.035,NA,5e-4,NA,0.0152,NA
LIRO,2019,5,2,0.020649999999999998,0.017324116139070415,0.0391,0.010606601717798213,0.25875000000000004,0.0060104076400856596,0.29855,0.014354267658086905,0.039,0.0028284271247461927,0.012799999999999999,0.014283556979968259,0.136,0.14184562030602144
LIRO,2019,6,1,NA,NA,0.0869,NA,0.2585,NA,0.2546,NA,0.041,NA,0.0079,NA,0.2207,NA
LIRO,2019,7,6,0.00718333333333333,2.7386127875258284e-4,0.022116666666666653,0.0026108108574413105,0.236775,0.005395067191425885,0.27975,0.009092194454585728,0.0258,0.001898771532684538,0.008533333333333315,0.003943602414037179,0.12440000000000015,0.12243424902098833
LIRO,2019,8,2,0.00275,0,0.00465,0,0.2397,0,0.2162,0,NA,NA,0.00925,0,0.039,0
LIRO,2019,9,5,NA,NA,0.027299999999999998,0.008626630280706364,0.24078000000000002,0.019882328837437544,0.26321,0.014322944878760098,NA,NA,0.00899999999999998,0.0014149499402216611,0.12382,0.06515159821523951
LIRO,2019,10,4,NA,NA,0.129725,0,0.234866666666667,0,0.262166666666667,0,0.0595,0,0.01125,0,0.20685,0
LIRO,2019,11,2,0.0026,0,0.03005,0,0.2191,0,0.2178,0,NA,NA,0.0067,0,0.1613,0
LIRO,2020,1,1,0.0614,NA,0.1294,NA,0.2727,NA,0.2862,NA,0.0159,NA,5e-4,NA,0.018,NA
LIRO,2020,2,1,0.0661,NA,0.039,NA,0.3472,NA,0.3762,NA,0.0181,NA,5e-4,NA,0.011,NA
LIRO,2020,3,1,0.0951,NA,0.0022,NA,0.3594,NA,0.3232,NA,0.004,NA,0.009,NA,0.015,NA
LIRO,2020,6,1,6e-4,NA,0.0026,NA,0.262433333333333,NA,0.3076,NA,0.001,NA,0.0084,NA,0.0186,NA
LIRO,2020,8,1,6e-4,NA,0.0061,NA,0.267766666666667,NA,0.301166666666667,NA,NA,NA,0.0096,NA,0.0147,NA
LIRO,2020,9,1,NA,NA,0.0026,NA,0.2732,NA,0.2854,NA,2e-4,NA,0.0089,NA,0.0126,NA
LIRO,2020,10,2,0.0044,0.0038183766184073566,0.01225,0.01279863273947651,0.16771666666666651,0.007801744819091324,0.26155,0.069225753878163,2e-4,NA,0.010100000000000001,0.0018384776310850235,0.01525,9.192388155425124e-4
LIRO,2021,2,1,0.0228,NA,0.0471,NA,0.2813,NA,0.2993,NA,0.0018,NA,0.009,NA,0.0159,NA
LIRO,2021,3,1,0.0338,NA,0.0415,NA,0.3616,NA,0.3958,NA,0.0011,NA,0.0154,NA,0.0153,NA
LIRO,2021,4,2,0.009149999999999998,0.010960155108391484,0.0167,0.01739482681718907,0.19375,0.005444722215136405,0.2852,0.03507249634685274,4e-4,NA,0.01405,0.003040559159102153,0.01935,0.0050204581464244865
LIRO,2021,5,2,0.0058,0.007778174593052022,0.0349,0.04525483399593904,0.25905,0.050416713498600864,0.29825,0.029910616844190965,0.0029,NA,0.015099999999999999,0.010465180361560902,0.02185,0.009545941546018392
LIRO,2021,6,1,0.0015,NA,0.002,NA,0.2187,NA,0.2469,NA,NA,NA,0.0106,NA,0.0148,NA
LIRO,2021,7,1,2e-4,NA,0.0011,NA,0.1655,NA,0.2114,NA,NA,NA,0.0076,NA,0.0173,NA
LIRO,2021,8,3,7.6666666666666e-4,0,8.3333333333333e-4,0,0.188033333333333,0,0.225466666666667,0,NA,NA,0.00483333333333333,0,0.0153,0
LIRO,2021,9,1,NA,NA,0.0051,NA,0.2266,NA,0.2097,NA,NA,NA,0.0064,NA,0.0099,NA
LIRO,2021,10,2,0.0032,NA,0.01345,0.011384419177103413,0.20500000000000002,0.032526911934581196,0.2502,0.017394826817189075,2e-4,NA,0.0075,8.485281374238568e-4,0.0111,0.006081118318204309
LIRO,2021,11,2,0.008150000000000001,0.003464823227814083,0.024,0.012586500705120544,0.24075000000000002,0.0126572113832392,0.29035,0.008980256121069185,9e-4,NA,0.00835,0.001202081528017131,0.01725,0.001767766952966368
LIRO,2022,2,1,0.0232,NA,0.0472,NA,NA,NA,0.3997,NA,0.0014,NA,0.0091,NA,0.0126,NA
LIRO,2022,3,1,0.0815,NA,0.0191,NA,0.3163,NA,0.3519,NA,0.0011,NA,0.0068,NA,0.013,NA
LIRO,2022,5,2,0.03125,0.03867874093090415,0.008199999999999999,1.414213562373099e-4,0.24015,0.01817264427649427,0.32120000000000004,0.0636396103067893,0.001,NA,0.008400000000000001,2.8284271247461853e-4,0.0155,0.0018384776310850222
LIRO,2022,6,2,3e-4,4.242640687119285e-4,0.0073,0.009050966799187809,0.21615,0.008838834764831832,0.31255,0.04900249993622776,0.0036,NA,0.010249999999999999,0.003889087296526011,0.02495,0.016051323932934628
LIRO,2022,7,2,0.0014,8.48528137423857e-4,0.01235,0.005303300858899107,0.18264999999999998,0.007000357133746815,0.24765,0.01534421715174808,0.0014500000000000001,0.0017677669529663688,0.010700000000000001,0.0039597979746446655,0.03305,0.01873832970144351
LIRO,2022,8,3,0.00113333333333333,0,0.00703333333333333,0,0.2305,0,0.268933333333333,0,1.3333333333333e-4,0,0.00763333333333333,0,0.0131666666666667,0
LIRO,2022,9,1,5e-4,NA,0.0033,NA,0.172,NA,0.1956,NA,NA,NA,0.0073,NA,0.0113,NA
LIRO,2022,10,5,0.001375,7.5e-4,0.00332,0.0034615025639164274,0.25218000000000024,0.015902368796293805,0.2851,0.017390514655984166,2.79999999999998e-4,2.1291625896894902e-4,0.007480000000000002,4.6404022814119467e-4,0.01556000000000002,0.0016526745999540491
LIRO,2023,1,1,0.0068,NA,0.0593,NA,0.3191,NA,0.273,NA,0.0045,NA,0.0158,NA,0.0176,NA
LIRO,2023,2,1,0.0297,NA,0.0618,NA,0.2478,NA,0.2919,NA,0.0025,NA,0.0119,NA,0.0145,NA
LIRO,2023,3,1,0.0396,NA,0.0425,NA,0.3359,NA,0.3386,NA,0.0016,NA,0.0115,NA,0.0148,NA
LIRO,2023,5,4,0.0372,0.041738311737139856,0.009349999999999999,0.0077638049091065305,0.2503,0.012871933291726879,0.364,0.10273882745421357,9e-4,NA,0.00935,0.0013820274961085259,0.0218,0.014427519999408538
LIRO,2023,7,1,0.0015,NA,0.0048,NA,0.2769,NA,0.3043,NA,0.0026,NA,0.0061,NA,0.0126,NA
LIRO,2023,8,2,0.00165,0.0014849242404917499,0.0033,7.071067811865475e-4,0.2,0.01668772003600251,0.24125,0.02184959953866431,0.0017499999999999998,7.778174593052024e-4,0.00535,6.363961030678926e-4,0.01285,3.535533905932741e-4
LIRO,2023,10,1,0.0199,NA,0.0156,NA,0.0184,NA,NA,NA,7e-4,NA,0.0093,NA,0.015,NA
LIRO,2023,11,3,NA,NA,0.0346666666666667,0,0.293333333333333,0,0.343333333333333,0,5.6666666666666e-4,0,0.0077,0,0.0131666666666667,0
LIRO,2024,1,1,0.0249,NA,0.0801,NA,0.29,NA,0.36,NA,3e-4,NA,0.0083,NA,0.0209,NA
LIRO,2024,2,1,0.0327,NA,0.115,NA,0.35,NA,0.33,NA,4e-4,NA,0.0078,NA,0.0175,NA
LIRO,2024,4,1,0.0027,NA,0.0027,NA,0.21,NA,0.22,NA,9e-4,NA,0.004,NA,0.0133,NA
LIRO,2024,5,2,0.00395,0.005020458146424487,0.01785,0.02142533546995239,0.26,0.028284271247461926,0.38,0.15556349186104043,3.9999999999999996e-4,1.4142135623730954e-4,0.004399999999999999,0.0011313708498984758,0.01245,0.0017677669529663693
LIRO,2024,6,1,0.0012,NA,0.0035,NA,0.22,NA,0.24,NA,9e-4,NA,0.0094,NA,0.0111,NA
LIRO,2024,7,2,0.0011,NA,0.00325,0.0013435028842544402,0.225,0.007071067811865481,0.275,0.03535533905932737,4.5e-4,2.1213203435596425e-4,0.0068000000000000005,7.071067811865476e-4,0.0106,0.0016970562748477136
LIRO,2024,8,1,0.0032,NA,0.0073,NA,0.24,NA,0.25,NA,1e-4,NA,0.0065,NA,0.0155,NA
LIRO,2024,9,1,0.0033,NA,0.0112,NA,0.2,NA,0.29,NA,8e-4,NA,0.004,NA,0.013,NA
LIRO,2024,10,1,0.0117,NA,0.045,NA,0.27,NA,0.33,NA,8e-4,NA,0.0087,NA,0.0362,NA
LIRO,2024,11,1,0.0177,NA,0.0457,NA,0.28,NA,0.29,NA,0.0017,NA,0.0097,NA,0.0133,NA
LIRO,2025,2,1,0.0304,NA,0.0226,NA,0.31,NA,0.36,NA,3e-4,NA,0.009,NA,0.0183,NA
LIRO,2025,3,3,0.0521666666666667,0,0.0853,0,0.313333333333333,0,0.316666666666667,0,0.00103333333333333,0,0.0039,0,0.00943333333333333,0
LIRO,2025,4,1,0.0372,NA,0.0164,NA,0.24,NA,0.26,NA,8e-4,NA,0.0068,NA,0.0167,NA
LIRO,2025,5,2,0.046450000000000005,0.01760695885154503,0.0036,0.001414213562373095,0.24,0,0.42,0.26870057685088805,0.00185,2.1213203435596436e-4,0.00645,2.121320343559642e-4,0.0171,0.007919595949289334
LIRO,2025,6,2,0.01395,0.013364318164425749,0.0028,2.828427124746191e-4,0.225,0.03535533905932737,0.32,0.08485281374238571,6.000000000000001e-4,5.65685424949238e-4,0.0062,4.242640687119284e-4,0.011349999999999999,3.5355339059327283e-4
LIRO,2025,8,2,0.007299999999999999,0.005656854249492379,0.0199,0.00876812408671319,0.235,0.021213203435596427,0.26,0,8.5e-4,6.363961030678928e-4,0.0056,9.899494936611668e-4,0.0104,0.0019798989873223336
LIRO,2025,9,1,0.0284,NA,0.0566,NA,0.24,NA,0.22,NA,NA,NA,0.0047,NA,0.0106,NA
LIRO,2025,10,1,0.0164,NA,0.0554,NA,0.3,NA,0.28,NA,0.0034,NA,0.0082,NA,0.0126,NA
LIRO,2025,11,2,0.04035,0.01746553749530772,0.0641,0.005374011537017763,0.35,0.014142135623730925,0.38,0.028284271247461926,0.0033499999999999997,7.071067811865463e-5,0.0119,0.0014142135623730952,0.0143,0.0011313708498984765
PRLA,2017,4,3,0.020666666666666667,0.0020816659994661326,0.254,0.01652271164185832,2.9063333333333334,0.07813663246732191,4.900666666666667,0.2974581203015534,0.02,0,0.006333333333333333,0.0032145502536643183,0.009333333333333332,0.003214550253664318
PRLA,2017,5,3,0.014,NA,0.033,0.014730919862656233,2.5471666666666666,0.03092189084343543,3.551,0.06931089380465376,0.014666666666666666,5.773502691896253e-4,0.005833333333333334,7.637626158259732e-4,0.016333333333333335,0.01619670748434179
PRLA,2017,6,3,0.02,0.01044030650891055,0.08133333333333333,0.05653612414495119,2.68,0.04107310555582571,3.679333333333333,0.1772267850335646,0.007333333333333333,0.006658328118479393,0.018,9.999999999999992e-4,0.142,0.0017320508075688629
PRLA,2017,7,5,0.010499999999999999,0.0021213203435596433,0.0472,0.0017888543819998333,2.728599999999998,0.036409247909472815,4.130799999999998,0.006559979674763388,0.0468,0.0013038404810405309,0.01048,0.008651705034269257,0.1767399999999998,0.08371070023200926
PRLA,2017,8,3,0.043833333333333335,0.0010066445913694342,0.025166666666666667,0.003043572462310259,3.675,1.1327969809281802,4.424666666666667,1.2225442050630861,0.03833333333333333,5.773502691896263e-4,0.020033333333333334,0.012794660344586461,0.3772333333333333,0.013431803055931594
PRLA,2017,9,3,0.030633333333333332,0.021881803703838798,0.018166666666666668,0.008603100216394863,2.6843333333333335,0.030088757590391372,4.714,0.3222979987527067,0.023,0,0.0023666666666666667,0.0020599352740640503,0.298,0.2525133659828723
PRLA,2017,10,3,0.013933333333333334,9.86576572463249e-4,0.10646666666666667,0.002138535324312723,2.8346666666666667,0.028023799409311715,3.816,0.14493791774411563,0.02,0,0.006333333333333333,0.0015275252316519468,0.07533333333333334,0.00585946527708232
PRLA,2017,11,3,0.12913333333333332,0.11509410642310636,0.1251,0.023729306774535153,3.1896666666666667,0.07144461724534124,3.956,0.013747727084867606,0.03666666666666667,0.028005951748393296,0.009,0.008717797887081347,0.011000000000000001,0.008717797887081349
PRLA,2018,1,1,0.0874,NA,0.9108,NA,5.288,NA,NA,NA,0.086,NA,0.027,NA,NA,NA
PRLA,2018,2,1,0.0611,NA,0.6294,NA,5.07,NA,6.999,NA,0.076,NA,0.004,NA,0.27,NA
PRLA,2018,3,1,0.0215,NA,0.1423,NA,4.268,NA,8.122,NA,NA,NA,0.018,NA,0.019,NA
PRLA,2018,4,1,0.0388,NA,0.4703,NA,4.846,NA,7.271,NA,0.04,NA,0.0138,NA,0.4647,NA
PRLA,2018,5,1,0.012,NA,0.4075,NA,3.777,NA,5.174,NA,0.016,NA,5e-4,NA,0.3035,NA
PRLA,2018,6,2,0.0193,0.019798989873223333,0.002,NA,2.9935,0.038890872965259914,4.6685,0.2213244225113898,0.019,0.004242640687119284,0.00125,0.0010606601717798212,0.0717,0.038325187540310876
PRLA,2018,7,1,0.0037,NA,0.3934,NA,3.092,NA,5.191,NA,0.011,NA,0.001,NA,0.446,NA
PRLA,2018,8,1,0.013,NA,NA,NA,3.148,NA,6.119,NA,2.218,NA,0.0131,NA,0.2361,NA
PRLA,2018,9,1,0.0106,NA,0.008,NA,3.364,NA,5.279,NA,0.014,NA,0.0124,NA,0.4417,NA
PRLA,2018,10,2,0.0625,NA,0.17980000000000002,0.007353910524340089,3.6015,0.054447222151364126,6.3815,1.4361338725898785,0.029,NA,0.0023499999999999997,0.0026162950903902255,0.3383,0.4699431667765795
PRLA,2018,12,1,NA,NA,1.248,NA,5.272,NA,7.809,NA,0.316,NA,0.028,NA,0.3547,NA
PRLA,2019,1,1,NA,NA,2.5772,NA,7.042,NA,8.61,NA,0.08,NA,0.011,NA,0.605,NA
PRLA,2019,2,1,NA,NA,3.7486,NA,9.264,NA,9.891,NA,0.166,NA,0.3229,NA,0.5023,NA
PRLA,2019,3,1,NA,NA,3.2607,NA,8.882,NA,6.712,NA,0.562,NA,0.0126,NA,1.528,NA
PRLA,2019,4,1,NA,NA,1.446,NA,4.352,NA,4.953,NA,0.387,NA,0.1171,NA,0.405,NA
PRLA,2019,5,1,0.0895,NA,0.028,NA,3.062,NA,3.798,NA,0.023,NA,5e-4,NA,0.5812,NA
PRLA,2019,6,1,NA,NA,0.0336,NA,2.961,NA,3.803,NA,0.039,NA,0.0065,NA,0.3009,NA
PRLA,2019,7,4,0.039,0,1.390525,0,4.737,0,4.77433333333333,0,0.0992,0,0.11855,0,0.4246,0
PRLA,2019,8,2,0.20975,0,2.60435,0,5.008,0,5.07,0,0.2583,0,0.2445,0,0.3631,0
PRLA,2019,9,4,0.717125,0,0.4686,0,3.83166666666667,0,3.87333333333333,0,0.139525,0,0.1735,0,0.375425,0
PRLA,2019,10,2,0.2975,0,0.09235,0,2.556,0,2.664,0,0.1353,0,0.1206,0,0.33675,0
PRLA,2019,12,3,0.2013,0,0.146733333333333,0,2.578,0,2.70333333333333,0,0.148466666666667,0,5e-4,0,0.187,0
PRLA,2020,1,1,0.272,NA,0.2272,NA,2.873,NA,2.981,NA,0.1744,NA,0.342,NA,0.358,NA
PRLA,2020,2,1,0.2395,NA,0.3873,NA,3.111,NA,3.15,NA,0.1937,NA,0.4,NA,0.421,NA
PRLA,2020,3,3,0.1623,0,0.1917,0,2.672,0,2.584,0,0.189366666666667,0,0.00366666666666667,0,0.189,0
PRLA,2020,6,2,0.00295,0.0023334523779156065,0.0138,0.010182337649086286,2.0475000000000003,0.021920310216783073,2.2344999999999997,0.0106066017177983,0.20965,0.06328605691619602,0.2967,0.06349818895055195,0.34355,0.08874190103891172
PRLA,2020,8,1,0.0013,NA,0.119,NA,2.675,NA,3.507,NA,0.0656,NA,0.1655,NA,0.3221,NA
PRLA,2020,9,1,0.0279,NA,0.0955,NA,2.79866666666667,NA,4.069,NA,0.0183,NA,0.1153,NA,0.3002,NA
PRLA,2021,1,3,8e-4,0,0.00716666666666667,0,2.91233333333333,0,3.946,0,0.0133333333333333,0,0.149533333333333,0,0.233133333333333,0
PRLA,2021,2,1,3e-4,NA,0.0053,NA,3.003,NA,3.822,NA,0.0017,NA,0.0148,NA,0.2134,NA
PRLA,2021,3,1,9e-4,NA,0.0077,NA,3.504,NA,3.752,NA,0.0222,NA,0.1428,NA,0.1869,NA
PRLA,2021,4,1,2e-4,NA,0.0051,NA,2.6,NA,3.798,NA,0.0041,NA,0.0856,NA,0.2183,NA
PRLA,2021,5,1,1e-4,NA,0.0038,NA,2.633,NA,3.136,NA,7e-4,NA,0.0942,NA,0.207,NA
PRLA,2021,6,2,0.0015,1.4142135623730956e-4,0.0124,0.008768124086713189,2.6155,0.23970919882223957,3.0605,0.48012550442566565,0.0481,NA,0.10600000000000001,0.07947880220536796,0.2061,0.10634885989045675
PRLA,2021,8,1,0.0021,NA,0.011,NA,3.078,NA,4.936,NA,0.0445,NA,0.1183,NA,0.4455,NA
PRLA,2021,9,1,0.0014,NA,0.0051,NA,3.23,NA,5.723,NA,0.0012,NA,0.1001,NA,0.1856,NA
PRLA,2021,10,1,0.002,NA,0.0068,NA,3.849,NA,5.26,NA,0.0041,NA,0.1329,NA,0.177,NA
PRLA,2021,11,1,0.0085,NA,0.007,NA,3.175,NA,5.086,NA,0.0016,NA,0.0638,NA,0.3204,NA
PRLA,2021,12,1,0.0822,NA,0.2398,NA,3.725,NA,4.111,NA,1e-4,NA,0.0676,NA,0.1521,NA
PRLA,2022,1,1,0.0698,NA,0.3636,NA,4.203,NA,4.433,NA,0.0109,NA,0.1457,NA,0.2281,NA
PRLA,2022,2,1,0.0042,NA,0.9667,NA,5.826,NA,5.818,NA,0.071,NA,0.1795,NA,0.2883,NA
PRLA,2022,3,1,0.0085,NA,0.1961,NA,5.374,NA,6.403,NA,0.0038,NA,0.1074,NA,0.3398,NA
PRLA,2022,4,1,0.0012,NA,0.0078,NA,2.676,NA,3.247,NA,0.0011,NA,0.002,NA,0.2058,NA
PRLA,2022,5,1,7e-4,NA,0.0046,NA,NA,NA,NA,NA,0.0023,NA,0.0649,NA,0.2017,NA
PRLA,2022,6,1,4e-4,NA,0.0011,NA,2.418,NA,3.849,NA,6e-4,NA,0.0499,NA,0.266,NA
PRLA,2022,7,3,0.00746666666666667,0,0.0142333333333333,0,NA,NA,NA,NA,0.0379666666666667,0,0.2827,0,0.3625,0
PRLA,2022,8,1,0.0013,NA,0.003,NA,2.817,NA,4.228,NA,0.013,NA,0.1059,NA,0.3701,NA
PRLA,2022,9,1,0.0018,NA,0.0157,NA,2.613,NA,4.624,NA,5e-4,NA,0.0412,NA,0.3807,NA
PRLA,2022,10,1,6e-4,NA,0.005,NA,3.085,NA,4.577,NA,0.004,NA,0.0781,NA,0.2399,NA
PRLA,2022,11,4,0.0016999999999999975,0.001733333333333335,0.046425,0.07938333333333335,3.1472499999999974,0.12783333333333502,4.277250000000002,0.06883333333333486,0.0031,NA,0.06664999999999997,0.00463333333333335,0.18644999999999975,0.008166666666666503
PRLA,2023,1,1,1e-4,NA,1.0816,NA,4.644,NA,5.384,NA,0.0177,NA,0.0943,NA,0.2408,NA
PRLA,2023,2,1,0.0023,NA,2.1344,NA,6.035,NA,6.841,NA,0.1513,NA,0.2265,NA,0.336,NA
PRLA,2023,3,1,NA,NA,5.9486,NA,7.162,NA,7.821,NA,0.2858,NA,0.3767,NA,0.4191,NA
PRLA,2023,5,1,0.0026,NA,0.0148,NA,2.206,NA,2.659,NA,0.0127,NA,0.0392,NA,0.156,NA
PRLA,2023,6,2,0.00255,2.121320343559645e-4,0.0168,0.0025455844122715702,2.448,NA,3.399,NA,0.0017000000000000001,7.071067811865477e-4,0.03165,0.0016263455967290617,0.1439,0.0151320851173921
PRLA,2023,8,1,0.0127,NA,0.0121,NA,2.561,NA,3.542,NA,0.0026,NA,0.0831,NA,0.2366,NA
PRLA,2023,9,3,0.113166666666667,0,0.0212666666666667,0,2.38266666666667,0,3.18833333333333,0,0.00996666666666667,0,0.0611333333333333,0,0.227533333333333,0
PRLA,2023,10,1,6e-4,NA,0.0068,NA,2.481,NA,3.741,NA,0.0042,NA,0.0742,NA,0.2164,NA
PRLA,2023,11,1,0.0035,NA,0.0054,NA,2.5633,NA,3.57,NA,0.0019,NA,0.0434,NA,0.138,NA
PRLA,2023,12,1,0.0063,NA,0.0114,NA,2.55,NA,3.57,NA,0.0055,NA,0.0658,NA,0.1377,NA
PRLA,2024,1,1,0.0052,NA,0.0065,NA,2.8,NA,3.71,NA,0.0046,NA,0.0642,NA,0.1611,NA
PRLA,2024,2,1,0.0267,NA,0.0054,NA,2.12,NA,3.07,NA,0.0018,NA,0.047,NA,0.1824,NA
PRLA,2024,3,1,0.0016,NA,0.013,NA,2.72,NA,3.69,NA,0.0242,NA,0.1021,NA,0.2015,NA
PRLA,2024,4,1,0.0017,NA,0.0135,NA,2.45,NA,3.63,NA,0.0023,NA,0.051,NA,0.1937,NA
PRLA,2024,5,1,0.0031,NA,0.0192,NA,2.81,NA,3.61,NA,0.0213,NA,0.103,NA,0.1568,NA
PRLA,2024,6,1,0.0044,NA,0.0502,NA,2.64,NA,2.68,NA,0.0033,NA,0.0448,NA,0.1489,NA
PRLA,2024,7,3,0.00416666666666667,0,0.0257,0,2.67333333333333,0,2.69,0,0.00463333333333333,0,0.0406666666666667,0,0.152633333333333,0
PRLA,2024,8,1,0.0068,NA,0.0908,NA,2.81,NA,3.41,NA,0.019,NA,0.1014,NA,0.2035,NA
PRLA,2024,9,1,0.0105,NA,0.0498,NA,3.08,NA,3.68,NA,0.0209,NA,0.1042,NA,0.234,NA
PRLA,2024,10,1,0.0037,NA,0.0256,NA,2.95,NA,3.46,NA,0.0021,NA,0.0464,NA,0.2542,NA
PRLA,2024,11,1,0.0136,NA,0.0606,NA,2.6,NA,3.24,NA,0.0012,NA,0.0671,NA,0.1895,NA
PRLA,2024,12,1,0.0385,NA,0.6513,NA,3.88,NA,2.71,NA,0.0024,NA,0.0638,NA,0.11,NA
PRLA,2025,1,1,0.0344,NA,0.408,NA,4.52,NA,4.82,NA,9e-4,NA,0.0618,NA,0.1592,NA
PRLA,2025,2,1,0.0064,NA,0.5704,NA,4.88,NA,4.36,NA,0.0017,NA,0.0667,NA,0.2027,NA
PRLA,2025,3,1,0.0018,NA,0.0041,NA,1.05,NA,1.44,NA,0.0022,NA,0.0296,NA,0.1174,NA
PRLA,2025,4,1,0.0224,NA,0.0062,NA,2.67,NA,3.95,NA,0.0033,NA,0.0579,NA,0.2255,NA
PRLA,2025,5,1,0.0197,NA,0.0067,NA,2.73,NA,3.78,NA,0.0047,NA,0.0634,NA,0.1915,NA
PRLA,2025,6,4,0.027275,0.001550000000000001,0.026899999999999976,4.6666666666664997e-4,2.3858249999999996,0.010549999999999837,2.8462499999999973,0.02416666666666489,0.004375000000000002,0.001583333333333335,0.050675,7.500000000000007e-4,0.16880000000000026,0.008133333333333506
PRLA,2025,8,1,0.0226,NA,0.0225,NA,2.2267,NA,3.9067,NA,0.0021,NA,0.0387,NA,0.2577,NA
PRLA,2025,9,1,0.002,NA,0.008,NA,2.3433,NA,4.4067,NA,0.0047,NA,0.0431,NA,0.2543,NA
PRLA,2025,10,1,0.0467,NA,0.0581,NA,2.44,NA,3.03,NA,0.0027,NA,0.046,NA,0.235,NA
PRLA,2025,11,1,0.0134,NA,0.0377,NA,2.83,NA,4.55,NA,0.008,NA,0.0753,NA,0.2218,NA
PRLA,2025,12,1,0.032,NA,0.1521,NA,3.06,NA,4.09,NA,0.0031,NA,0.0509,NA,0.1277,NA
PRPO,2017,4,3,0.027333333333333334,0.008020806277010645,0.6466666666666667,0.047077949544700196,2.9673333333333334,0.19158896975904763,3.437,0.04303486958269995,0.019,0.0010000000000000009,0.008666666666666666,0.00404145188432738,0.011333333333333334,0.00404145188432738
PRPO,2017,5,3,0.011,0,0.04733333333333333,0.023180451534284944,2.1814666666666667,0.019968057825770904,3.2026666666666666,0.2928418230603908,0.016,0.0017320508075688778,0.021833333333333333,0.008736894948054104,0.026333333333333334,0.011060440015358037
PRPO,2017,6,3,0.015333333333333334,0.0011547005383792516,0.08,0.015132745950421557,2.4713333333333334,0.04352393977265066,3.1906666666666665,0.1933451145835688,0.003,0.0026457513110645908,0.008333333333333333,0.0035118845842842463,0.083,0.03290896534380867
PRPO,2017,7,5,0.0085,7.07106781186547e-4,0.0744,0.03341107600781514,2.372,0.020420577856662202,2.763200000000002,0.021272830872576746,0.0232,4.4721359549995833e-4,0.0048,0.0033837848631377266,0.0122,0.004604345773288535
PRPO,2017,8,3,0.04596666666666667,0.0014294521094927696,0.1072,0.04222475577194024,2.8793333333333333,0.03720663023351256,3.2573333333333334,0.2188157520228682,0.031,0.005196152422706631,0.010133333333333334,0.009383673765286885,0.17493333333333333,0.009314683748433611
PRPO,2017,9,3,0.02493333333333333,8.504900548115384e-4,0.021933333333333332,0.010043073898629509,2.844,0.12001666550942017,3.2213333333333334,0.16895364255716233,0.023666666666666666,5.773502691896262e-4,0.007,0.008007496487667042,0.2727,0.058435177761345096
PRPO,2017,10,6,0.05488333333333333,0.07140124415349262,0.12415,0.02609871644353415,2.8165,0.05383214652974558,3.278166666666667,0.4169932453489706,0.021333333333333333,0.013589211407093007,0.008333333333333333,0.0026583202716502514,0.04033333333333333,0.015870307705481538
PRPO,2018,1,1,NA,NA,NA,NA,NA,NA,4.666,NA,NA,NA,NA,NA,0.024,NA
PRPO,2018,2,1,0.0932,NA,0.2752,NA,4.361,NA,5.415,NA,0.077,NA,0.006,NA,0.063,NA
PRPO,2018,3,1,0.0762,NA,0.086,NA,3.511,NA,5.684,NA,3.507,NA,0.007,NA,0.009,NA
PRPO,2018,4,1,0.0288,NA,0.474,NA,4.25,NA,5.225,NA,0.03,NA,0.0065,NA,0.08,NA
PRPO,2018,5,1,0.0267,NA,0.334,NA,2.804,NA,3.237,NA,0.022,NA,5e-4,NA,0.1488,NA
PRPO,2018,6,2,0.0045,NA,0.01075,0.007707463914933367,2.6835,0.08273149339882606,2.851,0.03676955262170019,0.026500000000000003,0.010606601717798215,0.00945,0.0126572113832392,0.06420000000000001,0.023617366491630685
PRPO,2018,7,1,0.0018,NA,NA,NA,2.892,NA,3.098,NA,0.239,NA,5e-4,NA,0.185,NA
PRPO,2018,8,1,0.0142,NA,0.0137,NA,2.765,NA,3.064,NA,0.383,NA,0.0102,NA,0.0441,NA
PRPO,2018,9,1,0.0301,NA,NA,NA,2.982,NA,3.435,NA,0.121,NA,0.0028,NA,0.015,NA
PRPO,2018,10,2,0.032,NA,0.2298,0.07665037508062172,3.338,0.007071067811865324,3.592,0.2573868683519032,0.035,0.0282842712474619,5e-4,0,0.1085,0.14637110370561535
PRPO,2018,12,1,NA,NA,0.267,NA,3.469,NA,3.919,NA,1.196,NA,0.002,NA,0.0905,NA
PRPO,2019,1,1,NA,NA,0.4567,NA,3.905,NA,4.573,NA,0.319,NA,0.007,NA,0.1113,NA
PRPO,2019,2,1,0.0901,NA,0.6013,NA,4.737,NA,5.819,NA,0.216,NA,0.001,NA,0.008,NA
PRPO,2019,3,1,NA,NA,1.2079,NA,6.068,NA,9.866,NA,1.729,NA,0.226,NA,0.308,NA
PRPO,2019,4,1,0.0041,NA,0.0755,NA,1.152,NA,1.389,NA,0.038,NA,0.0096,NA,0.1431,NA
PRPO,2019,5,1,0.0119,NA,0.0727,NA,2.286,NA,2.545,NA,0.023,NA,0.0025,NA,0.3149,NA
PRPO,2019,6,1,NA,NA,0.0403,NA,2.313,NA,2.764,NA,0.032,NA,5e-4,NA,0.2877,NA
PRPO,2019,7,4,0.015825,0,2.947825,0,4.822,0,4.94966666666667,0,0.1038,0,0.1358,0,0.4122,0
PRPO,2019,8,2,0.06565,0,0.02825,0,2.407,0,2.884,0,0.0159,0,0.0499,0,0.6261,0
PRPO,2019,9,4,0.005725,0,0.047475,0,2.59266666666667,0,3.00666666666667,0,NA,NA,0.027025,0,0.3443,0
PRPO,2019,10,2,0.0074,0,0.0635,0,2.119,0,2.571,0,0.0273,0,0.0513,0,0.22965,0
PRPO,2019,12,3,0.0435333333333333,0,0.4868,0,2.81766666666667,0,2.856,0,0.0232666666666667,0,0.0336666666666667,0,0.108333333333333,0
PRPO,2020,1,1,0.0093,NA,0.7338,NA,3.184,NA,3.345,NA,0.0378,NA,0.205,NA,0.281,NA
PRPO,2020,2,1,NA,NA,1.479,NA,3.606,NA,3.599,NA,0.1121,NA,0.296,NA,0.301,NA
PRPO,2020,3,3,0.0099,0,1.02823333333333,0,3.27166666666667,0,3.29833333333333,0,0.0892333333333333,0,0.0123333333333333,0,0.261333333333333,0
PRPO,2020,6,2,0.0049499999999999995,0.004879036790187178,0.22355,0.2805092600967034,2.224,0.20930360723121794,3.388333333333335,1.188410796914193,0.0243,0.032385490578343876,0.0986,0.03761808075912434,0.25165,0.050275292142363544
PRPO,2020,8,1,0.0127,NA,0.047,NA,2.317,NA,2.601,NA,0.001,NA,0.0811,NA,0.1442,NA
PRPO,2020,9,1,0.0282,NA,0.2359,NA,2.47466666666667,NA,2.61833333333333,NA,0.0091,NA,0.1062,NA,0.1482,NA
PRPO,2021,1,3,0.12103333333333301,0,0.00783333333333333,0,3.048,0,3.59333333333333,0,0.0037,0,0.0959,0,0.121566666666667,0
PRPO,2021,2,1,0.1732,NA,0.0619,NA,2.876,NA,3.423,NA,0.0097,NA,0.0155,NA,0.1268,NA
PRPO,2021,3,1,0.0014,NA,0.0071,NA,3.122,NA,3.383,NA,0.0061,NA,0.1034,NA,0.1377,NA
PRPO,2021,4,1,0.0014,NA,0.0061,NA,2.305,NA,2.588,NA,0.0131,NA,0.1156,NA,0.1318,NA
PRPO,2021,5,1,0.0014,NA,0.0069,NA,2.444,NA,2.7,NA,0.0075,NA,0.1158,NA,0.1168,NA
PRPO,2021,6,2,0.00725,0.004171930009000631,0.0082,0.002828427124746191,2.6645000000000003,0.15344217151748088,2.8645,0.13788582233137697,0.0088,0.007636753236814713,0.0776,0.010323759005323596,0.16255,0.05168950570473662
PRPO,2021,8,1,0.0014,NA,0.005,NA,2.776,NA,3.407,NA,0.0132,NA,0.069,NA,0.1497,NA
PRPO,2021,9,1,0.0023,NA,0.0064,NA,2.967,NA,3.452,NA,0.0039,NA,0.0999,NA,0.1988,NA
PRPO,2021,10,1,6e-4,NA,0.0069,NA,2.997,NA,3.072,NA,0.0044,NA,0.088,NA,0.174,NA
PRPO,2021,11,1,0.002,NA,0.0351,NA,2.819,NA,3.077,NA,0.0035,NA,0.0873,NA,0.1274,NA
PRPO,2021,12,1,0.0171,NA,0.3394,NA,3.201,NA,3.591,NA,4e-4,NA,0.0652,NA,0.1085,NA
PRPO,2022,1,1,0.0281,NA,0.5898,NA,3.884,NA,4.157,NA,0.0111,NA,0.1099,NA,0.1141,NA
PRPO,2022,2,1,0.0582,NA,1.0056,NA,5.151,NA,6.087,NA,2e-4,NA,0.087,NA,0.1606,NA
PRPO,2022,3,1,0.1411,NA,0.6979,NA,4.792,NA,5.766,NA,0.002,NA,0.1304,NA,0.1598,NA
PRPO,2022,5,1,0.0083,NA,0.007,NA,NA,NA,NA,NA,0.0075,NA,0.0559,NA,0.1311,NA
PRPO,2022,6,1,0.0014,NA,0.0046,NA,2.07,NA,NA,NA,0.0084,NA,0.0578,NA,0.1148,NA
PRPO,2022,7,3,0.00746666666666667,0,0.2484,0,2.49966666666667,0,2.847,0,0.0087666666666666691,0,0.0814666666666667,0,0.121433333333333,0
PRPO,2022,8,1,6e-4,NA,0.0062,NA,2.28,NA,2.516,NA,0.0135,NA,0.0673,NA,0.1727,NA
PRPO,2022,9,1,7e-4,NA,0.0043,NA,2.285,NA,2.722,NA,0.0033,NA,0.0417,NA,0.1056,NA
PRPO,2022,10,1,4e-4,NA,0.0054,NA,2.679,NA,2.927,NA,0.0041,NA,0.0509,NA,0.0782,NA
PRPO,2022,11,4,0.0017,NA,0.034425,0.052583333333333336,2.6799999999999997,0.030000000000000027,3.008,0.08000000000000007,0.0013749999999999975,0.001283333333333335,0.033175,0.002749999999999999,0.08285000000000001,0.012499999999999997
PRPO,2023,1,1,0.0032,NA,0.258,NA,3.241,NA,3.642,NA,0.0018,NA,0.0367,NA,0.1035,NA
PRPO,2023,2,1,0.0227,NA,0.5197,NA,3.853,NA,4.236,NA,1e-4,NA,0.0399,NA,0.1044,NA
PRPO,2023,3,1,NA,NA,1.2085,NA,5.453,NA,5.851,NA,0.0041,NA,0.0552,NA,0.0798,NA
PRPO,2023,5,1,0.0013,NA,0.0013,NA,1.26,NA,1.469,NA,8e-4,NA,0.0173,NA,0.0444,NA
PRPO,2023,6,2,0.00335,0.0014849242404917499,0.06275,0.032880465325174454,2.219,NA,2.2245,0.24112341238461285,0.00105,0.001202081528017131,0.0375,0.024607315985291853,0.058499999999999996,0.0029698484809835015
PRPO,2023,8,1,0.065,NA,0.0214,NA,1.999,NA,2.617,NA,0.0017,NA,0.0454,NA,0.0757,NA
PRPO,2023,9,3,0.0116666666666667,0,0.0133666666666667,0,2.015,0,2.02466666666667,0,0.0177,0,0.0856333333333333,0,0.0863666666666667,0
PRPO,2023,10,1,0.002,NA,0.0038,NA,1.93,NA,2.18,NA,0.0016,NA,0.0606,NA,0.0693,NA
PRPO,2023,11,1,0.0026,NA,0.0801,NA,2.36,NA,3.89,NA,0.0045,NA,0.0281,NA,0.0531,NA
PRPO,2023,12,1,0.0032,NA,0.1175,NA,2.4,NA,2.81,NA,0.0017,NA,0.0246,NA,0.0503,NA
PRPO,2024,1,1,0.005,NA,0.2025,NA,2.52,NA,3.03,NA,0.0011,NA,0.0238,NA,0.0522,NA
PRPO,2024,2,1,0.011,NA,0.197,NA,2.88,NA,3.41,NA,0.0075,NA,0.0408,NA,0.0495,NA
PRPO,2024,3,1,0.016,NA,0.1166,NA,2.48,NA,2.8,NA,0.0022,NA,0.03,NA,0.0859,NA
PRPO,2024,5,1,0.0046,NA,0.0317,NA,2.11,NA,2.71,NA,0.0068,NA,0.0428,NA,0.0812,NA
PRPO,2024,6,1,0.0026,NA,0.0463,NA,1.86,NA,2.13,NA,0.0056,NA,0.0339,NA,0.0878,NA
PRPO,2024,7,3,0.00506666666666667,0,0.0173333333333333,0,1.79666666666667,0,2.19,0,0.00573333333333333,0,0.0333333333333333,0,0.0608,0
PRPO,2024,8,1,0.001,NA,0.0053,NA,1.77,NA,2.65,NA,3e-4,NA,0.0547,NA,0.0583,NA
PRPO,2024,9,1,0.0053,NA,0.0454,NA,1.88,NA,2.62,NA,0.0012,NA,0.0579,NA,0.0661,NA
PRPO,2024,10,1,0.0048,NA,0.0331,NA,1.92,NA,2.15,NA,0.0014,NA,0.048,NA,0.0679,NA
PRPO,2024,11,1,0.0089,NA,0.146,NA,2.09,NA,2.95,NA,0.0033,NA,0.0548,NA,0.0675,NA
PRPO,2024,12,1,0.0357,NA,0.2856,NA,2.28,NA,2.3,NA,0.0038,NA,0.0534,NA,0.0707,NA
PRPO,2025,1,1,0.0168,NA,0.509,NA,2.97,NA,2.75,NA,0.0048,NA,0.0488,NA,0.0724,NA
PRPO,2025,2,1,0.0256,NA,0.142,NA,2.79,NA,3.43,NA,9e-4,NA,0.0574,NA,0.0793,NA
PRPO,2025,3,1,0.0201,NA,0.2807,NA,2.58,NA,2.28,NA,0.0049,NA,0.0387,NA,0.0798,NA
PRPO,2025,4,1,0.025,NA,0.1097,NA,2.14,NA,2.47,NA,0.003,NA,0.0293,NA,0.0671,NA
PRPO,2025,5,1,0.0051,NA,0.0055,NA,2.23,NA,2.38,NA,0.0027,NA,0.0312,NA,0.0748,NA
PRPO,2025,6,1,0.0098,NA,0.0166,NA,1.8333,NA,1.87,NA,0.0025,NA,0.0215,NA,0.0537,NA
PRPO,2025,7,3,0.0167,0,0.0275666666666667,0,1.73113333333333,0,1.8611,0,0.00183333333333333,0,0.0213333333333333,0,0.0703666666666667,0
PRPO,2025,8,1,0.0034,NA,0.0117,NA,1.8333,NA,2.12,NA,0.0039,NA,0.0284,NA,0.074,NA
PRPO,2025,9,1,0.0338,NA,0.0368,NA,1.74,NA,2.2933,NA,0.0015,NA,0.0212,NA,0.0659,NA
PRPO,2025,10,1,0.0439,NA,0.0791,NA,1.75,NA,1.66,NA,0.0012,NA,0.018,NA,0.0554,NA
PRPO,2025,11,1,0.003,NA,0.067,NA,1.92,NA,2.04,NA,0.0025,NA,0.0247,NA,0.0461,NA
PRPO,2025,12,1,0.0041,NA,0.1909,NA,2.06,NA,2.38,NA,0.0011,NA,0.0224,NA,0.0491,NA
SUGG,2017,4,3,0.002,NA,0.004666666666666667,0.004725815626252608,1.3633333333333333,0.09052255704150951,1.392,0.04762352359916255,0.037,0,0.015666666666666666,0.003511884584284246,0.017333333333333333,0.0035118845842842467
SUGG,2017,5,3,0.007666666666666666,0.006429100507328636,0.06966666666666667,0.007094598884597586,1.3403333333333334,0.06640281118547121,1.512,0.05534437640808679,0.030666666666666665,5.773502691896262e-4,0.0075,0.004821825380496477,0.011,0.007
SUGG,2017,6,8,0.011499999999999988,0.0036514837167010965,0.11374999999999988,0.043809381469748096,1.3455,0.09480204940521363,1.4251250000000013,0.12470548638024341,0.023625,0.013606064824187778,0.004449999999999998,0.002777803174487075,0.030875,0.013292720886689398
SUGG,2017,8,3,0.054766666666666665,0.001934769581457528,0.2493,0.06029129290370209,1.8368666666666666,0.0244633058545515,1.8316666666666666,0.019008769905844353,0.09566666666666666,0.007094598884597588,0.09673333333333332,0.01346155018314508,0.10576666666666666,6.806859285554084e-4
SUGG,2017,9,5,0.02333999999999998,7.220341635500046e-4,0.3299599999999998,0.046452032607124126,2.004199999999998,0.037749613684555816,1.94748,0.08181241959507135,0.09000000000000002,0.007337120234351724,0.056460000000000024,0.0020350266173525316,0.06180000000000002,0.0036101708177499357
SUGG,2017,10,3,0.036866666666666666,0.010342307930695805,1.2126000000000001,0.052651020882790105,0.03066666666666667,0.004822171018673367,0.06096666666666667,0.0166872206593349,0.16333333333333333,0.005507570547286107,0.14733333333333334,0.006350852961085873,0.22666666666666666,0.008621678104251702
SUGG,2017,11,3,0.026733333333333335,0.004158525379666852,0.5735333333333332,0.7771227208963416,3.5693333333333332,0.13548554658462036,3.5136666666666665,0.11314739649383598,0.07933333333333334,0.08927112261718978,0.129,0.0010000000000000009,0.13233333333333333,0.001527525231651948
SUGG,2017,12,3,0.02093333333333333,4.1633319989322595e-4,1.3865,0.07158966405843795,0.8222333333333334,0.10335658340586404,1.0949333333333333,0.23051985453173732,0.16066666666666668,0.0041633319989322695,0.12533333333333332,0.0011547005383792527,0.134,0.0010000000000000009
SUGG,2018,1,1,0.0277,NA,1.4585,NA,0.3643,NA,0.3721,NA,0.178,NA,0.134,NA,0.142,NA
SUGG,2018,2,1,0.0456,NA,1.5211,NA,3.385,NA,3.633,NA,0.182,NA,0.005,NA,0.108,NA
SUGG,2018,3,1,0.0045,NA,1.3716,NA,4.433,NA,4.472,NA,0.182,NA,0.001,NA,0.002,NA
SUGG,2018,4,2,0.01175,0.008414570696119917,1.1512,0.014142135623730963,3.441,0.7325626253092632,3.8655,1.139149024491528,0.1005,0.11242997820866105,0.0842,0.0342239682094289,0.1405,0.04242640687119286
SUGG,2018,6,3,0.0182333333333333,0,1.0936,0,2.94033333333333,0,3.155,0,0.131666666666667,0,0.115066666666667,0,0.179666666666667,0
SUGG,2018,7,4,0.012674999999999976,0.007116666666666651,1.181275,0.10524999999999997,2.4652499999999975,0.09416666666666518,2.8082499999999975,0.043833333333334945,0.21225000000000024,0.042833333333333494,0.15499999999999975,0.0206666666666665,0.22650000000000026,0.0496666666666665
SUGG,2018,9,3,0.0257666666666667,0,1.41826666666667,0,2.65833333333333,0,2.669,0,0.254,0,0.2255,0,0.2904,0
SUGG,2018,10,1,0.0419,NA,1.5562,NA,1.904,NA,2.36,NA,0.288,NA,0.285,NA,0.3946,NA
SUGG,2018,11,1,NA,NA,1.7016,NA,2.265,NA,2.479,NA,0.296,NA,0.3318,NA,0.342,NA
SUGG,2018,12,1,NA,NA,1.6564,NA,3.379,NA,3.547,NA,0.096,NA,0.349,NA,0.385,NA
SUGG,2019,1,1,NA,NA,1.4086,NA,3.431,NA,3.866,NA,0.207,NA,0.274,NA,0.5315,NA
SUGG,2019,2,1,NA,NA,1.42,NA,2.997,NA,3.34,NA,0.318,NA,0.1782,NA,0.1989,NA
SUGG,2019,3,1,NA,NA,1.1407,NA,2.876,NA,3.124,NA,0.111,NA,1.0131,NA,0.505,NA
SUGG,2019,4,1,NA,NA,0.9057,NA,0.298,NA,0.2935,NA,0.107,NA,0.0896,NA,0.1934,NA
SUGG,2019,5,2,NA,NA,0.9503,0,2.3915,0,2.4455,0,0.128,0,0.1197,0,0.31545,0
SUGG,2019,6,3,NA,NA,0.82,0,2.813,0,2.994,0,0.141166666666667,0,0.1007,0,0.2545,0
SUGG,2019,7,2,0.01355,0,1.16725,0,2.558,0,2.827,0,0.16345,0,0.17875,0,0.38605,0
SUGG,2019,8,2,0.01025,0,0.9902,0,2.26,0,2.42,0,0.1179,0,0.1545,0,0.2075,0
SUGG,2019,9,4,0.008225,0,1.024,0,2.38933333333333,0,2.48266666666667,0,0.14,0,0.14955,0,0.3023,0
SUGG,2019,10,2,0.0114,0,1.09195,0,2.429,0,2.627,0,0.1157,0,0.1019,0,0.2213,0
SUGG,2019,11,2,0.01845,0,1.3846,0,2.697,0,2.943,0,0.1468,0,0.1012,0,0.352,0
SUGG,2019,12,1,0.096,NA,0.8332,NA,2.245,NA,2.232,NA,0.0979,NA,0.01,NA,0.161,NA
SUGG,2020,1,1,0.1204,NA,0.5857,NA,1.965,NA,2.444,NA,0.1186,NA,0.177,NA,0.159,NA
SUGG,2020,2,1,0.1008,NA,0.383,NA,1.815,NA,1.915,NA,0.0834,NA,0.123,NA,0.129,NA
SUGG,2020,3,3,NA,NA,NA,NA,NA,NA,NA,NA,NA,NA,NA,NA,0.105,0
SUGG,2020,6,3,0.0295666666666667,0,0.234133333333333,0,1.52,0,1.59833333333333,0,0.109266666666667,0,0.117433333333333,0,0.148866666666667,0
SUGG,2020,7,1,0.0128,NA,0.2678,NA,1.422,NA,1.563,NA,0.108,NA,0.1352,NA,0.1434,NA
SUGG,2020,11,1,0.0342,NA,0.252,NA,NA,NA,1.408,NA,0.0978,NA,0.1239,NA,0.1351,NA
SUGG,2020,12,1,0.0787,NA,0.128,NA,1.209,NA,1.269,NA,0.0934,NA,0.1198,NA,0.1156,NA
SUGG,2021,1,4,0.08235000000000002,0.0011666666666666492,0.057175000000000004,0.005950000000000005,1.1992500000000001,0.02849999999999997,1.3025,0.06099999999999994,0.07752499999999997,0.0023833333333333553,0.08714999999999976,0.0343666666666665,0.109775,0.002849999999999999
SUGG,2021,3,1,0.0445,NA,0.0505,NA,1.025,NA,1.099,NA,0.0633,NA,0.1,NA,0.0988,NA
SUGG,2021,4,1,0.0311,NA,0.0274,NA,1.068,NA,1.262,NA,0.0458,NA,0.0769,NA,0.0932,NA
SUGG,2021,5,1,0.0032,NA,0.0155,NA,0.9541,NA,1.089,NA,0.0389,NA,0.0628,NA,0.1335,NA
SUGG,2021,6,1,0.0031,NA,0.0237,NA,1.025,NA,1.162,NA,0.0433,NA,0.0988,NA,0.0301,NA
SUGG,2021,7,1,0.0149,NA,0.0602,NA,0.9002,NA,0.2001,NA,0.0419,NA,0.0699,NA,0.0806,NA
SUGG,2021,8,1,0.0065,NA,0.0948,NA,1.034,NA,1.113,NA,0.0414,NA,0.0731,NA,0.0895,NA
SUGG,2021,9,1,0.0085,NA,0.1606,NA,1.204,NA,1.285,NA,0.0518,NA,0.0867,NA,0.0893,NA
SUGG,2021,10,1,0.0082,NA,0.1663,NA,1.156,NA,1.23,NA,0.0462,NA,0.0769,NA,0.0718,NA
SUGG,2021,12,1,0.0415,NA,0.0305,NA,0.9828,NA,1.099,NA,0.0255,NA,0.0459,NA,0.054,NA
SUGG,2022,1,1,0.031,NA,0.0274,NA,0.8853,NA,1.082,NA,0.0252,NA,0.0042,NA,0.0565,NA
SUGG,2022,2,3,0.0304666666666667,0,0.0184666666666667,0,0.899066666666667,0,1.06933333333333,0,0.0196333333333333,0,0.0592666666666667,0,0.0511666666666667,0
SUGG,2022,3,1,0.0126,NA,0.0125,NA,0.9762,NA,1.051,NA,0.0148,NA,0.087,NA,0.0503,NA
SUGG,2022,4,1,0.0149,NA,0.0288,NA,0.9156,NA,0.9971,NA,0.0137,NA,0.0903,NA,0.006,NA
SUGG,2022,5,1,0.0078,NA,0.0278,NA,1.028,NA,1.06,NA,0.0071,NA,0.0336,NA,0.0613,NA
SUGG,2022,6,4,0.005,0,0.035025,0.008850000000000002,0.9491000000000003,6.666666666664822e-4,0.972275,0.057150000000000034,0.0056000000000000025,0.0014666666666666647,0.02925,0.0017,0.046150000000000024,0.010566666666666651
SUGG,2022,8,1,0.0037,NA,0.0512,NA,0.7729,NA,0.9275,NA,0.0041,NA,0.0272,NA,0.0538,NA
SUGG,2022,9,1,0.004,NA,0.0124,NA,0.6929,NA,0.7842,NA,7e-4,NA,0.0198,NA,0.0416,NA
SUGG,2022,10,2,0.01085,0.005303300858899107,0.0625,0.014142135623730947,0.92685,0.010394469683442282,0.9959,0.007212489168102697,0.0046,0.0012727922061357851,0.02385,0.001909188309203679,0.03465,7.77817459305205e-4
SUGG,2023,1,1,0.023,NA,0.0231,NA,0.8,NA,0.8497,NA,0.0043,NA,0.0203,NA,0.0256,NA
SUGG,2023,2,1,0.0173,NA,0.0239,NA,0.8545,NA,0.8752,NA,0.0064,NA,0.0266,NA,0.0327,NA
SUGG,2023,3,1,0.0124,NA,0.0386,NA,1.009,NA,1.004,NA,0.0083,NA,0.0311,NA,0.0397,NA
SUGG,2023,4,3,0.0029,0,0.0125666666666667,0,0.844333333333333,0,0.871666666666667,0,0.0014,0,0.0254666666666667,0,0.03,0
SUGG,2023,5,1,0.0126,NA,0.0149,NA,0.9026,NA,1.009,NA,0.002,NA,0.0236,NA,0.0339,NA
SUGG,2023,6,1,0.0041,NA,0.0098,NA,0.7727,NA,0.9284,NA,6e-4,NA,0.0166,NA,0.0387,NA
SUGG,2023,7,3,0.00393333333333333,0,0.0336333333333333,0,0.8081,0,0.8941,0,1.3333333333333e-4,0,0.0207333333333333,0,0.0236666666666667,0
SUGG,2023,8,1,0.0044,NA,0.0165,NA,0.6805,NA,0.9897,NA,3e-4,NA,0.0198,NA,0.0365,NA
SUGG,2023,9,1,0.0551,NA,0.0579,NA,0.7144,NA,0.7261,NA,0.0032,NA,0.0159,NA,0.029,NA
SUGG,2023,10,1,0.0098,NA,0.0562,NA,0.8473,NA,0.897,NA,0.0048,NA,0.0181,NA,0.0388,NA
SUGG,2023,11,2,0.09835,0.08280220407694472,0.02395,0.006858935777509511,0.925,0.07778174593052022,0.49,0.6363961030678927,0.0022500000000000003,6.363961030678929e-4,0.0153,0.0012727922061357851,0.020900000000000002,2.828427124746198e-4
SUGG,2024,1,3,0.0166,0,0.00666666666666667,0,0.893333333333333,0,0.973333333333333,0,0.0015,0,0.0148333333333333,0,0.0199666666666667,0
SUGG,2024,2,1,0.0198,NA,0.0586,NA,0.95,NA,0.98,NA,0.0023,NA,0.0168,NA,0.0215,NA
SUGG,2024,3,1,0.012,NA,0.0348,NA,1,NA,0.95,NA,0.0024,NA,0.0166,NA,0.039,NA
SUGG,2024,4,3,0.0122333333333333,0,0.0803333333333333,0,1.01333333333333,0,1.00333333333333,0,5e-4,0,0.0177666666666667,0,0.0419333333333333,0
SUGG,2024,5,1,0.0091,NA,0.0482,NA,1.02,NA,1.01,NA,8e-4,NA,0.0154,NA,0.0357,NA
SUGG,2024,6,2,0.00575,0.0024748737341529162,0.033049999999999996,9.192388155425136e-4,0.925,0.007071067811865481,1.1,0.014142135623730963,9e-4,1.4142135623730948e-4,0.0143,5.656854249492384e-4,0.0317,5.656854249492346e-4
SUGG,2024,7,1,0.0027,NA,0.0116,NA,0.9,NA,1.04,NA,0.001,NA,0.016,NA,0.0237,NA
SUGG,2024,9,2,0.00415,0.004737615433949868,0.04025,0.0542350901170082,0.565,0.5020458146424488,0.955,0.021213203435596444,0.0025,0.0029698484809834993,0.00915,0.006576093065034891,0.0223,0.004101219330881975
SUGG,2024,10,2,0.013649999999999999,0.008273149339882607,0.0605,0.02008183258569795,0.9450000000000001,0.04949747468305829,1,0.04242640687119289,0.0036,0.001697056274847714,0.01585,0.003181980515339465,0.024149999999999998,0.0033234018715767727
SUGG,2024,12,1,0.0246,NA,0.0313,NA,1.15,NA,1.22,NA,0.0022,NA,0.0197,NA,0.0199,NA
SUGG,2025,1,3,0.0209666666666667,0,0.0159666666666667,0,1.17,0,1.11666666666667,0,0.00186666666666667,0,0.0133333333333333,0,0.0201666666666667,0
SUGG,2025,2,1,0.0035,NA,0.0104,NA,1.16,NA,1.13,NA,3e-4,NA,0.0144,NA,0.0237,NA
SUGG,2025,3,1,0.0382,NA,0.0252,NA,1.1,NA,1.22,NA,0.0025,NA,0.0196,NA,0.0242,NA
SUGG,2025,4,1,0.0149,NA,0.0283,NA,1.18,NA,1.23,NA,0.0023,NA,0.0198,NA,0.0249,NA
SUGG,2025,5,2,0.010150000000000001,0.010394469683442249,0.02105,0.005161879502661798,1.185,0.021213203435596444,1.2349999999999999,0.007071067811865481,0.0018,4.242640687119284e-4,0.01685,3.535533905932741e-4,0.0298,0.002404163056034262
SUGG,2025,6,1,0.0081,NA,0.0393,NA,1.06,NA,1.26,NA,0.0011,NA,0.0149,NA,0.0293,NA
SUGG,2025,8,1,0.0064,NA,0.0173,NA,1,NA,1.09,NA,0.0025,NA,0.016,NA,0.0319,NA
SUGG,2025,9,1,0.0095,NA,0.0424,NA,1.02,NA,1.0833,NA,0.0026,NA,0.0165,NA,0.0261,NA
SUGG,2025,10,2,0.0179,0.008343860018001262,0.02885,0.02694076836320746,0.9650000000000001,0.04949747468305829,1.05,0.05656854249492385,9e-4,5.65685424949238e-4,0.0118,8.485281374238568e-4,0.02315,0.0028991378028648445
SUGG,2025,12,1,0.075,NA,0.1193,NA,1.09,NA,1.07,NA,0.0032,NA,0.0106,NA,0.0221,NA
TOOK,2017,4,2,0.057,NA,0.046,NA,0.31525000000000003,0.011101576464628789,0.2529,NA,0.020499999999999997,0.002121320343559642,0.013749999999999998,0.01803122292025696,0.017,0.021213203435596427
TOOK,2017,6,5,0.030600000000000002,0.03651438072869373,0.0574,0.020069877926883358,0.18534,0.019066934730050347,0.21972,0.03231945234684524,0.035,0.016777961735562515,0.00636,0.003566931454345598,0.01452,0.007053509764649085
TOOK,2017,7,4,0.057666666666666665,0.05885858759206963,0.07975,0.005737304826019507,0.19525,0.03884203049961901,0.24166666666666664,0.03221836950147126,0.04375,0.0012583057392117896,0.0045000000000000005,0.00460217339960154,0.00765,0.0047
TOOK,2017,8,4,0.0511,0.005448547206977898,0.067625,0.030689235354871044,0.2066,0.04328379219369147,0.231825,0.033439634667063366,0.035500000000000004,5.773502691896222e-4,0.011125000000000001,0.007262403183519902,0.01325,0.007088723439378912
TOOK,2017,9,3,0.03546666666666667,0.012858589865663081,0.0129,0.01180127111797708,0.12246666666666667,0.023898186821040075,0.12583333333333332,0.0022898325994127407,0.023,0.0010000000000000009,0.0024000000000000002,8e-4,0.005666666666666667,0.0020816659994661326
TOOK,2017,11,1,0.6092,NA,0.1213,NA,0.1407,NA,0.1478,NA,0.015,NA,0.004,NA,0.005,NA
TOOK,2017,12,1,0.0104,NA,0.1229,NA,NA,NA,NA,NA,0.008,NA,0.001,NA,0.01,NA
TOOK,2018,1,1,0.0394,NA,0.1205,NA,0.2029,NA,NA,NA,0.035,NA,0.009,NA,NA,NA
TOOK,2018,2,1,0.0297,NA,0.1047,NA,0.1498,NA,0.1317,NA,0.089,NA,0.002,NA,0.003,NA
TOOK,2018,3,3,0.0370333333333333,0,NA,NA,0.2209,0,0.246566666666667,0,0.00433333333333333,0,0.00733333333333333,0,0.00866666666666667,0
TOOK,2018,4,1,0.0776,NA,NA,NA,0.3235,NA,0.3035,NA,0.079,NA,0.004,NA,0.2137,NA
TOOK,2018,5,1,0.0433,NA,0.0322,NA,0.4381,NA,0.472,NA,0.031,NA,0.1275,NA,0.1313,NA
TOOK,2018,6,3,0.0193,0.013926952286842948,0.016733333333333333,0.015196819842760964,0.1197,0.044711407940256145,0.1771,0.09924671279191065,0.011,0.002,5e-4,0,0.03283333333333333,0.030040361737724352
TOOK,2018,7,4,0.01445,0.01383052180264119,0.0104,NA,0.259775,0.024299296971997633,0.3306,0.14008085760255276,0.0125,0.0043588989435406735,5e-4,0,0.0755,0.009469248474227856
TOOK,2018,8,4,0.02315,0.015418711576090482,0.027325,0.01384663015562511,0.18225,0.029826777678231806,0.18855,0.025450933185248822,0.2875,0.553,0.00305,0.002101586702153082,0.009000000000000001,0.005477225575051661
TOOK,2018,9,3,0.0364,0.017349351572897475,0.023466666666666667,0.016753905017437974,0.09783333333333334,0.03440411797057633,0.09233333333333332,0.05024065418894675,0.06666666666666667,0.08862467677421078,0.0025,0.0034641016151377543,0.004666666666666666,0.00404145188432738
TOOK,2018,10,3,0.05773333333333333,0.02186465946072184,0.0154,0.005812916651733448,0.123,0.01291859125446734,0.14523333333333333,0.017990089864515228,0.028,0.019157244060668016,5e-4,0,0.045766666666666664,0.0380008333241961
TOOK,2018,11,3,0.1093,NA,NA,NA,0.26376666666666665,0.040602627172799215,0.26963333333333334,0.018390849173796554,0.009000000000000001,0.0026457513110645908,4.6666666666666666e-4,5.773502691896257e-5,0.030433333333333333,0.017126100937847274
TOOK,2018,12,3,NA,NA,0.0605333333333333,0,0.306966666666667,0,0.279033333333333,0,0.163666666666667,0,0.00966666666666667,0,0.014,0
TOOK,2019,2,1,NA,NA,0.0725,NA,0.2753,NA,0.3122,NA,0.15,NA,0.0198,NA,0.0327,NA
TOOK,2019,3,3,NA,NA,NA,NA,NA,NA,0.257766666666667,0,NA,NA,NA,NA,0.175,0
TOOK,2019,4,3,NA,NA,0.1029,0,0.470333333333333,0,0.502433333333333,0,0.0323333333333333,0,5e-4,0,0.124666666666667,0
TOOK,2019,5,3,0.059399999999999994,0.0076367532368147115,0.04116666666666667,0.022547801075345097,0.2059,0.03937143634667142,0.24280000000000002,0.03589414994118124,0.03133333333333333,0.0089628864398325,0.011466666666666667,0.0099299211141546,0.15213333333333334,0.012153326019379775
TOOK,2019,6,6,0.0121,NA,0.06046666666666667,0.013925324652110152,0.20678333333333332,0.0232629677097886,0.22528333333333334,0.012425041918105012,0.036166666666666666,0.0029268868558020244,0.00355,0.0033857052441108927,0.1754,0.08142218370935528
TOOK,2019,7,8,0.018775,0.015561422079709076,0.0254875,0.004569991403555529,0.19565,0.023809901901759883,0.2236,0.018708745090388692,0.017,0,0.0094375,0.004347146026007014,0.11535,0.02066069422149909
TOOK,2019,8,8,0.0172,0.013944532978913278,0.0478,0.001252198067399884,0.199425,0.025507911937839432,0.196125,0.02070077638295586,NA,NA,0.0092125,0.002316516781722075,0.100775,0.06973360022256128
TOOK,2019,9,3,0.023433333333333334,0.010680979980008077,0.0019333333333333333,0.0011150485789118488,NA,NA,NA,NA,NA,NA,0.005233333333333333,9.504384952922167e-4,0.11708333333333333,0.028756274677595724
TOOK,2019,10,6,0.0464,0.04257705955088961,0.01725,0.006856092181410634,0.25526666666666664,0.0906996067613673,0.2294,0.01454922678357857,NA,NA,0.02305,0.018873950301937323,0.025933333333333333,0.015169003482980243
TOOK,2019,11,4,0.019425,0,0.175775,0,0.144666666666667,0,0.150866666666667,0,NA,NA,0.0024,0,0.22145,0
TOOK,2019,12,1,0.0078,NA,0.0275,NA,0.1814,NA,0.1762,NA,0.0086,NA,5e-4,NA,0.009,NA
TOOK,2020,2,3,0.0380666666666667,0,0.0829333333333333,0,0.304966666666667,0,0.360333333333333,0,0.0169,0,0.008,0,0.017,0
TOOK,2020,3,1,0.0567,NA,0.0333,NA,0.3312,NA,0.3872,NA,0.0318,NA,0.006,NA,0.021,NA
TOOK,2020,6,6,0.03255,0.028461957065528714,0.0015,0.0010158740079360235,0.21781666666666666,0.026828225186669854,0.23538333333333333,0.01819938643654414,0,NA,0.0057,0.0011575836902790225,0.008133333333333333,0.002096346027416912
TOOK,2020,7,4,0.019799999999999998,0.01822173610462699,0.0013,6.867799259345505e-4,0.18580000000000002,0.027764725822525246,0.2227,0.02758586594616887,NA,NA,0.006325,8.499999999999997e-4,0.0072250000000000005,7.228416147400485e-4
TOOK,2020,8,4,0.0204,0.024748737341529166,0.0038,0.006219324722186486,0.2136416666666665,0.0190974571702718,0.2520166666666665,0.026282151386092453,4.5e-4,6.363961030678928e-4,0.00855,0.0040616088766234825,0.009075,0.0011672617529928753
TOOK,2020,9,7,0.0074,0.009274696760541552,0.00114,3.577708763999664e-4,0.20797619047619056,0.015266384207548533,0.23070952380952386,0.03475772610240086,NA,NA,0.0067,0.001176151917625157,0.0078000000000000005,0.0015066519173319367
TOOK,2020,11,1,0.016,NA,0.0093,NA,0.183,NA,0.2375,NA,2e-4,NA,0.0092,NA,0.0056,NA
TOOK,2020,12,1,0.0188,NA,0.0169,NA,0.2484,NA,0.411,NA,1e-4,NA,0.0063,NA,0.0082,NA
TOOK,2021,2,1,0.0393,NA,0.0073,NA,0.2279,NA,0.3531,NA,0,NA,0.0061,NA,0.0102,NA
TOOK,2021,3,3,0.0550333333333333,0,9.6666666666666e-4,0,0.1624,0,0.260333333333333,0,NA,NA,0.0100333333333333,0,0.0086,0
TOOK,2021,4,1,0.0617,NA,0.0016,NA,0.327,NA,0.2871,NA,NA,NA,0.0066,NA,0.0064,NA
TOOK,2021,5,3,0.043366666666666664,0.010431842278971312,0.0084,0.010622617379911601,0.2644666666666667,0.024804099123599172,0.2798333333333333,0.018331484755287373,2e-4,NA,0.008633333333333333,0.003002221399786054,0.013933333333333334,0.006171979693204875
TOOK,2021,6,9,0.02055,0.011078292802980585,0.004744444444444444,0.0033582402799349808,0.17135,0.06687581241162073,0.21486666666666668,0.07761770094508082,2.1666666666666668e-4,1.4719601443879745e-4,0.009722222222222222,0.002378433191082828,0.012455555555555555,0.003523177227699138
TOOK,2021,7,4,0.01065,0.01400488010183117,0.0031,0.0030342489460600734,0.106675,0.010260726095165004,0.14315,0.006706464543011227,1.9999999999999998e-4,1.4142135623730948e-4,0.008425,0.0022005681084665387,0.008175,0.001746186320719146
TOOK,2021,8,4,0.010333333333333333,0.015857595446136633,0.00445,0.00719699011161379,0.130125,0.016342250966946588,0.13555,0.016623377113771636,3e-4,NA,0.00665,5.802298395176402e-4,0.009775,0.001046820583162814
TOOK,2021,9,3,0.009366666666666667,0.012724909953839883,6.000000000000001e-4,4.358898943540673e-4,0.12459999999999999,0.02423282897228468,0.1744,0.02115017730422136,NA,NA,0.006366666666666666,0.0011718930554164633,0.0097,3.6055512754639866e-4
TOOK,2021,10,2,0.0601,0.08273149339882606,0.00125,6.363961030678927e-4,0.18235,0.06682159082212874,0.2137,0.05176021638285529,NA,NA,0.0052499999999999995,7.071067811865494e-5,0.00835,0.0020506096654409876
TOOK,2021,11,1,0.0051,NA,0.0114,NA,0.2567,NA,0.2538,NA,NA,NA,0.0059,NA,0.0337,NA
TOOK,2021,12,1,0.0035,NA,0.0175,NA,0.191,NA,0.2168,NA,NA,NA,0.0078,NA,0.0074,NA
TOOK,2022,1,1,0.0177,NA,0.0172,NA,NA,NA,NA,NA,NA,NA,0.0098,NA,0.0072,NA
TOOK,2022,3,3,0.0407,0,0.0023,0,0.128233333333333,0,0.1868,0,NA,NA,0.0100333333333333,0,0.0081,0
TOOK,2022,5,5,0.0218,0.004338778629983327,0.00942,0.004609446821474351,0.23786,0.08345623403916569,0.39618,0.08647584633873205,7.75e-4,2.217355782608345e-4,0.0098,0.003065126424798821,0.015600000000000001,0.007388504584826351
TOOK,2022,6,11,0.012672727272727273,0.012658739345534445,0.0022727272727272726,9.001010044332905e-4,0.17323636363636363,0.03066829870492567,0.21009090909090908,0.03943831777714295,1.333333333333333e-4,1.5275252316519465e-4,0.005545454545454545,0.0015403659541574114,0.0084,0.003076686529368893
TOOK,2022,7,8,0.007825,0.015150962565680989,0.0015749999999999974,9.963026887543033e-4,0.15186249999999987,0.022413491100971544,0.19075000000000014,0.012867641216485275,2e-4,NA,0.0039625,7.13016729917929e-4,0.005912499999999999,7.924119299118754e-4
TOOK,2022,8,2,0.0144,0.019091883092036785,1e-4,NA,0.14884999999999998,0.03867874093090415,0.18355,0.047446865017617336,2e-4,NA,0.00845,0.0023334523779156065,0.00895,0.001060660171779821
TOOK,2022,9,3,0.015300000000000001,0.019374725804511404,0.0016,0.0012727922061357855,0.08406666666666666,0.022731109373132965,0.20323333333333335,0.03313462438799229,NA,NA,0.006033333333333333,2.0816659994661347e-4,0.007866666666666668,0.0011846237095944577
TOOK,2022,10,2,0.043149999999999994,0.05649783181680514,0.0011,4.242640687119285e-4,0.13305,0.047305443661380044,0.21134999999999998,0.0072831998462214425,NA,NA,0.005050000000000001,7.071067811865494e-5,0.011349999999999999,0.005586143571373724
TOOK,2022,11,1,0.0018,NA,0.0055,NA,0.0912,NA,0.1056,NA,NA,NA,0.0047,NA,0.0114,NA
TOOK,2022,12,1,0.0109,NA,0.0463,NA,0.1265,NA,0.2634,NA,0.0029,NA,0.0094,NA,0.0048,NA
TOOK,2023,2,1,0.0222,NA,0.0154,NA,0.2585,NA,0.2211,NA,6e-4,NA,0.0068,NA,0.0087,NA
TOOK,2023,3,3,0.0329666666666667,0,0.00696666666666667,0,0.2791,0,0.337933333333333,0,0.00133333333333333,0,0.00783333333333333,0,0.00776666666666667,0
TOOK,2023,4,1,0.0401,NA,0.0394,NA,0.2235,NA,0.2311,NA,4e-4,NA,0.0058,NA,0.0055,NA
TOOK,2023,5,5,0.0251,0.0060062467481781,0.012240000000000001,0.008052515135037004,0.2382,0.02524787119739009,0.28326,0.05071600339143455,4.4e-4,3.2863353450309965e-4,0.00918,0.0029295050776539026,0.014839999999999999,0.0060064964829757445
TOOK,2023,6,5,0.01452,0.012896976389836496,0.01124,0.013613339046685057,0.2096,0.03443972996409816,0.24814,0.0389881776952963,0.005025,0.007755589382288536,0.01228,0.007440900483140464,0.00878,0.003633455655433268
TOOK,2023,7,4,0.00625,0.006441790641325334,0.011025,0.008391811485013233,0.223475,0.03125970515962469,0.251775,0.0370928002897238,NA,NA,0.0072499999999999995,0.0012999999999999997,0.007,0.0014583095236151574
TOOK,2023,8,4,0.014025,0.01838973898672844,0.007175,0.008889835019091562,0.1918,0.007544092611662015,0.244675,0.011711070261366658,2e-4,NA,0.007050000000000001,8.736894948054106e-4,0.0081,0.0013784048752090222
TOOK,2023,9,3,0.032999999999999995,0.03672070260765717,0.004966666666666667,0.002386070689089771,0.17379999999999998,0.027473077730753068,0.22866666666666666,0.044231361423014474,1.9999999999999998e-4,1.4142135623730948e-4,0.0043,1.0000000000000026e-4,0.006966666666666667,4.932882862316246e-4
TOOK,2023,10,3,0.0488,0.05735913179259255,0.008833333333333332,0.0061581923754729625,0.20433333333333334,0.08012654574692042,0.2935,0.10482618947572214,7.999999999999999e-4,7.071067811865475e-4,0.005033333333333333,0.0014047538337136982,0.0066,0.001562049935181331
TOOK,2024,1,1,0.0273,NA,0.0157,NA,0.15,NA,0.25,NA,3e-4,NA,0.008,NA,0.0094,NA
TOOK,2024,2,1,0.0529,NA,0.075,NA,0.31,NA,0.25,NA,4e-4,NA,0.0118,NA,0.014,NA
TOOK,2024,3,1,0.0602,NA,0.0158,NA,0.28,NA,0.24,NA,7e-4,NA,0.0143,NA,0.0139,NA
TOOK,2024,4,3,0.0622666666666667,0,0.0305333333333333,0,0.29,0,0.256666666666667,0,6.3333333333333e-4,0,0.0133333333333333,0,0.0144333333333333,0
TOOK,2024,5,5,0.04196,0.022191056757171347,0.016059999999999998,0.010743742364744232,0.226,0.04929503017546495,0.296,0.029664793948382655,5.4e-4,4.33589667773576e-4,0.00936,0.0036094320882931155,0.01758,0.008130621132484283
TOOK,2024,6,7,0.03231428571428571,0.009572952970292321,0.005728571428571428,0.00298870891061357,0.15,0.06557438524302,0.2342857142857143,0.020701966780270625,3.9999999999999996e-4,2.6457513110645904e-4,0.005742857142857143,0.0018044917501031908,0.007585714285714286,0.0031205921294035275
TOOK,2024,7,7,0.011899999999999999,0.014273285069200664,0.0029714285714285715,0.0012944938337876646,0.13285714285714287,0.08459989868281674,0.2042857142857143,0.027602622373694166,2.5e-4,2.1213203435596428e-4,0.004214285714285714,8.571825387640047e-4,0.005685714285714285,0.0013296974235122959
TOOK,2024,8,4,0.0159,0.01668392439845414,0.0064,0.00862206471791995,0.175,0.020816659994661334,0.18,0.02449489742783178,3e-4,NA,0.005625,0.0010904891868637058,0.0079,0.0011690451944500117
TOOK,2024,9,3,0.011066666666666666,0.013373231970370264,0.0013,1.0000000000000005e-4,0.17333333333333334,0.023094010767585032,0.19333333333333333,0.025166114784235825,3.333333333333333e-4,1.5275252316519468e-4,0.0051333333333333335,8.504900548115382e-4,0.006466666666666667,6.110100926607789e-4
TOOK,2024,10,2,0.054349999999999996,0.058901994872839404,0.00345,0.0013435028842544404,0.215,0.04949747468305833,0.28,0.028284271247461888,7e-4,NA,0.00295,7.071067811865494e-5,0.00595,2.121320343559648e-4
TOOK,2024,11,1,0.011,NA,0.0106,NA,0.21,NA,0.21,NA,5e-4,NA,0.0034,NA,0.0076,NA
TOOK,2024,12,1,0.0104,NA,0.0202,NA,0.18,NA,0.22,NA,NA,NA,0.006,NA,0.0059,NA
TOOK,2025,2,1,0.02,NA,0.0138,NA,0.22,NA,0.25,NA,NA,NA,0.0043,NA,0.0064,NA
TOOK,2025,3,4,0.054975000000000024,0.0020166666666666527,0.0106,0.005399999999999999,0.2550000000000002,0.0033333333333334936,0.295,0.03,6.749999999999974e-4,4.8333333333333496e-4,0.005525,2.499999999999998e-4,0.006024999999999997,2.1666666666666492e-4
TOOK,2025,5,3,0.06063333333333333,0.0015044378795195659,0.004966666666666667,0.0029297326385411574,0.32,0.08185352771872449,0.28,0.0360555127546399,0.0024333333333333334,7.571877794400365e-4,0.0083,0.007621679604916492,0.008833333333333334,0.003650114153466071
TOOK,2025,6,4,0.071925,0.03290809171009464,0.01,0.0022015146301277823,0.3275,0.034034296427770214,0.3075,0.020615528128088322,0.0025,0.00045460605656619517,0.008725,0.0018463928798245152,0.011975,0.0027341970180170517
TOOK,2025,7,8,0.0425125,0.02688358168633254,0.0184375,0.015062245848478241,0.20125,0.024164614034338956,0.20375,0.024458419526091336,4.3749999999999995e-4,1.302470180629319e-4,0.00795,0.008954966698510305,0.0054375,0.0011648881000827012
TOOK,2025,8,4,0.0183,0.02099253835691784,0.00615,0.002572288216096063,0.195,0.02380476142847616,0.19,0.03366501646120694,5.75e-4,9.574271077563379e-5,0.00455,8.020806277010642e-4,0.00515,4.358898943540672e-4
TOOK,2025,9,3,0.024233333333333332,0.012176343183950316,0.013000000000000001,0.017534822496963007,0.22666666666666666,0.02600429451712414,0.20333333333333334,0.012050864422660035,0.0010333333333333334,1.154700538379252e-4,0.0041333333333333335,5.131601439446884e-4,0.005366666666666666,9.865765724632494e-4
TOOK,2025,10,3,0.042866666666666664,0.05044049299256831,0.004,0.0011000000000000003,0.25666666666666665,0.055075705472861024,0.24666666666666667,0.032145502536643195,5e-4,2e-4,0.0024666666666666665,1.5275252316519463e-4,0.010133333333333334,0.006576726642740546
TOOK,2025,11,1,0.0184,NA,0.007,NA,0.22,NA,0.22,NA,3e-4,NA,0.0031,NA,0.0067,NA
TOOK,2025,12,1,0.0227,NA,0.0123,NA,0.27,NA,0.24,NA,0.0014,NA,0.0044,NA,0.0099,NA
