aquaticSiteType,siteID.x,namedLocation.x,collectDate.x,eventID,parentSampleID,sampleID,habitatType,algalSampleType,samplerType,benthicArea,substratumSizeClass,plantSurfaceArea,fieldSampleVolume,labSampleVolume,preservativeVolume,domainFilterVolume,ashMassDataQF,adjAshFreeDryMass,afdmPerArea,afdm_per_volume
lake,BARC,BARC.AOS.littoral2,2016-06-29T13:15:00Z,BARC.20160629,BARC.20160629.PHYTOPLANKTON.3,BARC.20160629.PHYTOPLANKTON.3,pelagic,phytoplankton,Kemmerer,NA,NA,NA,4000,NA,NA,300,NA,8e-4,2.666666666666667e-6,2.666666666666667e-6
lake,BARC,BARC.AOS.buoy.c0,2016-06-29T13:15:00Z,BARC.20160629,BARC.20160629.PHYTOPLANKTON.1,BARC.20160629.PHYTOPLANKTON.1,pelagic,phytoplankton,Kemmerer,NA,NA,NA,4000,NA,NA,300,NA,3e-4,1e-6,1e-6
lake,BARC,BARC.AOS.littoral1,2016-06-29T13:15:00Z,BARC.20160629,BARC.20160629.PHYTOPLANKTON.2,BARC.20160629.PHYTOPLANKTON.2,pelagic,phytoplankton,Kemmerer,NA,NA,NA,4000,NA,NA,250,NA,0.0013,5.199999999999999e-6,5.199999999999999e-6
lake,BARC,BARC.AOS.littoral1,2016-11-21T14:35:00Z,BARC.20161121,BARC.20161121.PHYTOPLANKTON.2,BARC.20161121.PHYTOPLANKTON.2,pelagic,phytoplankton,Kemmerer,NA,NA,NA,5000,NA,NA,400,NA,4e-4,1e-6,1e-6
lake,BARC,BARC.AOS.littoral2,2016-11-21T14:35:00Z,BARC.20161121,BARC.20161121.PHYTOPLANKTON.3,BARC.20161121.PHYTOPLANKTON.3,pelagic,phytoplankton,Kemmerer,NA,NA,NA,5000,NA,NA,250,NA,3e-4,1.2e-6,1.2e-6
lake,BARC,BARC.AOS.buoy.c0,2016-11-21T14:35:00Z,BARC.20161121,BARC.20161121.PHYTOPLANKTON.1,BARC.20161121.PHYTOPLANKTON.1,pelagic,phytoplankton,Kemmerer,NA,NA,NA,5000,NA,NA,400,NA,8e-4,2e-6,2e-6
lake,BARC,BARC.AOS.littoral2,2017-02-22T13:29:00Z,BARC.20170222,BARC.20170222.PHYTOPLANKTON.3,BARC.20170222.PHYTOPLANKTON.3,pelagic,phytoplankton,Kemmerer,NA,NA,NA,5000,NA,NA,250,NA,5e-4,2e-6,2e-6
lake,BARC,BARC.AOS.littoral1,2017-02-22T13:29:00Z,BARC.20170222,BARC.20170222.PHYTOPLANKTON.2,BARC.20170222.PHYTOPLANKTON.2,pelagic,phytoplankton,Kemmerer,NA,NA,NA,5000,NA,NA,250,NA,8e-4,3.2000000000000003e-6,3.2000000000000003e-6
lake,BARC,BARC.AOS.buoy.c0,2017-02-22T13:29:00Z,BARC.20170222,BARC.20170222.PHYTOPLANKTON.1,BARC.20170222.PHYTOPLANKTON.1,pelagic,phytoplankton,Kemmerer,NA,NA,NA,5000,NA,NA,450,NA,4e-4,8.88888888888889e-7,8.88888888888889e-7
lake,BARC,BARC.AOS.littoral1,2017-07-12T11:43:00Z,BARC.20170712,BARC.20170712.PHYTOPLANKTON.2,BARC.20170712.PHYTOPLANKTON.2,littoral,phytoplankton,Kemmerer,NA,NA,NA,5000,NA,NA,350,NA,5e-4,1.4285714285714286e-6,1.4285714285714286e-6
lake,BARC,BARC.AOS.buoy.c0,2017-07-12T11:43:00Z,BARC.20170712,BARC.20170712.PHYTOPLANKTON.1,BARC.20170712.PHYTOPLANKTON.1,littoral,phytoplankton,Kemmerer,NA,NA,NA,5000,NA,NA,350,NA,6e-4,1.714285714285714e-6,1.714285714285714e-6
lake,BARC,BARC.AOS.littoral2,2017-07-12T11:43:00Z,BARC.20170712,BARC.20170712.PHYTOPLANKTON.3,BARC.20170712.PHYTOPLANKTON.3,littoral,phytoplankton,Kemmerer,NA,NA,NA,5000,NA,NA,300,NA,5e-4,1.6666666666666667e-6,1.6666666666666667e-6
lake,BARC,BARC.AOS.littoral1,2017-11-09T14:57:00Z,BARC.20171109,BARC.20171109.PHYTOPLANKTON.2,BARC.20171109.PHYTOPLANKTON.2,pelagic,phytoplankton,Kemmerer,NA,NA,NA,5000,NA,NA,250,NA,0,0,0
lake,BARC,BARC.AOS.buoy.c0,2017-11-09T14:57:00Z,BARC.20171109,BARC.20171109.PHYTOPLANKTON.1,BARC.20171109.PHYTOPLANKTON.1,pelagic,phytoplankton,Kemmerer,NA,NA,NA,5000,NA,NA,300,NA,0,0,0
lake,BARC,BARC.AOS.littoral2,2017-11-09T14:57:00Z,BARC.20171109,BARC.20171109.PHYTOPLANKTON.3,BARC.20171109.PHYTOPLANKTON.3,pelagic,phytoplankton,Kemmerer,NA,NA,NA,5000,NA,NA,250,NA,1e-4,4.0000000000000003e-7,4.0000000000000003e-7
lake,BARC,BARC.AOS.littoral1,2018-02-21T16:48:00Z,BARC.20180221,BARC.20180221.PHYTOPLANKTON.2,BARC.20180221.PHYTOPLANKTON.2.AFDM.1,pelagic,phytoplankton,Kemmerer,NA,NA,NA,6000,NA,NA,250,NA,8e-4,3.2000000000000003e-6,3.2000000000000003e-6
lake,BARC,BARC.AOS.buoy.c0,2018-02-21T16:48:00Z,BARC.20180221,BARC.20180221.PHYTOPLANKTON.1,BARC.20180221.PHYTOPLANKTON.1.AFDM.1,pelagic,phytoplankton,Kemmerer,NA,NA,NA,4000,NA,NA,250,NA,6e-4,2.4e-6,2.4e-6
lake,BARC,BARC.AOS.littoral2,2018-02-21T16:48:00Z,BARC.20180221,BARC.20180221.PHYTOPLANKTON.3,BARC.20180221.PHYTOPLANKTON.3.AFDM.1,pelagic,phytoplankton,Kemmerer,NA,NA,NA,4000,NA,NA,150,NA,3e-4,2e-6,2e-6
lake,BARC,BARC.AOS.littoral1,2018-07-16T13:22:00Z,BARC.20180716,BARC.20180716.PHYTOPLANKTON.2,BARC.20180716.PHYTOPLANKTON.2.AFDM.1,littoral,phytoplankton,Kemmerer,NA,NA,NA,5000,NA,NA,250,NA,6e-4,2.4e-6,2.4e-6
lake,BARC,BARC.AOS.littoral2,2018-07-16T13:22:00Z,BARC.20180716,BARC.20180716.PHYTOPLANKTON.3,BARC.20180716.PHYTOPLANKTON.3.AFDM.1,littoral,phytoplankton,Kemmerer,NA,NA,NA,5000,NA,NA,250,NA,4e-4,1.6000000000000001e-6,1.6000000000000001e-6
lake,BARC,BARC.AOS.buoy.c0,2018-07-16T13:22:00Z,BARC.20180716,BARC.20180716.PHYTOPLANKTON.1,BARC.20180716.PHYTOPLANKTON.1.AFDM.1,littoral,phytoplankton,Kemmerer,NA,NA,NA,5000,NA,NA,200,NA,4e-4,2e-6,2e-6
lake,BARC,BARC.AOS.littoral1,2018-11-12T16:35:00Z,BARC.20181112,BARC.20181112.PHYTOPLANKTON.2,BARC.20181112.PHYTOPLANKTON.2.AFDM.1,littoral,phytoplankton,Kemmerer,NA,NA,NA,5000,NA,NA,250,NA,6e-4,2.4e-6,2.4e-6
lake,BARC,BARC.AOS.buoy.c0,2018-11-12T16:35:00Z,BARC.20181112,BARC.20181112.PHYTOPLANKTON.1,BARC.20181112.PHYTOPLANKTON.1.AFDM.1,littoral,phytoplankton,Kemmerer,NA,NA,NA,5000,NA,NA,250,NA,3e-4,1.2e-6,1.2e-6
lake,BARC,BARC.AOS.littoral1,2019-02-20T14:33:00Z,BARC.20190220,BARC.20190220.PHYTOPLANKTON.2,BARC.20190220.PHYTOPLANKTON.2.AFDM.1,littoral,phytoplankton,Kemmerer,NA,NA,NA,500,NA,NA,300,NA,8e-4,2.666666666666667e-6,2.666666666666667e-6
lake,BARC,BARC.AOS.buoy.c0,2019-02-20T14:33:00Z,BARC.20190220,BARC.20190220.PHYTOPLANKTON.1,BARC.20190220.PHYTOPLANKTON.1.AFDM.1,littoral,phytoplankton,Kemmerer,NA,NA,NA,5000,NA,NA,500,NA,4e-4,8.000000000000001e-7,8.000000000000001e-7
lake,BARC,BARC.AOS.littoral2,2019-02-20T14:33:00Z,BARC.20190220,BARC.20190220.PHYTOPLANKTON.3,BARC.20190220.PHYTOPLANKTON.3.AFDM.1,littoral,phytoplankton,Kemmerer,NA,NA,NA,5000,NA,NA,300,NA,5e-4,1.6666666666666667e-6,1.6666666666666667e-6
lake,BARC,BARC.AOS.littoral2,2019-07-16T12:51:00Z,BARC.20190716,BARC.20190716.PHYTOPLANKTON.3,BARC.20190716.PHYTOPLANKTON.3.AFDM.1,pelagic,phytoplankton,Kemmerer,NA,NA,NA,5000,NA,NA,300,NA,2e-4,6.666666666666667e-7,6.666666666666667e-7
lake,BARC,BARC.AOS.buoy.c0,2019-07-16T12:51:00Z,BARC.20190716,BARC.20190716.PHYTOPLANKTON.1,BARC.20190716.PHYTOPLANKTON.1.AFDM.1,pelagic,phytoplankton,Kemmerer,NA,NA,NA,5000,NA,NA,300,NA,9e-4,3e-6,3e-6
lake,BARC,BARC.AOS.buoy.c0,2019-11-12T12:18:00Z,BARC.20191112,BARC.20191112.PHYTOPLANKTON.1,BARC.20191112.PHYTOPLANKTON.1.AFDM.1,pelagic,phytoplankton,Kemmerer,NA,NA,NA,5000,NA,NA,200,NA,1e-4,5e-7,5e-7
lake,BARC,BARC.AOS.littoral1,2019-11-12T12:18:00Z,BARC.20191112,BARC.20191112.PHYTOPLANKTON.2,BARC.20191112.PHYTOPLANKTON.2.AFDM.1,pelagic,phytoplankton,Kemmerer,NA,NA,NA,5000,NA,NA,200,NA,0.015,7.5e-5,7.5e-5
lake,BARC,BARC.AOS.littoral2,2019-11-12T12:18:00Z,BARC.20191112,BARC.20191112.PHYTOPLANKTON.3,BARC.20191112.PHYTOPLANKTON.3.AFDM.1,pelagic,phytoplankton,Kemmerer,NA,NA,NA,5000,NA,NA,100,NA,4e-4,4e-6,4e-6
lake,SUGG,SUGG.AOS.buoy.c0,2016-06-27T12:25:00Z,SUGG.20160627,SUGG.20160627.PHYTOPLANKTON.1,SUGG.20160627.PHYTOPLANKTON.1,pelagic,phytoplankton,Kemmerer,NA,NA,NA,4000,NA,NA,300,NA,5e-4,1.6666666666666667e-6,1.6666666666666667e-6
lake,SUGG,SUGG.AOS.littoral1,2016-06-27T12:25:00Z,SUGG.20160627,SUGG.20160627.PHYTOPLANKTON.2,SUGG.20160627.PHYTOPLANKTON.2,pelagic,phytoplankton,Kemmerer,NA,NA,NA,4000,NA,NA,150,NA,7e-4,4.666666666666666e-6,4.666666666666666e-6
lake,SUGG,SUGG.AOS.littoral2,2016-11-14T15:04:00Z,SUGG.20161114,SUGG.20161114.PHYTOPLANKTON.3,SUGG.20161114.PHYTOPLANKTON.3,pelagic,phytoplankton,Kemmerer,NA,NA,NA,5000,NA,NA,325,NA,0.001,3.076923076923077e-6,3.076923076923077e-6
lake,SUGG,SUGG.AOS.littoral1,2016-11-14T15:04:00Z,SUGG.20161114,SUGG.20161114.PHYTOPLANKTON.2,SUGG.20161114.PHYTOPLANKTON.2,pelagic,phytoplankton,Kemmerer,NA,NA,NA,5000,NA,NA,250,NA,8e-4,3.2000000000000003e-6,3.2000000000000003e-6
lake,SUGG,SUGG.AOS.buoy.c0,2016-11-14T15:04:00Z,SUGG.20161114,SUGG.20161114.PHYTOPLANKTON.1,SUGG.20161114.PHYTOPLANKTON.1,pelagic,phytoplankton,Kemmerer,NA,NA,NA,5000,NA,NA,400,NA,2e-4,5e-7,5e-7
lake,SUGG,SUGG.AOS.buoy.c0,2017-02-20T15:03:00Z,SUGG.20170220,SUGG.20170220.PHYTOPLANKTON.1,SUGG.20170220.PHYTOPLANKTON.1,pelagic,phytoplankton,Kemmerer,NA,NA,NA,4000,NA,NA,250,NA,6e-4,2.4e-6,2.4e-6
lake,SUGG,SUGG.AOS.littoral1,2017-02-20T15:03:00Z,SUGG.20170220,SUGG.20170220.PHYTOPLANKTON.2,SUGG.20170220.PHYTOPLANKTON.2,pelagic,phytoplankton,Kemmerer,NA,NA,NA,4000,NA,NA,200,NA,2e-4,1e-6,1e-6
lake,SUGG,SUGG.AOS.littoral2,2017-02-20T15:03:00Z,SUGG.20170220,SUGG.20170220.PHYTOPLANKTON.3,SUGG.20170220.PHYTOPLANKTON.3,pelagic,phytoplankton,Kemmerer,NA,NA,NA,4000,NA,NA,350,NA,9e-4,2.571428571428571e-6,2.571428571428571e-6
lake,SUGG,SUGG.AOS.buoy.c0,2017-07-10T12:14:00Z,SUGG.20170710,SUGG.20170710.PHYTOPLANKTON.1,SUGG.20170710.PHYTOPLANKTON.1,pelagic,phytoplankton,Kemmerer,NA,NA,NA,5000,NA,NA,500,NA,7e-4,1.4e-6,1.4e-6
lake,SUGG,SUGG.AOS.littoral2,2017-07-10T12:14:00Z,SUGG.20170710,SUGG.20170710.PHYTOPLANKTON.3,SUGG.20170710.PHYTOPLANKTON.3,littoral,phytoplankton,Kemmerer,NA,NA,NA,5000,NA,NA,400,NA,6e-4,1.4999999999999998e-6,1.4999999999999998e-6
lake,SUGG,SUGG.AOS.littoral1,2017-07-10T12:14:00Z,SUGG.20170710,SUGG.20170710.PHYTOPLANKTON.2,SUGG.20170710.PHYTOPLANKTON.2,pelagic,phytoplankton,Kemmerer,NA,NA,NA,5000,NA,NA,400,NA,7e-4,1.75e-6,1.75e-6
lake,SUGG,SUGG.AOS.littoral1,2017-11-13T15:04:00Z,SUGG.20171113,SUGG.20171113.PHYTOPLANKTON.2,SUGG.20171113.PHYTOPLANKTON.2,pelagic,phytoplankton,Kemmerer,NA,NA,NA,4000,NA,NA,250,NA,2e-4,8.000000000000001e-7,8.000000000000001e-7
lake,SUGG,SUGG.AOS.buoy.c0,2017-11-13T15:04:00Z,SUGG.20171113,SUGG.20171113.PHYTOPLANKTON.1,SUGG.20171113.PHYTOPLANKTON.1,pelagic,phytoplankton,Kemmerer,NA,NA,NA,4000,NA,NA,250,NA,2e-4,8.000000000000001e-7,8.000000000000001e-7
lake,SUGG,SUGG.AOS.littoral2,2017-11-13T15:04:00Z,SUGG.20171113,SUGG.20171113.PHYTOPLANKTON.3,SUGG.20171113.PHYTOPLANKTON.3,pelagic,phytoplankton,Kemmerer,NA,NA,NA,4000,NA,NA,250,NA,2e-4,8.000000000000001e-7,8.000000000000001e-7
lake,SUGG,SUGG.AOS.littoral1,2018-02-19T16:14:00Z,SUGG.20180219,SUGG.20180219.PHYTOPLANKTON.2,SUGG.20180219.PHYTOPLANKTON.2.AFDM.1,pelagic,phytoplankton,Kemmerer,NA,NA,NA,5000,NA,NA,300,NA,8e-4,2.666666666666667e-6,2.666666666666667e-6
lake,SUGG,SUGG.AOS.littoral2,2018-02-19T16:14:00Z,SUGG.20180219,SUGG.20180219.PHYTOPLANKTON.3,SUGG.20180219.PHYTOPLANKTON.3.AFDM.1,pelagic,phytoplankton,Kemmerer,NA,NA,NA,5000,NA,NA,400,NA,6e-4,1.4999999999999998e-6,1.4999999999999998e-6
lake,SUGG,SUGG.AOS.buoy.c0,2018-02-19T16:14:00Z,SUGG.20180219,SUGG.20180219.PHYTOPLANKTON.1,SUGG.20180219.PHYTOPLANKTON.1.AFDM.1,pelagic,phytoplankton,Kemmerer,NA,NA,NA,5000,NA,NA,350,NA,0,0,0
lake,SUGG,SUGG.AOS.littoral1,2018-07-11T14:30:00Z,SUGG.20180711,SUGG.20180711.PHYTOPLANKTON.2,SUGG.20180711.PHYTOPLANKTON.2.AFDM.1,pelagic,phytoplankton,Kemmerer,NA,NA,NA,5000,NA,NA,200,NA,4e-4,2e-6,2e-6
lake,SUGG,SUGG.AOS.littoral2,2018-07-11T14:30:00Z,SUGG.20180711,SUGG.20180711.PHYTOPLANKTON.3,SUGG.20180711.PHYTOPLANKTON.3.AFDM.1,pelagic,phytoplankton,Kemmerer,NA,NA,NA,5000,NA,NA,250,NA,4e-4,1.6000000000000001e-6,1.6000000000000001e-6
lake,SUGG,SUGG.AOS.buoy.c0,2018-07-11T14:30:00Z,SUGG.20180711,SUGG.20180711.PHYTOPLANKTON.1,SUGG.20180711.PHYTOPLANKTON.1.AFDM.1,pelagic,phytoplankton,Kemmerer,NA,NA,NA,5000,NA,NA,500,NA,7e-4,1.4e-6,1.4e-6
lake,SUGG,SUGG.AOS.littoral1,2018-11-06T16:00:00Z,SUGG.20181106,SUGG.20181106.PHYTOPLANKTON.2,SUGG.20181106.PHYTOPLANKTON.2.AFDM.1,pelagic,phytoplankton,Kemmerer,NA,NA,NA,5000,NA,NA,400,NA,3e-4,7.499999999999999e-7,7.499999999999999e-7
lake,SUGG,SUGG.AOS.littoral2,2018-11-06T16:00:00Z,SUGG.20181106,SUGG.20181106.PHYTOPLANKTON.3,SUGG.20181106.PHYTOPLANKTON.3.AFDM.1,pelagic,phytoplankton,Kemmerer,NA,NA,NA,5000,NA,NA,400,NA,3e-4,7.499999999999999e-7,7.499999999999999e-7
lake,SUGG,SUGG.AOS.buoy.c0,2018-11-06T16:00:00Z,SUGG.20181106,SUGG.20181106.PHYTOPLANKTON.1,SUGG.20181106.PHYTOPLANKTON.1.AFDM.1,pelagic,phytoplankton,Kemmerer,NA,NA,NA,5000,NA,NA,400,NA,1e-4,2.5e-7,2.5e-7
lake,SUGG,SUGG.AOS.buoy.c0,2019-02-18T14:59:00Z,SUGG.20190218,SUGG.20190218.PHYTOPLANKTON.1,SUGG.20190218.PHYTOPLANKTON.1.AFDM.1,littoral,phytoplankton,Kemmerer,NA,NA,NA,4000,NA,NA,500,NA,2e-4,4.0000000000000003e-7,4.0000000000000003e-7
lake,SUGG,SUGG.AOS.littoral1,2019-02-18T14:59:00Z,SUGG.20190218,SUGG.20190218.PHYTOPLANKTON.2,SUGG.20190218.PHYTOPLANKTON.2.AFDM.1,littoral,phytoplankton,Kemmerer,NA,NA,NA,4000,NA,NA,500,NA,2e-4,4.0000000000000003e-7,4.0000000000000003e-7
lake,SUGG,SUGG.AOS.littoral2,2019-02-18T14:59:00Z,SUGG.20190218,SUGG.20190218.PHYTOPLANKTON.3,SUGG.20190218.PHYTOPLANKTON.3.AFDM.1,littoral,phytoplankton,Kemmerer,NA,NA,NA,4000,NA,NA,250,NA,0,0,0
lake,SUGG,SUGG.AOS.littoral1,2019-07-15T15:03:00Z,SUGG.20190715,SUGG.20190715.PHYTOPLANKTON.2,SUGG.20190715.PHYTOPLANKTON.2.AFDM.1,pelagic,phytoplankton,Kemmerer,NA,NA,NA,5000,NA,NA,400,NA,0.0018,4.5e-6,4.5e-6
lake,SUGG,SUGG.AOS.buoy.c0,2019-07-15T15:03:00Z,SUGG.20190715,SUGG.20190715.PHYTOPLANKTON.1,SUGG.20190715.PHYTOPLANKTON.1.AFDM.1,pelagic,phytoplankton,Kemmerer,NA,NA,NA,5000,NA,NA,400,NA,9e-4,2.25e-6,2.25e-6
lake,SUGG,SUGG.AOS.littoral2,2019-07-15T15:03:00Z,SUGG.20190715,SUGG.20190715.PHYTOPLANKTON.3,SUGG.20190715.PHYTOPLANKTON.3.AFDM.1,pelagic,phytoplankton,Kemmerer,NA,NA,NA,5000,NA,NA,400,NA,3e-4,7.499999999999999e-7,7.499999999999999e-7
lake,SUGG,SUGG.AOS.littoral2,2019-11-05T13:30:00Z,SUGG.20191105,SUGG.20191105.PHYTOPLANKTON.2,SUGG.20191105.PHYTOPLANKTON.2.AFDM.1,pelagic,phytoplankton,Kemmerer,NA,NA,NA,5000,NA,NA,300,NA,0.001,3.3333333333333333e-6,3.3333333333333333e-6
lake,SUGG,SUGG.AOS.littoral1,2019-11-05T13:30:00Z,SUGG.20191105,SUGG.20191105.PHYTOPLANKTON.3,SUGG.20191105.PHYTOPLANKTON.3.AFDM.1,pelagic,phytoplankton,Kemmerer,NA,NA,NA,5000,NA,NA,300,NA,0.0011,3.666666666666667e-6,3.666666666666667e-6
lake,SUGG,SUGG.AOS.buoy.c0,2019-11-05T13:30:00Z,SUGG.20191105,SUGG.20191105.PHYTOPLANKTON.1,SUGG.20191105.PHYTOPLANKTON.1.AFDM.1,pelagic,phytoplankton,Kemmerer,NA,NA,NA,5000,NA,NA,300,NA,7e-4,2.333333333333333e-6,2.333333333333333e-6
lake,CRAM,CRAM.AOS.buoy.c0,2015-05-13T15:40:00Z,CRAM.20150513,CRAM.20150513.PHYTOPLANKTON.3,CRAM.20150513.PHYTOPLANKTON.3,pelagic,phytoplankton,Kemmerer,NA,NA,NA,4000,NA,NA,150,NA,1e-4,6.666666666666667e-7,6.666666666666667e-7
lake,CRAM,CRAM.AOS.buoy.c0,2015-07-13T15:45:00Z,CRAM.20150713,CRAM.20150713.PHYTOPLANKTON.3,CRAM.20150713.PHYTOPLANKTON.3,pelagic,phytoplankton,Kemmerer,NA,NA,NA,4000,NA,NA,200,NA,2e-4,1e-6,1e-6
lake,CRAM,CRAM.AOS.buoy.c0,2015-09-14T16:00:00Z,CRAM.20150914,CRAM.20150914.PHYTOPLANKTON.3,CRAM.20150914.PHYTOPLANKTON.3,pelagic,phytoplankton,Kemmerer,NA,NA,NA,4000,NA,NA,250,NA,7e-4,2.8e-6,2.8e-6
lake,CRAM,CRAM.AOS.buoy.c0,2016-04-26T14:45:00Z,CRAM.20160426,CRAM.20160426.PHYTOPLANKTON.3,CRAM.20160426.PHYTOPLANKTON.3,pelagic,phytoplankton,Kemmerer,NA,NA,NA,5000,NA,NA,300,NA,7e-4,2.333333333333333e-6,2.333333333333333e-6
lake,CRAM,CRAM.AOS.littoral2,2016-07-13T15:45:00Z,CRAM.20160713,CRAM.20160713.PHYTOPLANKTON.1,CRAM.20160713.PHYTOPLANKTON.1,pelagic,phytoplankton,Kemmerer,NA,NA,NA,5000,NA,NA,250,NA,5e-4,2e-6,2e-6
lake,CRAM,CRAM.AOS.littoral1,2016-07-13T15:45:00Z,CRAM.20160713,CRAM.20160713.PHYTOPLANKTON.2,CRAM.20160713.PHYTOPLANKTON.2,pelagic,phytoplankton,Kemmerer,NA,NA,NA,5000,NA,NA,250,NA,6e-4,2.4e-6,2.4e-6
lake,CRAM,CRAM.AOS.littoral1,2016-09-19T15:20:00Z,CRAM.20160919,CRAM.20160919.PHYTOPLANKTON.2,CRAM.20160919.PHYTOPLANKTON.2,pelagic,phytoplankton,Kemmerer,NA,NA,NA,5000,NA,NA,300,NA,0,0,0
lake,CRAM,CRAM.AOS.buoy.c0,2016-09-19T15:20:00Z,CRAM.20160919,CRAM.20160919.PHYTOPLANKTON.3,CRAM.20160919.PHYTOPLANKTON.3,pelagic,phytoplankton,Kemmerer,NA,NA,NA,5000,NA,NA,300,NA,0,0,0
lake,CRAM,CRAM.AOS.littoral1,2017-05-03T15:01:00Z,CRAM.20170503,CRAM.20170503.PHYTOPLANKTON.2,CRAM.20170503.PHYTOPLANKTON.2,pelagic,phytoplankton,Kemmerer,NA,NA,NA,5000,NA,NA,150,NA,0,0,0
lake,CRAM,CRAM.AOS.littoral2,2017-05-03T15:01:00Z,CRAM.20170503,CRAM.20170503.PHYTOPLANKTON.1,CRAM.20170503.PHYTOPLANKTON.1,pelagic,phytoplankton,Kemmerer,NA,NA,NA,5000,NA,NA,150,NA,0,0,0
lake,CRAM,CRAM.AOS.buoy.c0,2017-05-03T15:01:00Z,CRAM.20170503,CRAM.20170503.PHYTOPLANKTON.3,CRAM.20170503.PHYTOPLANKTON.3,pelagic,phytoplankton,Kemmerer,NA,NA,NA,5000,NA,NA,150,NA,3e-4,2e-6,2e-6
lake,CRAM,CRAM.AOS.littoral1,2017-07-05T14:33:00Z,CRAM.20170705,CRAM.20170705.PHYTOPLANKTON.2,CRAM.20170705.PHYTOPLANKTON.2,littoral,phytoplankton,Kemmerer,NA,NA,NA,5000,NA,NA,200,NA,6e-4,2.9999999999999997e-6,2.9999999999999997e-6
lake,CRAM,CRAM.AOS.buoy.c0,2017-07-05T14:33:00Z,CRAM.20170705,CRAM.20170705.PHYTOPLANKTON.3,CRAM.20170705.PHYTOPLANKTON.3,pelagic,phytoplankton,Kemmerer,NA,NA,NA,5000,NA,NA,200,NA,4e-4,2e-6,2e-6
lake,CRAM,CRAM.AOS.littoral1,2017-09-14T14:35:00Z,CRAM.20170914,CRAM.20170914.PHYTOPLANKTON.2,CRAM.20170914.PHYTOPLANKTON.2,littoral,phytoplankton,Kemmerer,NA,NA,NA,4000,NA,NA,250,NA,5e-4,2e-6,2e-6
lake,CRAM,CRAM.AOS.littoral2,2017-09-14T14:35:00Z,CRAM.20170914,CRAM.20170914.PHYTOPLANKTON.1,CRAM.20170914.PHYTOPLANKTON.1,littoral,phytoplankton,Kemmerer,NA,NA,NA,4000,NA,NA,250,NA,3e-4,1.2e-6,1.2e-6
lake,CRAM,CRAM.AOS.buoy.c0,2017-09-14T14:35:00Z,CRAM.20170914,CRAM.20170914.PHYTOPLANKTON.3,CRAM.20170914.PHYTOPLANKTON.3,pelagic,phytoplankton,Kemmerer,NA,NA,NA,4000,NA,NA,200,NA,5e-4,2.5e-6,2.5e-6
lake,CRAM,CRAM.AOS.littoral2,2018-05-10T17:31:00Z,CRAM.20180510,CRAM.20180510.PHYTOPLANKTON.3,CRAM.20180510.PHYTOPLANKTON.3.AFDM.1,littoral,phytoplankton,Kemmerer,NA,NA,NA,4000,NA,NA,250,NA,2e-4,8.000000000000001e-7,8.000000000000001e-7
lake,CRAM,CRAM.AOS.littoral1,2018-05-10T17:31:00Z,CRAM.20180510,CRAM.20180510.PHYTOPLANKTON.2,CRAM.20180510.PHYTOPLANKTON.2.AFDM.1,littoral,phytoplankton,Kemmerer,NA,NA,NA,4000,NA,NA,250,NA,0.0011,4.4e-6,4.4e-6
lake,CRAM,CRAM.AOS.buoy.c0,2018-05-10T17:31:00Z,CRAM.20180510,CRAM.20180510.PHYTOPLANKTON.1,CRAM.20180510.PHYTOPLANKTON.1.AFDM.1,littoral,phytoplankton,Kemmerer,NA,NA,NA,4000,NA,NA,250,NA,9e-4,3.6e-6,3.6e-6
lake,CRAM,CRAM.AOS.littoral1,2018-07-16T14:12:00Z,CRAM.20180716,CRAM.20180716.PHYTOPLANKTON.2,CRAM.20180716.PHYTOPLANKTON.2.AFDM.1,littoral,phytoplankton,Kemmerer,NA,NA,NA,4000,NA,NA,250,NA,0.0011,4.4e-6,4.4e-6
lake,CRAM,CRAM.AOS.buoy.c0,2018-07-16T14:12:00Z,CRAM.20180716,CRAM.20180716.PHYTOPLANKTON.1,CRAM.20180716.PHYTOPLANKTON.1.AFDM.1,littoral,phytoplankton,Kemmerer,NA,NA,NA,4000,NA,NA,250,NA,0.001,4e-6,4e-6
lake,CRAM,CRAM.AOS.littoral2,2018-07-16T14:12:00Z,CRAM.20180716,CRAM.20180716.PHYTOPLANKTON.3,CRAM.20180716.PHYTOPLANKTON.3.AFDM.1,littoral,phytoplankton,Kemmerer,NA,NA,NA,4000,NA,NA,250,NA,0.0011,4.4e-6,4.4e-6
lake,CRAM,CRAM.AOS.littoral1,2018-09-27T22:27:00Z,CRAM.20180927,CRAM.20180927.PHYTOPLANKTON.2,CRAM.20180927.PHYTOPLANKTON.2.AFDM.1,pelagic,phytoplankton,Kemmerer,NA,NA,NA,4000,NA,NA,200,NA,2e-4,1e-6,1e-6
lake,CRAM,CRAM.AOS.littoral2,2018-09-27T22:27:00Z,CRAM.20180927,CRAM.20180927.PHYTOPLANKTON.3,CRAM.20180927.PHYTOPLANKTON.3.AFDM.1,pelagic,phytoplankton,Kemmerer,NA,NA,NA,4000,NA,NA,200,NA,9e-4,4.5e-6,4.5e-6
lake,CRAM,CRAM.AOS.buoy.c0,2018-09-27T22:27:00Z,CRAM.20180927,CRAM.20180927.PHYTOPLANKTON.1,CRAM.20180927.PHYTOPLANKTON.1.AFDM.1,pelagic,phytoplankton,Kemmerer,NA,NA,NA,4000,NA,NA,200,NA,3e-4,1.4999999999999998e-6,1.4999999999999998e-6
lake,CRAM,CRAM.AOS.buoy.c0,2019-05-08T15:04:00Z,CRAM.20190508,CRAM.20190508.PHYTOPLANKTON.1,CRAM.20190508.PHYTOPLANKTON.1.AFDM.1,pelagic,phytoplankton,Kemmerer,NA,NA,NA,4000,NA,NA,250,NA,4e-4,1.6000000000000001e-6,1.6000000000000001e-6
lake,CRAM,CRAM.AOS.littoral2,2019-05-08T15:04:00Z,CRAM.20190508,CRAM.20190508.PHYTOPLANKTON.2,CRAM.20190508.PHYTOPLANKTON.2.AFDM.1,pelagic,phytoplankton,Kemmerer,NA,NA,NA,4000,NA,NA,250,NA,7e-4,2.8e-6,2.8e-6
lake,CRAM,CRAM.AOS.littoral1,2019-05-08T15:04:00Z,CRAM.20190508,CRAM.20190508.PHYTOPLANKTON.3,CRAM.20190508.PHYTOPLANKTON.3.AFDM.1,pelagic,phytoplankton,Kemmerer,NA,NA,NA,4000,NA,NA,250,NA,6e-4,2.4e-6,2.4e-6
lake,CRAM,CRAM.AOS.littoral2,2019-07-11T15:47:00Z,CRAM.20190711,CRAM.20190711.PHYTOPLANKTON.3,CRAM.20190711.PHYTOPLANKTON.3.AFDM.1,littoral,phytoplankton,Kemmerer,NA,NA,NA,1000,NA,NA,250,NA,2e-4,8.000000000000001e-7,8.000000000000001e-7
lake,CRAM,CRAM.AOS.littoral1,2019-07-11T15:47:00Z,CRAM.20190711,CRAM.20190711.PHYTOPLANKTON.2,CRAM.20190711.PHYTOPLANKTON.2.AFDM.1,littoral,phytoplankton,Kemmerer,NA,NA,NA,1000,NA,NA,250,NA,2e-4,8.000000000000001e-7,8.000000000000001e-7
lake,CRAM,CRAM.AOS.buoy.c1,2019-07-11T15:47:00Z,CRAM.20190711,CRAM.20190711.PHYTOPLANKTON.1,CRAM.20190711.PHYTOPLANKTON.1.AFDM.1,littoral,phytoplankton,Kemmerer,NA,NA,NA,1000,NA,NA,250,NA,2e-4,8.000000000000001e-7,8.000000000000001e-7
lake,CRAM,CRAM.AOS.littoral2,2019-09-25T14:45:00Z,CRAM.20190925,CRAM.20190925.PHYTOPLANKTON.3,CRAM.20190925.PHYTOPLANKTON.3.AFDM.1,littoral,phytoplankton,Kemmerer,NA,NA,NA,4000,NA,NA,200,NA,5e-4,2.5e-6,2.5e-6
lake,CRAM,CRAM.AOS.littoral1,2019-09-25T14:45:00Z,CRAM.20190925,CRAM.20190925.PHYTOPLANKTON.2,CRAM.20190925.PHYTOPLANKTON.2.AFDM.1,littoral,phytoplankton,Kemmerer,NA,NA,NA,4000,NA,NA,200,NA,6e-4,2.9999999999999997e-6,2.9999999999999997e-6
lake,CRAM,CRAM.AOS.buoy.c1,2019-09-25T14:45:00Z,CRAM.20190925,CRAM.20190925.PHYTOPLANKTON.1,CRAM.20190925.PHYTOPLANKTON.1.AFDM.1,littoral,phytoplankton,Kemmerer,NA,NA,NA,4000,NA,NA,200,NA,4e-4,2e-6,2e-6
lake,LIRO,LIRO.AOS.buoy.c0,2017-04-24T09:52:00Z,LIRO.20170424,LIRO.20170424.PHYTOPLANKTON.3,LIRO.20170424.PHYTOPLANKTON.3,pelagic,phytoplankton,Kemmerer,NA,NA,NA,5000,NA,NA,100,NA,1e-4,1e-6,1e-6
lake,LIRO,LIRO.AOS.littoral1,2017-04-24T09:52:00Z,LIRO.20170424,LIRO.20170424.PHYTOPLANKTON.2,LIRO.20170424.PHYTOPLANKTON.2,pelagic,phytoplankton,Kemmerer,NA,NA,NA,5000,NA,NA,150,NA,3e-4,2e-6,2e-6
lake,LIRO,LIRO.AOS.littoral2,2017-04-24T09:52:00Z,LIRO.20170424,LIRO.20170424.PHYTOPLANKTON.1,LIRO.20170424.PHYTOPLANKTON.1,pelagic,phytoplankton,Kemmerer,NA,NA,NA,5000,NA,NA,15,NA,2e-4,1.3333333333333333e-5,1.3333333333333333e-5
lake,LIRO,LIRO.AOS.buoy.c0,2017-07-19T16:04:00Z,LIRO.20170719,LIRO.20170719.PHYTOPLANKTON.3,LIRO.20170719.PHYTOPLANKTON.3,pelagic,phytoplankton,Kemmerer,NA,NA,NA,4000,NA,NA,150,NA,0,0,0
lake,LIRO,LIRO.AOS.littoral2,2017-07-19T16:04:00Z,LIRO.20170719,LIRO.20170719.PHYTOPLANKTON.1,LIRO.20170719.PHYTOPLANKTON.1,pelagic,phytoplankton,Kemmerer,NA,NA,NA,4000,NA,NA,250,NA,1e-4,4.0000000000000003e-7,4.0000000000000003e-7
lake,LIRO,LIRO.AOS.littoral1,2017-07-19T16:04:00Z,LIRO.20170719,LIRO.20170719.PHYTOPLANKTON.2,LIRO.20170719.PHYTOPLANKTON.2,pelagic,phytoplankton,Kemmerer,NA,NA,NA,4000,NA,NA,250,NA,0,0,0
lake,LIRO,LIRO.AOS.buoy.c1,2017-09-06T14:48:00Z,LIRO.20170906,LIRO.20170906.PHYTOPLANKTON.3,LIRO.20170906.PHYTOPLANKTON.3,littoral,phytoplankton,Kemmerer,NA,NA,NA,300,NA,NA,200,NA,6e-4,2.9999999999999997e-6,2.9999999999999997e-6
lake,LIRO,LIRO.AOS.littoral2,2017-09-06T14:48:00Z,LIRO.20170906,LIRO.20170906.PHYTOPLANKTON.1,LIRO.20170906.PHYTOPLANKTON.1,littoral,phytoplankton,Kemmerer,NA,NA,NA,300,NA,NA,250,NA,1e-4,4.0000000000000003e-7,4.0000000000000003e-7
lake,LIRO,LIRO.AOS.littoral1,2017-09-06T14:48:00Z,LIRO.20170906,LIRO.20170906.PHYTOPLANKTON.2,LIRO.20170906.PHYTOPLANKTON.2,littoral,phytoplankton,Kemmerer,NA,NA,NA,300,NA,NA,250,NA,4e-4,1.6000000000000001e-6,1.6000000000000001e-6
lake,LIRO,LIRO.AOS.buoy.c0,2018-05-17T14:52:00Z,LIRO.20180517,LIRO.20180517.PHYTOPLANKTON.1,LIRO.20180517.PHYTOPLANKTON.1.AFDM.1,littoral,phytoplankton,Kemmerer,NA,NA,NA,4000,NA,NA,225,NA,4e-4,1.777777777777778e-6,1.777777777777778e-6
lake,LIRO,LIRO.AOS.littoral2,2018-05-17T14:52:00Z,LIRO.20180517,LIRO.20180517.PHYTOPLANKTON.3,LIRO.20180517.PHYTOPLANKTON.3.AFDM.1,littoral,phytoplankton,Kemmerer,NA,NA,NA,4000,NA,NA,250,NA,0,0,0
lake,LIRO,LIRO.AOS.littoral1,2018-05-17T14:52:00Z,LIRO.20180517,LIRO.20180517.PHYTOPLANKTON.2,LIRO.20180517.PHYTOPLANKTON.2.AFDM.1,littoral,phytoplankton,Kemmerer,NA,NA,NA,4000,NA,NA,230,NA,1e-4,4.347826086956522e-7,4.347826086956522e-7
lake,LIRO,LIRO.AOS.littoral2,2018-07-23T14:51:00Z,LIRO.20180723,LIRO.20180723.PHYTOPLANKTON.3,LIRO.20180723.PHYTOPLANKTON.3.AFDM.1,littoral,phytoplankton,Kemmerer,NA,NA,NA,4000,NA,NA,300,NA,0.0015,5e-6,5e-6
lake,LIRO,LIRO.AOS.buoy.c0,2018-07-23T14:51:00Z,LIRO.20180723,LIRO.20180723.PHYTOPLANKTON.1,LIRO.20180723.PHYTOPLANKTON.1.AFDM.1,littoral,phytoplankton,Kemmerer,NA,NA,NA,1000,NA,NA,250,NA,0.001,4e-6,4e-6
lake,LIRO,LIRO.AOS.littoral1,2018-07-23T14:51:00Z,LIRO.20180723,LIRO.20180723.PHYTOPLANKTON.2,LIRO.20180723.PHYTOPLANKTON.2.AFDM.1,littoral,phytoplankton,Kemmerer,NA,NA,NA,4000,NA,NA,350,NA,0.001,2.8571428571428573e-6,2.8571428571428573e-6
lake,LIRO,LIRO.AOS.littoral2,2018-09-11T16:06:00Z,LIRO.20180911,LIRO.20180911.PHYTOPLANKTON.3,LIRO.20180911.PHYTOPLANKTON.3.AFDM.1,littoral,phytoplankton,Kemmerer,NA,NA,NA,4000,NA,NA,250,NA,6e-4,2.4e-6,2.4e-6
lake,LIRO,LIRO.AOS.littoral1,2018-09-11T16:06:00Z,LIRO.20180911,LIRO.20180911.PHYTOPLANKTON.2,LIRO.20180911.PHYTOPLANKTON.2.AFDM.1,littoral,phytoplankton,Kemmerer,NA,NA,NA,4000,NA,NA,250,NA,3e-4,1.2e-6,1.2e-6
lake,LIRO,LIRO.AOS.buoy.c0,2018-09-11T16:06:00Z,LIRO.20180911,LIRO.20180911.PHYTOPLANKTON.1,LIRO.20180911.PHYTOPLANKTON.1.AFDM.1,littoral,phytoplankton,Kemmerer,NA,NA,NA,4000,NA,NA,120,NA,0.0022,1.8333333333333333e-5,1.8333333333333333e-5
lake,LIRO,LIRO.AOS.littoral2,2019-05-15T16:56:00Z,LIRO.20190515,LIRO.20190515.PHYTOPLANKTON.2,LIRO.20190515.PHYTOPLANKTON.2.AFDM.1,littoral,phytoplankton,Kemmerer,NA,NA,NA,4000,NA,NA,250,NA,3e-4,1.2e-6,1.2e-6
lake,LIRO,LIRO.AOS.buoy.c1,2019-05-15T16:56:00Z,LIRO.20190515,LIRO.20190515.PHYTOPLANKTON.1,LIRO.20190515.PHYTOPLANKTON.1.AFDM.1,littoral,phytoplankton,Kemmerer,NA,NA,NA,4000,NA,NA,250,NA,2e-4,8.000000000000001e-7,8.000000000000001e-7
lake,LIRO,LIRO.AOS.littoral1,2019-05-15T16:56:00Z,LIRO.20190515,LIRO.20190515.PHYTOPLANKTON.3,LIRO.20190515.PHYTOPLANKTON.3.AFDM.1,littoral,phytoplankton,Kemmerer,NA,NA,NA,4000,NA,NA,250,NA,3e-4,1.2e-6,1.2e-6
lake,LIRO,LIRO.AOS.littoral1,2019-07-24T20:27:00Z,LIRO.20190724,LIRO.20190724.PHYTOPLANKTON.3,LIRO.20190724.PHYTOPLANKTON.3.AFDM.1,littoral,phytoplankton,Kemmerer,NA,NA,NA,4000,NA,NA,150,NA,3e-4,2e-6,2e-6
lake,LIRO,LIRO.AOS.buoy.c1,2019-07-24T20:27:00Z,LIRO.20190724,LIRO.20190724.PHYTOPLANKTON.1,LIRO.20190724.PHYTOPLANKTON.1.AFDM.1,littoral,phytoplankton,Kemmerer,NA,NA,NA,4000,NA,NA,100,NA,3e-4,2.9999999999999997e-6,2.9999999999999997e-6
lake,LIRO,LIRO.AOS.littoral2,2019-07-24T20:27:00Z,LIRO.20190724,LIRO.20190724.PHYTOPLANKTON.2,LIRO.20190724.PHYTOPLANKTON.2.AFDM.1,littoral,phytoplankton,Kemmerer,NA,NA,NA,4000,NA,NA,150,NA,4e-4,2.666666666666667e-6,2.666666666666667e-6
lake,LIRO,LIRO.AOS.littoral1,2019-09-10T15:46:00Z,LIRO.20190910,LIRO.20190910.PHYTOPLANKTON.2,LIRO.20190910.PHYTOPLANKTON.2.AFDM.1,littoral,phytoplankton,Kemmerer,NA,NA,NA,4000,NA,NA,150,NA,0.002,1.3333333333333333e-5,1.3333333333333333e-5
lake,LIRO,LIRO.AOS.buoy.c1,2019-09-10T15:46:00Z,LIRO.20190910,LIRO.20190910.PHYTOPLANKTON.1,LIRO.20190910.PHYTOPLANKTON.1.AFDM.1,littoral,phytoplankton,Kemmerer,NA,NA,NA,4000,NA,NA,100,NA,0.0015,1.5e-5,1.5e-5
lake,LIRO,LIRO.AOS.littoral2,2019-09-10T15:46:00Z,LIRO.20190910,LIRO.20190910.PHYTOPLANKTON.3,LIRO.20190910.PHYTOPLANKTON.3.AFDM.1,littoral,phytoplankton,Kemmerer,NA,NA,NA,4000,NA,NA,150,NA,0.0017,1.1333333333333332e-5,1.1333333333333332e-5
lake,PRLA,PRLA.AOS.littoral2,2014-05-15T18:55:00Z,PRLA.20140515,PRLA.20140515.PHYTOPLANKTON.1,PRLA.20140515.PHYTOPLANKTON.1,pelagic,phytoplankton,Kemmerer,NA,NA,NA,1000,NA,NA,149,NA,0.001,6.7114093959731546e-6,6.7114093959731546e-6
lake,PRLA,PRLA.AOS.buoy.c0,2014-05-15T19:40:00Z,PRLA.20140515,PRLA.20140515.PHYTOPLANKTON.2,PRLA.20140515.PHYTOPLANKTON.2,pelagic,phytoplankton,Kemmerer,NA,NA,NA,1000,NA,NA,156,NA,0.0012,7.692307692307692e-6,7.692307692307692e-6
lake,PRLA,PRLA.AOS.littoral1,2014-05-15T20:10:00Z,PRLA.20140515,PRLA.20140515.PHYTOPLANKTON.3,PRLA.20140515.PHYTOPLANKTON.3,pelagic,phytoplankton,Kemmerer,NA,NA,NA,1000,NA,NA,150,NA,7e-4,4.666666666666666e-6,4.666666666666666e-6
lake,PRLA,PRLA.AOS.littoral2,2014-07-09T21:20:00Z,PRLA.20140709,PRLA.20140709.PHYTOPLANKTON.2,PRLA.20140709.PHYTOPLANKTON.2,pelagic,phytoplankton,Kemmerer,NA,NA,NA,1000,NA,NA,76,NA,0.0014,1.8421052631578947e-5,1.8421052631578947e-5
lake,PRLA,PRLA.AOS.littoral1,2014-07-09T21:20:00Z,PRLA.20140709,PRLA.20140709.PHYTOPLANKTON.1,PRLA.20140709.PHYTOPLANKTON.1,pelagic,phytoplankton,Kemmerer,NA,NA,NA,1000,NA,NA,73,NA,0.0012,1.643835616438356e-5,1.643835616438356e-5
lake,PRLA,PRLA.AOS.buoy.c0,2014-07-09T21:20:00Z,PRLA.20140709,PRLA.20140709.PHYTOPLANKTON.3,PRLA.20140709.PHYTOPLANKTON.3,pelagic,phytoplankton,Kemmerer,NA,NA,NA,1000,NA,NA,74,NA,0.001,1.3513513513513513e-5,1.3513513513513513e-5
lake,PRLA,PRLA.AOS.buoy.c0,2014-09-25T18:30:00Z,PRLA.20140925,PRLA.20140925.PHYTOPLANKTON.3,PRLA.20140925.PHYTOPLANKTON.3,pelagic,phytoplankton,Kemmerer,NA,NA,NA,2000,NA,NA,135,NA,0.0042,3.111111111111111e-5,3.111111111111111e-5
lake,PRLA,PRLA.AOS.littoral2,2014-09-25T18:30:00Z,PRLA.20140925,PRLA.20140925.PHYTOPLANKTON.2,PRLA.20140925.PHYTOPLANKTON.2,pelagic,phytoplankton,Kemmerer,NA,NA,NA,2000,NA,NA,134,NA,0.0031,2.3134328358208956e-5,2.3134328358208956e-5
lake,PRLA,PRLA.AOS.littoral1,2014-09-25T18:30:00Z,PRLA.20140925,PRLA.20140925.PHYTOPLANKTON.1,PRLA.20140925.PHYTOPLANKTON.1,pelagic,phytoplankton,Kemmerer,NA,NA,NA,2000,NA,NA,132,NA,0.0043,3.257575757575758e-5,3.257575757575758e-5
lake,PRLA,PRLA.AOS.littoral2,2015-07-20T16:40:00Z,PRLA.20150720,PRLA.20150720.PHYTOPLANKTON.2,PRLA.20150720.PHYTOPLANKTON.2,pelagic,phytoplankton,Kemmerer,NA,NA,NA,2000,NA,NA,100,NA,0.0039,3.9e-5,3.9e-5
lake,PRLA,PRLA.AOS.littoral1,2015-07-20T16:40:00Z,PRLA.20150720,PRLA.20150720.PHYTOPLANKTON.1,PRLA.20150720.PHYTOPLANKTON.1,pelagic,phytoplankton,Kemmerer,NA,NA,NA,2000,NA,NA,100,NA,0.0037,3.7000000000000005e-5,3.7000000000000005e-5
lake,PRLA,PRLA.AOS.buoy.c0,2015-07-20T16:40:00Z,PRLA.20150720,PRLA.20150720.PHYTOPLANKTON.3,PRLA.20150720.PHYTOPLANKTON.3,pelagic,phytoplankton,Kemmerer,NA,NA,NA,2000,NA,NA,100,NA,0.0037,3.7000000000000005e-5,3.7000000000000005e-5
lake,PRLA,PRLA.AOS.buoy.c0,2015-09-22T16:10:00Z,PRLA.20150922,PRLA.20150922.PHYTOPLANKTON.3,PRLA.20150922.PHYTOPLANKTON.3,pelagic,phytoplankton,Kemmerer,NA,NA,NA,3000,NA,NA,60,NA,0.0028,4.6666666666666665e-5,4.6666666666666665e-5
lake,PRLA,PRLA.AOS.littoral1,2015-09-22T16:10:00Z,PRLA.20150922,PRLA.20150922.PHYTOPLANKTON.1,PRLA.20150922.PHYTOPLANKTON.1,pelagic,phytoplankton,Kemmerer,NA,NA,NA,3000,NA,NA,60,NA,0.0032,5.333333333333333e-5,5.333333333333333e-5
lake,PRLA,PRLA.AOS.littoral2,2015-09-22T16:10:00Z,PRLA.20150922,PRLA.20150922.PHYTOPLANKTON.2,PRLA.20150922.PHYTOPLANKTON.2,pelagic,phytoplankton,Kemmerer,NA,NA,NA,3000,NA,NA,60,NA,0.0029,4.833333333333333e-5,4.833333333333333e-5
lake,PRLA,PRLA.AOS.buoy.c0,2016-04-21T14:20:00Z,PRLA.20160421,PRLA.20160421.PHYTOPLANKTON.3,PRLA.20160421.PHYTOPLANKTON.3,pelagic,phytoplankton,Kemmerer,NA,NA,NA,4000,NA,NA,140,NA,0.0012,8.571428571428571e-6,8.571428571428571e-6
lake,PRLA,PRLA.AOS.littoral1,2016-04-21T14:20:00Z,PRLA.20160421,PRLA.20160421.PHYTOPLANKTON.1,PRLA.20160421.PHYTOPLANKTON.1,pelagic,phytoplankton,Kemmerer,NA,NA,NA,4000,NA,NA,100,NA,0.0015,1.5e-5,1.5e-5
lake,PRLA,PRLA.AOS.littoral2,2016-04-21T14:20:00Z,PRLA.20160421,PRLA.20160421.PHYTOPLANKTON.2,PRLA.20160421.PHYTOPLANKTON.2,pelagic,phytoplankton,Kemmerer,NA,NA,NA,4000,NA,NA,100,NA,0.0012,1.1999999999999999e-5,1.1999999999999999e-5
lake,PRLA,PRLA.AOS.littoral2,2016-07-18T14:20:00Z,PRLA.20160718,PRLA.20160718.PHYTOPLANKTON.2,PRLA.20160718.PHYTOPLANKTON.2,pelagic,phytoplankton,Kemmerer,NA,NA,NA,4000,NA,NA,75,NA,0.0032,4.266666666666667e-5,4.266666666666667e-5
lake,PRLA,PRLA.AOS.littoral1,2016-07-18T14:20:00Z,PRLA.20160718,PRLA.20160718.PHYTOPLANKTON.1,PRLA.20160718.PHYTOPLANKTON.1,pelagic,phytoplankton,Kemmerer,NA,NA,NA,4000,NA,NA,75,NA,0.0036,4.8e-5,4.8e-5
lake,PRLA,PRLA.AOS.buoy.c0,2016-07-18T14:20:00Z,PRLA.20160718,PRLA.20160718.PHYTOPLANKTON.3,PRLA.20160718.PHYTOPLANKTON.3,pelagic,phytoplankton,Kemmerer,NA,NA,NA,4000,NA,NA,75,NA,0.0029,3.866666666666667e-5,3.866666666666667e-5
lake,PRLA,PRLA.AOS.littoral1,2016-09-14T14:30:00Z,PRLA.20160914,PRLA.20160914.PHYTOPLANKTON.1,PRLA.20160914.PHYTOPLANKTON.1,pelagic,phytoplankton,Kemmerer,NA,NA,NA,2000,NA,NA,40,NA,0.0011,2.75e-5,2.75e-5
lake,PRLA,PRLA.AOS.buoy.c0,2016-09-14T14:30:00Z,PRLA.20160914,PRLA.20160914.PHYTOPLANKTON.3,PRLA.20160914.PHYTOPLANKTON.3,pelagic,phytoplankton,Kemmerer,NA,NA,NA,2000,NA,NA,40,NA,0.0012,2.9999999999999997e-5,2.9999999999999997e-5
lake,PRLA,PRLA.AOS.littoral2,2016-09-14T14:30:00Z,PRLA.20160914,PRLA.20160914.PHYTOPLANKTON.2,PRLA.20160914.PHYTOPLANKTON.2,pelagic,phytoplankton,Kemmerer,NA,NA,NA,2000,NA,NA,40,NA,0.0015,3.7500000000000003e-5,3.7500000000000003e-5
lake,PRLA,PRLA.AOS.buoy.c0,2017-04-17T15:15:00Z,PRLA.20170417,PRLA.20170417.PHYTOPLANKTON.3,PRLA.20170417.PHYTOPLANKTON.3,pelagic,phytoplankton,Kemmerer,NA,NA,NA,4000,NA,NA,60,NA,0.0015,2.5e-5,2.5e-5
lake,PRLA,PRLA.AOS.littoral2,2017-04-17T15:15:00Z,PRLA.20170417,PRLA.20170417.PHYTOPLANKTON.2,PRLA.20170417.PHYTOPLANKTON.2,littoral,phytoplankton,Kemmerer,NA,NA,NA,4000,NA,NA,60,NA,0.0013,2.1666666666666667e-5,2.1666666666666667e-5
lake,PRLA,PRLA.AOS.littoral1,2017-04-17T15:15:00Z,PRLA.20170417,PRLA.20170417.PHYTOPLANKTON.1,PRLA.20170417.PHYTOPLANKTON.1,littoral,phytoplankton,Kemmerer,NA,NA,NA,4000,NA,NA,60,NA,0.0014,2.3333333333333332e-5,2.3333333333333332e-5
lake,PRLA,PRLA.AOS.buoy.c0,2017-07-10T14:40:00Z,PRLA.20170710,PRLA.20170710.PHYTOPLANKTON.3,PRLA.20170710.PHYTOPLANKTON.3,pelagic,phytoplankton,Kemmerer,NA,NA,NA,4000,NA,NA,100,NA,0.0026,2.6e-5,2.6e-5
lake,PRLA,PRLA.AOS.littoral1,2017-07-10T14:40:00Z,PRLA.20170710,PRLA.20170710.PHYTOPLANKTON.1,PRLA.20170710.PHYTOPLANKTON.1,littoral,phytoplankton,Kemmerer,NA,NA,NA,4000,NA,NA,100,NA,0.0027,2.7000000000000002e-5,2.7000000000000002e-5
lake,PRLA,PRLA.AOS.littoral2,2017-07-10T14:40:00Z,PRLA.20170710,PRLA.20170710.PHYTOPLANKTON.2,PRLA.20170710.PHYTOPLANKTON.2,littoral,phytoplankton,Kemmerer,NA,NA,NA,4000,NA,NA,100,NA,0.0034,3.4e-5,3.4e-5
lake,PRLA,PRLA.AOS.littoral2,2017-09-11T15:10:00Z,PRLA.20170911,PRLA.20170911.PHYTOPLANKTON.2,PRLA.20170911.PHYTOPLANKTON.2,littoral,phytoplankton,Kemmerer,NA,NA,NA,4000,NA,NA,70,NA,0.0032,4.5714285714285716e-5,4.5714285714285716e-5
lake,PRLA,PRLA.AOS.littoral1,2017-09-11T15:10:00Z,PRLA.20170911,PRLA.20170911.PHYTOPLANKTON.1,PRLA.20170911.PHYTOPLANKTON.1,littoral,phytoplankton,Kemmerer,NA,NA,NA,4000,NA,NA,60,NA,0.0027,4.5e-5,4.5e-5
lake,PRLA,PRLA.AOS.buoy.c0,2017-09-11T15:10:00Z,PRLA.20170911,PRLA.20170911.PHYTOPLANKTON.3,PRLA.20170911.PHYTOPLANKTON.3,pelagic,phytoplankton,Kemmerer,NA,NA,NA,4000,NA,NA,60,NA,0.0028,4.6666666666666665e-5,4.6666666666666665e-5
lake,PRLA,PRLA.AOS.littoral2,2018-05-09T14:30:00Z,PRLA.20180509,PRLA.20180509.PHYTOPLANKTON.2,PRLA.20180509.PHYTOPLANKTON.2.AFDM.1,littoral,phytoplankton,Kemmerer,NA,NA,NA,4000,NA,NA,100,NA,0.004,4e-5,4e-5
lake,PRLA,PRLA.AOS.littoral1,2018-05-09T14:30:00Z,PRLA.20180509,PRLA.20180509.PHYTOPLANKTON.1,PRLA.20180509.PHYTOPLANKTON.1.AFDM.1,littoral,phytoplankton,Kemmerer,NA,NA,NA,4000,NA,NA,100,NA,0.0038,3.8e-5,3.8e-5
lake,PRLA,PRLA.AOS.buoy.c0,2018-05-09T14:30:00Z,PRLA.20180509,PRLA.20180509.PHYTOPLANKTON.3,PRLA.20180509.PHYTOPLANKTON.3.AFDM.1,littoral,phytoplankton,Kemmerer,NA,NA,NA,4000,NA,NA,100,NA,0.0036,3.6e-5,3.6e-5
lake,PRLA,PRLA.AOS.littoral2,2018-07-11T14:06:00Z,PRLA.20180711,PRLA.20180711.PHYTOPLANKTON.2,PRLA.20180711.PHYTOPLANKTON.2.AFDM.1,littoral,phytoplankton,Kemmerer,NA,NA,NA,4000,NA,NA,50,NA,0.0025,5e-5,5e-5
lake,PRLA,PRLA.AOS.littoral1,2018-07-11T14:06:00Z,PRLA.20180711,PRLA.20180711.PHYTOPLANKTON.1,PRLA.20180711.PHYTOPLANKTON.1.AFDM.1,littoral,phytoplankton,Kemmerer,NA,NA,NA,4000,NA,NA,50,NA,0.0027,5.4000000000000005e-5,5.4000000000000005e-5
lake,PRLA,PRLA.AOS.buoy.c0,2018-07-11T14:06:00Z,PRLA.20180711,PRLA.20180711.PHYTOPLANKTON.3,PRLA.20180711.PHYTOPLANKTON.3.AFDM.1,pelagic,phytoplankton,Kemmerer,NA,NA,NA,4000,NA,NA,50,NA,0.0026,5.2e-5,5.2e-5
lake,PRLA,PRLA.AOS.littoral1,2018-09-11T14:05:00Z,PRLA.20180911,PRLA.20180911.PHYTOPLANKTON.1,PRLA.20180911.PHYTOPLANKTON.1.AFDM.1,littoral,phytoplankton,Kemmerer,NA,NA,NA,4000,NA,NA,70,NA,0.0041,5.8571428571428575e-5,5.8571428571428575e-5
lake,PRLA,PRLA.AOS.buoy.c0,2018-09-11T14:05:00Z,PRLA.20180911,PRLA.20180911.PHYTOPLANKTON.3,PRLA.20180911.PHYTOPLANKTON.3.AFDM.1,littoral,phytoplankton,Kemmerer,NA,NA,NA,4000,NA,NA,70,NA,0.0045,6.428571428571427e-5,6.428571428571427e-5
lake,PRLA,PRLA.AOS.littoral2,2018-09-11T14:05:00Z,PRLA.20180911,PRLA.20180911.PHYTOPLANKTON.2,PRLA.20180911.PHYTOPLANKTON.2.AFDM.1,littoral,phytoplankton,Kemmerer,NA,NA,NA,4000,NA,NA,70,NA,0.0047,6.714285714285714e-5,6.714285714285714e-5
lake,PRLA,PRLA.AOS.buoy.c1,2019-04-24T14:22:00Z,PRLA.20190424,PRLA.20190424.PHYTOPLANKTON.3,PRLA.20190424.PHYTOPLANKTON.3.AFDM.1,pelagic,phytoplankton,Kemmerer,NA,NA,NA,4000,NA,NA,70,NA,8e-4,1.1428571428571429e-5,1.1428571428571429e-5
lake,PRLA,PRLA.AOS.littoral1,2019-04-24T14:22:00Z,PRLA.20190424,PRLA.20190424.PHYTOPLANKTON.1,PRLA.20190424.PHYTOPLANKTON.1.AFDM.1,pelagic,phytoplankton,Kemmerer,NA,NA,NA,4000,NA,NA,70,NA,7e-4,9.999999999999999e-6,9.999999999999999e-6
lake,PRLA,PRLA.AOS.littoral2,2019-04-24T14:22:00Z,PRLA.20190424,PRLA.20190424.PHYTOPLANKTON.2,PRLA.20190424.PHYTOPLANKTON.2.AFDM.1,pelagic,phytoplankton,Kemmerer,NA,NA,NA,4000,NA,NA,70,NA,9e-4,1.2857142857142857e-5,1.2857142857142857e-5
lake,PRLA,PRLA.AOS.littoral2,2019-07-11T13:53:00Z,PRLA.20190711,PRLA.20190711.PHYTOPLANKTON.2,PRLA.20190711.PHYTOPLANKTON.2.AFDM.1,pelagic,phytoplankton,Kemmerer,NA,NA,NA,4000,NA,NA,450,dryMassError,NA,NA,NA
lake,PRLA,PRLA.AOS.buoy.c0,2019-07-11T13:53:00Z,PRLA.20190711,PRLA.20190711.PHYTOPLANKTON.3,PRLA.20190711.PHYTOPLANKTON.3.AFDM.1,pelagic,phytoplankton,Kemmerer,NA,NA,NA,4000,NA,NA,250,dryMassError,NA,NA,NA
lake,PRLA,PRLA.AOS.littoral1,2019-07-11T13:53:00Z,PRLA.20190711,PRLA.20190711.PHYTOPLANKTON.1,PRLA.20190711.PHYTOPLANKTON.1.AFDM.1,pelagic,phytoplankton,Kemmerer,NA,NA,NA,4000,NA,NA,450,dryMassError,NA,NA,NA
lake,PRLA,PRLA.AOS.littoral1,2019-09-10T13:37:00Z,PRLA.20190910,PRLA.20190910.PHYTOPLANKTON.1,PRLA.20190910.PHYTOPLANKTON.1.AFDM.1,pelagic,phytoplankton,Kemmerer,NA,NA,NA,4000,NA,NA,300,NA,7e-4,2.333333333333333e-6,2.333333333333333e-6
lake,PRLA,PRLA.AOS.littoral2,2019-09-10T13:37:00Z,PRLA.20190910,PRLA.20190910.PHYTOPLANKTON.2,PRLA.20190910.PHYTOPLANKTON.2.AFDM.1,pelagic,phytoplankton,Kemmerer,NA,NA,NA,4000,NA,NA,300,NA,8e-4,2.666666666666667e-6,2.666666666666667e-6
lake,PRLA,PRLA.AOS.buoy.c0,2019-09-10T13:37:00Z,PRLA.20190910,PRLA.20190910.PHYTOPLANKTON.3,PRLA.20190910.PHYTOPLANKTON.3.AFDM.1,pelagic,phytoplankton,Kemmerer,NA,NA,NA,4000,NA,NA,300,NA,4e-4,1.3333333333333334e-6,1.3333333333333334e-6
lake,PRPO,PRPO.AOS.littoral2,2014-05-15T16:50:00Z,PRPO.20140515,PRPO.20140515.PHYTOPLANKTON.3,PRPO.20140515.PHYTOPLANKTON.3,pelagic,phytoplankton,Kemmerer,NA,NA,NA,1000,NA,NA,144,NA,0.0021,1.4583333333333333e-5,1.4583333333333333e-5
lake,PRPO,PRPO.AOS.buoy.c0,2014-05-15T16:50:00Z,PRPO.20140515,PRPO.20140515.PHYTOPLANKTON.2,PRPO.20140515.PHYTOPLANKTON.2,pelagic,phytoplankton,Kemmerer,NA,NA,NA,1000,NA,NA,140,NA,0.0015,1.0714285714285714e-5,1.0714285714285714e-5
lake,PRPO,PRPO.AOS.buoy.c0,2014-07-08T21:40:00Z,PRPO.20140708,PRPO.20140708.PHYTOPLANKTON.3,PRPO.20140708.PHYTOPLANKTON.3,pelagic,phytoplankton,Kemmerer,NA,NA,NA,1000,NA,NA,100,NA,9e-4,9e-6,9e-6
lake,PRPO,PRPO.AOS.littoral2,2014-07-08T22:05:00Z,PRPO.20140708,PRPO.20140708.PHYTOPLANKTON.2,PRPO.20140708.PHYTOPLANKTON.2,pelagic,phytoplankton,Kemmerer,NA,NA,NA,1000,NA,NA,100,NA,8e-4,8e-6,8e-6
lake,PRPO,PRPO.AOS.buoy.c0,2014-09-23T20:08:00Z,PRPO.20140923,PRPO.20140923.PHYTOPLANKTON.3,PRPO.20140923.PHYTOPLANKTON.3,pelagic,phytoplankton,Kemmerer,NA,NA,NA,1000,NA,NA,143,NA,0.0014,9.79020979020979e-6,9.79020979020979e-6
lake,PRPO,PRPO.AOS.littoral2,2014-09-23T20:08:00Z,PRPO.20140923,PRPO.20140923.PHYTOPLANKTON.2,PRPO.20140923.PHYTOPLANKTON.2,pelagic,phytoplankton,Kemmerer,NA,NA,NA,1000,NA,NA,130,NA,0.0016,1.2307692307692308e-5,1.2307692307692308e-5
lake,PRPO,PRPO.AOS.buoy.c0,2015-07-06T16:55:00Z,PRPO.20150706,PRPO.20150706.PHYTOPLANKTON.3,PRPO.20150706.PHYTOPLANKTON.3,pelagic,phytoplankton,Kemmerer,NA,NA,NA,4000,NA,NA,93,NA,0.0018,1.9354838709677417e-5,1.9354838709677417e-5
lake,PRPO,PRPO.AOS.littoral2,2015-07-06T16:55:00Z,PRPO.20150706,PRPO.20150706.PHYTOPLANKTON.2,PRPO.20150706.PHYTOPLANKTON.2,pelagic,phytoplankton,Kemmerer,NA,NA,NA,4000,NA,NA,110,NA,0.0024,2.1818181818181818e-5,2.1818181818181818e-5
lake,PRPO,PRPO.AOS.littoral1,2015-07-06T16:55:00Z,PRPO.20150706,PRPO.20150706.PHYTOPLANKTON.1,PRPO.20150706.PHYTOPLANKTON.1,pelagic,phytoplankton,Kemmerer,NA,NA,NA,4000,NA,NA,110,NA,0.002,1.8181818181818182e-5,1.8181818181818182e-5
lake,PRPO,PRPO.AOS.buoy.c0,2015-09-14T15:15:00Z,PRPO.20150914,PRPO.20150914.PHYTOPLANKTON.3,PRPO.20150914.PHYTOPLANKTON.3,pelagic,phytoplankton,Kemmerer,NA,NA,NA,2000,NA,NA,100,NA,0.0013,1.3e-5,1.3e-5
lake,PRPO,PRPO.AOS.littoral1,2015-09-14T15:15:00Z,PRPO.20150914,PRPO.20150914.PHYTOPLANKTON.1,PRPO.20150914.PHYTOPLANKTON.1,pelagic,phytoplankton,Kemmerer,NA,NA,NA,2000,NA,NA,100,NA,0.0023,2.3e-5,2.3e-5
lake,PRPO,PRPO.AOS.littoral2,2015-09-14T15:15:00Z,PRPO.20150914,PRPO.20150914.PHYTOPLANKTON.2,PRPO.20150914.PHYTOPLANKTON.2,pelagic,phytoplankton,Kemmerer,NA,NA,NA,2000,NA,NA,100,NA,0.0017,1.7e-5,1.7e-5
lake,PRPO,PRPO.AOS.littoral2,2016-04-26T14:00:00Z,PRPO.20160426,PRPO.20160426.PHYTOPLANKTON.2,PRPO.20160426.PHYTOPLANKTON.2,pelagic,phytoplankton,Kemmerer,NA,NA,NA,3000,NA,NA,160,NA,1e-4,6.25e-7,6.25e-7
lake,PRPO,PRPO.AOS.littoral1,2016-04-26T14:00:00Z,PRPO.20160426,PRPO.20160426.PHYTOPLANKTON.1,PRPO.20160426.PHYTOPLANKTON.1,pelagic,phytoplankton,Kemmerer,NA,NA,NA,3000,NA,NA,160,NA,1e-4,6.25e-7,6.25e-7
lake,PRPO,PRPO.AOS.buoy.c0,2016-04-26T14:00:00Z,PRPO.20160426,PRPO.20160426.PHYTOPLANKTON.3,PRPO.20160426.PHYTOPLANKTON.3,pelagic,phytoplankton,Kemmerer,NA,NA,NA,3000,NA,NA,160,NA,5e-4,3.125e-6,3.125e-6
lake,PRPO,PRPO.AOS.buoy.c0,2016-07-07T14:45:00Z,PRPO.20160707,PRPO.20160707.PHYTOPLANKTON.3,PRPO.20160707.PHYTOPLANKTON.3,pelagic,phytoplankton,Kemmerer,NA,NA,NA,4000,NA,NA,100,NA,0.0035,3.5000000000000004e-5,3.5000000000000004e-5
lake,PRPO,PRPO.AOS.littoral2,2016-07-07T14:45:00Z,PRPO.20160707,PRPO.20160707.PHYTOPLANKTON.2,PRPO.20160707.PHYTOPLANKTON.2,pelagic,phytoplankton,Kemmerer,NA,NA,NA,4000,NA,NA,100,NA,0.0032,3.2e-5,3.2e-5
lake,PRPO,PRPO.AOS.littoral1,2016-07-07T14:45:00Z,PRPO.20160707,PRPO.20160707.PHYTOPLANKTON.1,PRPO.20160707.PHYTOPLANKTON.1,pelagic,phytoplankton,Kemmerer,NA,NA,NA,4000,NA,NA,100,NA,0.0038,3.8e-5,3.8e-5
lake,PRPO,PRPO.AOS.littoral2,2016-09-12T17:30:00Z,PRPO.20160912,PRPO.20160912.PHYTOPLANKTON.2,PRPO.20160912.PHYTOPLANKTON.2,pelagic,phytoplankton,Kemmerer,NA,NA,NA,3000,NA,NA,30,NA,0.001,3.3333333333333335e-5,3.3333333333333335e-5
lake,PRPO,PRPO.AOS.buoy.c0,2016-09-12T17:30:00Z,PRPO.20160912,PRPO.20160912.PHYTOPLANKTON.3,PRPO.20160912.PHYTOPLANKTON.3,pelagic,phytoplankton,Kemmerer,NA,NA,NA,3000,NA,NA,30,NA,0.0018,6e-5,6e-5
lake,PRPO,PRPO.AOS.littoral1,2017-04-27T15:00:00Z,PRPO.20170427,PRPO.20170427.PHYTOPLANKTON.1,PRPO.20170427.PHYTOPLANKTON.1,littoral,phytoplankton,Kemmerer,NA,NA,NA,4000,NA,NA,30,NA,0,0,0
lake,PRPO,PRPO.AOS.buoy.c0,2017-04-27T15:00:00Z,PRPO.20170427,PRPO.20170427.PHYTOPLANKTON.3,PRPO.20170427.PHYTOPLANKTON.3,pelagic,phytoplankton,Kemmerer,NA,NA,NA,4000,NA,NA,30,NA,0,0,0
lake,PRPO,PRPO.AOS.littoral2,2017-04-27T15:00:00Z,PRPO.20170427,PRPO.20170427.PHYTOPLANKTON.2,PRPO.20170427.PHYTOPLANKTON.2,littoral,phytoplankton,Kemmerer,NA,NA,NA,4000,NA,NA,30,NA,1e-4,3.3333333333333333e-6,3.3333333333333333e-6
lake,PRPO,PRPO.AOS.littoral1,2017-07-17T13:15:00Z,PRPO.20170717,PRPO.20170717.PHYTOPLANKTON.1,PRPO.20170717.PHYTOPLANKTON.1,littoral,phytoplankton,Kemmerer,NA,NA,NA,4000,NA,NA,20,NA,9e-4,4.4999999999999996e-5,4.4999999999999996e-5
lake,PRPO,PRPO.AOS.littoral2,2017-07-17T13:15:00Z,PRPO.20170717,PRPO.20170717.PHYTOPLANKTON.2,PRPO.20170717.PHYTOPLANKTON.2,littoral,phytoplankton,Kemmerer,NA,NA,NA,4000,NA,NA,20,NA,6e-4,2.9999999999999997e-5,2.9999999999999997e-5
lake,PRPO,PRPO.AOS.buoy.c0,2017-07-17T13:15:00Z,PRPO.20170717,PRPO.20170717.PHYTOPLANKTON.3,PRPO.20170717.PHYTOPLANKTON.3,pelagic,phytoplankton,Kemmerer,NA,NA,NA,4000,NA,NA,20,NA,9e-4,4.4999999999999996e-5,4.4999999999999996e-5
lake,PRPO,PRPO.AOS.littoral1,2017-09-18T14:20:00Z,PRPO.20170918,PRPO.20170918.PHYTOPLANKTON.1,PRPO.20170918.PHYTOPLANKTON.1,littoral,phytoplankton,Kemmerer,NA,NA,NA,4000,NA,NA,30,NA,0.001,3.3333333333333335e-5,3.3333333333333335e-5
lake,PRPO,PRPO.AOS.littoral2,2017-09-18T14:20:00Z,PRPO.20170918,PRPO.20170918.PHYTOPLANKTON.2,PRPO.20170918.PHYTOPLANKTON.2,littoral,phytoplankton,Kemmerer,NA,NA,NA,4000,NA,NA,25,NA,9e-4,3.6e-5,3.6e-5
lake,PRPO,PRPO.AOS.buoy.c0,2017-09-18T14:20:00Z,PRPO.20170918,PRPO.20170918.PHYTOPLANKTON.3,PRPO.20170918.PHYTOPLANKTON.3,littoral,phytoplankton,Kemmerer,NA,NA,NA,4000,NA,NA,25,NA,0.0011,4.4000000000000006e-5,4.4000000000000006e-5
lake,PRPO,PRPO.AOS.buoy.c0,2018-05-14T15:03:00Z,PRPO.20180514,PRPO.20180514.PHYTOPLANKTON.3,PRPO.20180514.PHYTOPLANKTON.3.AFDM.1,littoral,phytoplankton,Kemmerer,NA,NA,NA,4000,NA,NA,50,NA,8e-4,1.6e-5,1.6e-5
lake,PRPO,PRPO.AOS.littoral1,2018-05-14T15:03:00Z,PRPO.20180514,PRPO.20180514.PHYTOPLANKTON.1,PRPO.20180514.PHYTOPLANKTON.1.AFDM.1,littoral,phytoplankton,Kemmerer,NA,NA,NA,4000,NA,NA,50,NA,0.0013,2.6e-5,2.6e-5
lake,PRPO,PRPO.AOS.littoral2,2018-05-14T15:03:00Z,PRPO.20180514,PRPO.20180514.PHYTOPLANKTON.2,PRPO.20180514.PHYTOPLANKTON.2.AFDM.1,littoral,phytoplankton,Kemmerer,NA,NA,NA,4000,NA,NA,50,NA,0.001,2e-5,2e-5
lake,PRPO,PRPO.AOS.littoral1,2018-07-16T15:36:00Z,PRPO.20180716,PRPO.20180716.PHYTOPLANKTON.1,PRPO.20180716.PHYTOPLANKTON.1.AFDM.1,littoral,phytoplankton,Kemmerer,NA,NA,NA,4000,NA,NA,20,NA,0.001,5e-5,5e-5
lake,PRPO,PRPO.AOS.littoral2,2018-07-16T15:36:00Z,PRPO.20180716,PRPO.20180716.PHYTOPLANKTON.2,PRPO.20180716.PHYTOPLANKTON.2.AFDM.1,littoral,phytoplankton,Kemmerer,NA,NA,NA,4000,NA,NA,20,NA,0.0011,5.5e-5,5.5e-5
lake,PRPO,PRPO.AOS.buoy.c0,2018-07-16T15:36:00Z,PRPO.20180716,PRPO.20180716.PHYTOPLANKTON.3,PRPO.20180716.PHYTOPLANKTON.3.AFDM.1,pelagic,phytoplankton,Kemmerer,NA,NA,NA,4000,NA,NA,20,NA,0.0011,5.5e-5,5.5e-5
lake,PRPO,PRPO.AOS.littoral1,2018-09-17T14:05:00Z,PRPO.20180917,PRPO.20180917.PHYTOPLANKTON.1,PRPO.20180917.PHYTOPLANKTON.1.AFDM.1,littoral,phytoplankton,Kemmerer,NA,NA,NA,4000,NA,NA,20,NA,0.001,5e-5,5e-5
lake,PRPO,PRPO.AOS.littoral2,2018-09-17T14:05:00Z,PRPO.20180917,PRPO.20180917.PHYTOPLANKTON.2,PRPO.20180917.PHYTOPLANKTON.2.AFDM.1,littoral,phytoplankton,Kemmerer,NA,NA,NA,4000,NA,NA,20,NA,8e-4,4e-5,4e-5
lake,PRPO,PRPO.AOS.buoy.c0,2018-09-17T14:05:00Z,PRPO.20180917,PRPO.20180917.PHYTOPLANKTON.3,PRPO.20180917.PHYTOPLANKTON.3.AFDM.1,littoral,phytoplankton,Kemmerer,NA,NA,NA,4000,NA,NA,20,NA,9e-4,4.4999999999999996e-5,4.4999999999999996e-5
lake,PRPO,PRPO.AOS.littoral2,2019-04-30T14:11:00Z,PRPO.20190430,PRPO.20190430.PHYTOPLANKTON.2,PRPO.20190430.PHYTOPLANKTON.2.AFDM.1,pelagic,phytoplankton,Kemmerer,NA,NA,NA,4000,NA,NA,70,NA,9e-4,1.2857142857142857e-5,1.2857142857142857e-5
lake,PRPO,PRPO.AOS.buoy.c0,2019-04-30T14:11:00Z,PRPO.20190430,PRPO.20190430.PHYTOPLANKTON.3,PRPO.20190430.PHYTOPLANKTON.3.AFDM.1,pelagic,phytoplankton,Kemmerer,NA,NA,NA,4000,NA,NA,70,NA,9e-4,1.2857142857142857e-5,1.2857142857142857e-5
lake,PRPO,PRPO.AOS.littoral1,2019-04-30T14:11:00Z,PRPO.20190430,PRPO.20190430.PHYTOPLANKTON.1,PRPO.20190430.PHYTOPLANKTON.1.AFDM.1,littoral,phytoplankton,Kemmerer,NA,NA,NA,4000,NA,NA,70,NA,0.0011,1.5714285714285715e-5,1.5714285714285715e-5
lake,PRPO,PRPO.AOS.littoral2,2019-07-15T14:03:00Z,PRPO.20190715,PRPO.20190715.PHYTOPLANKTON.2,PRPO.20190715.PHYTOPLANKTON.2.AFDM.1,pelagic,phytoplankton,Kemmerer,NA,NA,NA,4000,NA,NA,160,NA,0.0019,1.1875e-5,1.1875e-5
lake,PRPO,PRPO.AOS.littoral1,2019-07-15T14:03:00Z,PRPO.20190715,PRPO.20190715.PHYTOPLANKTON.1,PRPO.20190715.PHYTOPLANKTON.1.AFDM.1,pelagic,phytoplankton,Kemmerer,NA,NA,NA,4000,NA,NA,150,NA,9e-4,6e-6,6e-6
lake,PRPO,PRPO.AOS.buoy.c0,2019-07-15T14:03:00Z,PRPO.20190715,PRPO.20190715.PHYTOPLANKTON.3,PRPO.20190715.PHYTOPLANKTON.3.AFDM.1,pelagic,phytoplankton,Kemmerer,NA,NA,NA,4000,NA,NA,150,NA,0.001,6.666666666666667e-6,6.666666666666667e-6
lake,PRPO,PRPO.AOS.littoral2,2019-09-16T13:41:00Z,PRPO.20190916,PRPO.20190916.PHYTOPLANKTON.2,PRPO.20190916.PHYTOPLANKTON.2.AFDM.1,pelagic,phytoplankton,Kemmerer,NA,NA,NA,4000,NA,NA,100,NA,0.0019,1.9e-5,1.9e-5
lake,PRPO,PRPO.AOS.buoy.c0,2019-09-16T13:41:00Z,PRPO.20190916,PRPO.20190916.PHYTOPLANKTON.3,PRPO.20190916.PHYTOPLANKTON.3.AFDM.1,pelagic,phytoplankton,Kemmerer,NA,NA,NA,4000,NA,NA,200,NA,0.0018,9e-6,9e-6
lake,PRPO,PRPO.AOS.littoral1,2019-09-16T13:41:00Z,PRPO.20190916,PRPO.20190916.PHYTOPLANKTON.1,PRPO.20190916.PHYTOPLANKTON.1.AFDM.1,pelagic,phytoplankton,Kemmerer,NA,NA,NA,4000,NA,NA,200,NA,0.0012,5.999999999999999e-6,5.999999999999999e-6
lake,TOOK,TOOK.AOS.littoral3,2016-08-10T22:53:00Z,TOOK.20160810,TOOK.20160810.PHYTOPLANKTON.3,TOOK.20160810.PHYTOPLANKTON.3,pelagic,phytoplankton,Kemmerer,NA,NA,NA,4000,NA,NA,250,NA,1e-4,4.0000000000000003e-7,4.0000000000000003e-7
lake,TOOK,TOOK.AOS.littoral2,2016-08-10T22:53:00Z,TOOK.20160810,TOOK.20160810.PHYTOPLANKTON.2,TOOK.20160810.PHYTOPLANKTON.2,pelagic,phytoplankton,Kemmerer,NA,NA,NA,4000,NA,NA,300,NA,3e-4,1e-6,1e-6
lake,TOOK,TOOK.AOS.buoy.c0,2016-08-10T22:53:00Z,TOOK.20160810,TOOK.20160810.PHYTOPLANKTON.1,TOOK.20160810.PHYTOPLANKTON.1,pelagic,phytoplankton,Kemmerer,NA,NA,NA,4000,NA,NA,250,NA,1e-4,4.0000000000000003e-7,4.0000000000000003e-7
lake,TOOK,TOOK.AOS.littoral3,2017-06-25T11:16:00Z,TOOK.20170625,TOOK.20170625.PHYTOPLANKTON.1,TOOK.20170625.PHYTOPLANKTON.1,pelagic,phytoplankton,Kemmerer,NA,NA,NA,4000,NA,NA,500,NA,0,0,0
lake,TOOK,TOOK.AOS.littoral2,2017-06-25T11:16:00Z,TOOK.20170625,TOOK.20170625.PHYTOPLANKTON.2,TOOK.20170625.PHYTOPLANKTON.2,pelagic,phytoplankton,Kemmerer,NA,NA,NA,4000,NA,NA,500,NA,0.001,2e-6,2e-6
lake,TOOK,TOOK.AOS.buoy.c0,2017-06-25T11:16:00Z,TOOK.20170625,TOOK.20170625.PHYTOPLANKTON.3,TOOK.20170625.PHYTOPLANKTON.3,pelagic,phytoplankton,Kemmerer,NA,NA,NA,4000,NA,NA,500,NA,0.001,2e-6,2e-6
lake,TOOK,TOOK.AOS.littoral3,2017-07-26T17:38:00Z,TOOK.20170726,TOOK.20170726.PHYTOPLANKTON.1,TOOK.20170726.PHYTOPLANKTON.1,littoral,phytoplankton,Kemmerer,NA,NA,NA,4000,NA,NA,700,NA,2e-4,2.8571428571428575e-7,2.8571428571428575e-7
lake,TOOK,TOOK.AOS.buoy.c0,2017-07-26T17:38:00Z,TOOK.20170726,TOOK.20170726.PHYTOPLANKTON.3,TOOK.20170726.PHYTOPLANKTON.3,littoral,phytoplankton,Kemmerer,NA,NA,NA,4000,NA,NA,700,NA,0,0,0
lake,TOOK,TOOK.AOS.littoral2,2017-07-26T17:38:00Z,TOOK.20170726,TOOK.20170726.PHYTOPLANKTON.2,TOOK.20170726.PHYTOPLANKTON.2,littoral,phytoplankton,Kemmerer,NA,NA,NA,4000,NA,NA,700,NA,5e-4,7.142857142857143e-7,7.142857142857143e-7
lake,TOOK,TOOK.AOS.littoral3,2017-09-06T18:00:00Z,TOOK.20170906,TOOK.20170906.PHYTOPLANKTON.1,TOOK.20170906.PHYTOPLANKTON.1,pelagic,phytoplankton,Kemmerer,NA,NA,NA,4000,NA,NA,600,NA,0,0,0
lake,TOOK,TOOK.AOS.littoral2,2017-09-06T18:00:00Z,TOOK.20170906,TOOK.20170906.PHYTOPLANKTON.2,TOOK.20170906.PHYTOPLANKTON.2,pelagic,phytoplankton,Kemmerer,NA,NA,NA,4000,NA,NA,600,NA,0,0,0
lake,TOOK,TOOK.AOS.buoy.c0,2017-09-06T18:00:00Z,TOOK.20170906,TOOK.20170906.PHYTOPLANKTON.3,TOOK.20170906.PHYTOPLANKTON.3,pelagic,phytoplankton,Kemmerer,NA,NA,NA,4000,NA,NA,600,NA,1e-4,1.6666666666666668e-7,1.6666666666666668e-7
lake,TOOK,TOOK.AOS.buoy.c0,2018-06-28T19:12:00Z,TOOK.20180628,TOOK.20180628.PHYTOPLANKTON.1,TOOK.20180628.PHYTOPLANKTON.1.AFDM.1,pelagic,phytoplankton,Kemmerer,NA,NA,NA,5000,NA,NA,250,NA,2e-4,8.000000000000001e-7,8.000000000000001e-7
lake,TOOK,TOOK.AOS.littoral2,2018-06-28T19:12:00Z,TOOK.20180628,TOOK.20180628.PHYTOPLANKTON.2,TOOK.20180628.PHYTOPLANKTON.2.AFDM.1,pelagic,phytoplankton,Kemmerer,NA,NA,NA,5000,NA,NA,250,NA,3e-4,1.2e-6,1.2e-6
lake,TOOK,TOOK.AOS.littoral3,2018-08-01T18:05:00Z,TOOK.20180801,TOOK.20180801.PHYTOPLANKTON.3,TOOK.20180801.PHYTOPLANKTON.3.AFDM.1,pelagic,phytoplankton,Kemmerer,NA,NA,NA,4000,NA,NA,400,NA,0,0,0
lake,TOOK,TOOK.AOS.buoy.c0,2018-08-01T18:05:00Z,TOOK.20180801,TOOK.20180801.PHYTOPLANKTON.1,TOOK.20180801.PHYTOPLANKTON.1.AFDM.1,pelagic,phytoplankton,Kemmerer,NA,NA,NA,4000,NA,NA,400,NA,6e-4,1.4999999999999998e-6,1.4999999999999998e-6
lake,TOOK,TOOK.AOS.littoral2,2018-08-01T18:05:00Z,TOOK.20180801,TOOK.20180801.PHYTOPLANKTON.2,TOOK.20180801.PHYTOPLANKTON.2.AFDM.1,pelagic,phytoplankton,Kemmerer,NA,NA,NA,4000,NA,NA,400,NA,5e-4,1.25e-6,1.25e-6
lake,TOOK,TOOK.AOS.littoral3,2018-09-19T21:44:00Z,TOOK.20180919,TOOK.20180919.PHYTOPLANKTON.2,TOOK.20180919.PHYTOPLANKTON.2.AFDM.1,pelagic,phytoplankton,Kemmerer,NA,NA,NA,4000,NA,NA,400,NA,4e-4,1e-6,1e-6
lake,TOOK,TOOK.AOS.buoy.c0,2018-09-19T21:44:00Z,TOOK.20180919,TOOK.20180919.PHYTOPLANKTON.1,TOOK.20180919.PHYTOPLANKTON.1.AFDM.1,pelagic,phytoplankton,Kemmerer,NA,NA,NA,4000,NA,NA,400,NA,3e-4,7.499999999999999e-7,7.499999999999999e-7
lake,TOOK,TOOK.AOS.littoral2,2018-09-19T21:44:00Z,TOOK.20180919,TOOK.20180919.PHYTOPLANKTON.3,TOOK.20180919.PHYTOPLANKTON.3.AFDM.1,pelagic,phytoplankton,Kemmerer,NA,NA,NA,4000,NA,NA,400,NA,4e-4,1e-6,1e-6
lake,TOOK,TOOK.AOS.littoral3,2019-06-21T17:44:00Z,TOOK.20190621,TOOK.20190621.PHYTOPLANKTON.2,TOOK.20190621.PHYTOPLANKTON.2.AFDM.1,pelagic,phytoplankton,Kemmerer,NA,NA,NA,4000,NA,NA,250,NA,5e-4,2e-6,2e-6
lake,TOOK,TOOK.AOS.buoy.c1,2019-06-21T17:44:00Z,TOOK.20190621,TOOK.20190621.PHYTOPLANKTON.1,TOOK.20190621.PHYTOPLANKTON.1.AFDM.1,pelagic,phytoplankton,Kemmerer,NA,NA,NA,4000,NA,NA,250,NA,3e-4,1.2e-6,1.2e-6
lake,TOOK,TOOK.AOS.littoral2,2019-06-21T17:44:00Z,TOOK.20190621,TOOK.20190621.PHYTOPLANKTON.3,TOOK.20190621.PHYTOPLANKTON.3.AFDM.1,pelagic,phytoplankton,Kemmerer,NA,NA,NA,4000,NA,NA,250,NA,5e-4,2e-6,2e-6
lake,TOOK,TOOK.AOS.littoral3,2019-07-31T18:15:00Z,TOOK.20190731,TOOK.20190731.PHYTOPLANKTON.2,TOOK.20190731.PHYTOPLANKTON.2.AFDM.1,pelagic,phytoplankton,Kemmerer,NA,NA,NA,4000,NA,NA,250,NA,1e-4,4.0000000000000003e-7,4.0000000000000003e-7
lake,TOOK,TOOK.AOS.littoral2,2019-07-31T18:15:00Z,TOOK.20190731,TOOK.20190731.PHYTOPLANKTON.3,TOOK.20190731.PHYTOPLANKTON.3.AFDM.1,pelagic,phytoplankton,Kemmerer,NA,NA,NA,4000,NA,NA,250,NA,2e-4,8.000000000000001e-7,8.000000000000001e-7
lake,TOOK,TOOK.AOS.buoy.c1,2019-07-31T18:15:00Z,TOOK.20190731,TOOK.20190731.PHYTOPLANKTON.1,TOOK.20190731.PHYTOPLANKTON.1.AFDM.1,pelagic,phytoplankton,Kemmerer,NA,NA,NA,4000,NA,NA,500,NA,0.0011,2.2e-6,2.2e-6
lake,TOOK,TOOK.AOS.buoy.c0,2019-09-10T18:38:00Z,TOOK.20190910,TOOK.20190910.PHYTOPLANKTON.1,TOOK.20190910.PHYTOPLANKTON.1.AFDM.1,pelagic,phytoplankton,Kemmerer,NA,NA,NA,4000,NA,NA,500,NA,1e-4,2.0000000000000002e-7,2.0000000000000002e-7
