siteID,collectDate,temp_mean_30day,temp_sd_30day,temp_max_30day,temp_min_30day,n_days_30day
BARC,2017-09-06,31.2979086073501,0.3267262675481914,33.14,30.3,11
BARC,2017-09-07,31.2322669178487,0.3856831346559796,33.14,30.13,12
BARC,2017-09-12,30.536715425531916,1.4024834743206274,33.14,26.15,17
BARC,2017-09-14,30.209204927211648,1.658947468945275,33.14,26.15,19
BARC,2017-09-18,30.022671872286484,1.5605535362885592,33.14,26.15,23
BARC,2017-10-31,27.1032018321513,1.9087658237827068,30.96,22.01,30
BARC,2017-11-03,26.528854911861444,2.3579085556438892,30.96,21.65,30
BARC,2019-02-14,16.643429806856723,1.4799638643421027,20.88,13.97,30
BARC,2019-02-15,16.688228417967835,1.497709768737697,20.88,13.97,30
BARC,2019-04-24,23.362938491095715,1.8381491614579037,27.17,20.08,30
BARC,2019-04-30,24.255283861894355,1.5806736838151594,27.64,20.47,30
BARC,2019-05-08,25.60355292755092,1.1187413502901467,29.02,23.22,30
BARC,2019-05-15,26.328021875963614,1.5559342049895113,29.57,23.22,30
BARC,2019-06-21,30.434569177267907,0.743733826463884,32.58,28.97,30
BARC,2019-07-01,30.777847716224922,0.9112737402845206,32.83,28.97,30
BARC,2019-07-09,30.940329807478864,1.058502507994113,33.54,28.97,30
BARC,2019-07-11,31.038463499317157,1.047344453899468,33.54,28.97,30
BARC,2019-07-15,31.35077893939632,0.9421374420775321,33.97,29,30
BARC,2019-07-24,32.00079158197776,0.3911484436373217,33.97,30.74,30
BARC,2019-07-31,31.765708896426595,0.6806756807012647,33.97,30.01,30
BARC,2019-09-10,31.095135121194446,0.8239286794061141,33.75,29.21,30
BARC,2019-09-19,30.75504152895414,0.5576141393533687,33.55,29.21,30
BARC,2019-09-25,30.36643434970826,0.8069254669379686,33.22,28.27,30
BARC,2019-10-28,27.55809585064367,1.1768524138232253,29.98,25.67,27
BARC,2019-10-29,27.480962880485723,1.1345102621638794,29.98,25.67,27
BARC,2020-02-10,17.441189448590116,1.936224912267827,22,15.12,30
BARC,2020-02-11,17.411047842309923,1.9247779460696846,22,15.12,30
BARC,2020-06-08,27.50434027777778,1.3086918002262111,31.15,24.94,30
BARC,2020-06-15,28.332766978897503,0.8963712798176651,31.15,25.57,30
BARC,2020-06-16,28.436108645564172,0.8164083019636409,31.15,25.94,30
BARC,2020-06-22,28.989278633486872,0.8056862517287775,32.02,27.49,30
BARC,2020-07-06,30.247724407718554,1.1906124835804333,32.74,27.49,30
BARC,2020-07-07,30.328988296607445,1.1113328669820766,32.74,27.49,30
BARC,2020-07-13,30.769068539932167,0.8191395568970969,32.75,28.77,30
BARC,2020-07-15,30.93349909548772,0.755226662687866,32.75,28.77,30
BARC,2020-07-20,31.30732771867613,0.553941637564561,33.2,29.39,30
BARC,2020-07-22,31.39579994089835,0.5546254518405184,33.2,29.94,30
BARC,2020-08-19,31.79460712174942,0.3277945898100844,33.92,30.77,30
BARC,2020-09-04,31.396204343971633,0.6326002448037386,33.92,29.83,30
BARC,2020-09-10,31.252998817966905,0.5517512864622286,33.49,29.83,30
BARC,2020-09-22,30.57560863384447,1.0701537971391615,33.49,27.11,30
BARC,2020-09-28,29.96985298768848,1.5046996536535202,33.49,26.77,30
BARC,2020-10-01,29.665346043244035,1.613950968725787,33.49,26.77,30
BARC,2020-10-27,27.107177281500586,0.7554290334153326,29.32,25.02,30
BARC,2020-10-28,27.07189950372281,0.7220820611200602,29.32,25.02,30
BARC,2021-02-10,15.50727777777778,1.0057452104387965,18.39,13.88,30
BARC,2021-02-11,15.60560839371981,1.1211626584023353,19.51,13.88,30
BARC,2021-04-14,22.256271135265717,0.7182616039409976,24.2,20.95,6
BARC,2021-06-30,29.460250270562774,0.6727612991006297,31.3,27.93,22
BARC,2021-07-08,29.239030753968255,0.7017459996201301,31.3,27.64,30
BARC,2021-07-13,29.122923611111105,0.5850743427975763,31.27,27.63,30
BARC,2021-07-15,29.16295138888888,0.6482043981803282,31.27,27.63,30
BARC,2021-07-21,29.517700502364058,1.1010622419421077,32.72,27.63,30
BARC,2021-07-29,30.160392730496444,1.197855924937471,32.72,27.63,30
BARC,2021-09-07,31.113525041621372,0.631923419353439,33.41,29.63,30
BARC,2021-09-09,31.0731284007945,0.6420791694323975,33.41,29.63,30
BARC,2021-09-14,30.812072233994737,0.6793642306474753,33.02,29.46,30
BARC,2021-09-21,30.5020016075172,0.6337227352354161,32.77,29.33,30
BARC,2021-09-27,30.155570234159676,0.5896167256004609,32.77,28.53,30
BARC,2021-11-02,26.82993860911546,1.5128512155965532,29.1,22.95,30
BARC,2022-02-14,14.98205402504012,1.060349789392446,17.76,13.07,20
BARC,2022-02-16,15.023249871248595,1.0174428034900178,17.76,13.07,22
BARC,2022-04-27,24.447336210219763,1.0706920461492118,27.55,22.24,28
BARC,2022-05-04,25.193402853997316,1.2001553557509999,28.78,22.36,30
BARC,2022-05-16,26.664679794392566,1.2229925404188575,29.47,24.25,30
BARC,2022-05-24,27.65294062265275,1.1998495843356862,31.06,24.41,30
BARC,2022-06-25,30.883038510101,0.896489395908301,33.09,28.78,30
BARC,2022-07-06,31.346156323877057,0.45364434416398364,33.09,29.79,30
BARC,2022-07-11,31.46544533096926,0.40995874879936844,33.27,30.45,30
BARC,2022-07-12,31.47950783096926,0.39800500056334104,33.27,30.45,30
BARC,2022-07-13,31.509639775413707,0.3712186148427663,33.27,30.45,30
BARC,2022-07-20,31.48165316889167,0.35500214747645664,33.48,30.5,30
BARC,2022-08-04,31.931106765911103,0.5580338985432596,34.34,30.77,30
BARC,2022-09-08,31.381522296102062,0.34519932079152843,33.59,30.27,30
BARC,2022-09-12,31.19974262438489,0.4386079208853831,33.59,29.75,30
BARC,2022-09-13,31.16636762438489,0.47834219288111973,33.59,29.75,30
BARC,2022-09-20,30.781016771632437,0.8000013645383638,33.59,28.93,30
BARC,2022-09-26,30.40782252847624,0.8789634826843259,33.59,28.71,30
BARC,2022-10-31,24.865564284145805,1.1980753043739687,27.77,22.48,30
BARC,2022-11-01,24.82541150636803,1.189800610828961,27.77,22.48,30
BARC,2023-02-07,17.048147364953888,1.4343250943585986,21.38,14.55,30
BARC,2023-02-08,17.10539643902796,1.4468940879694312,21.38,14.55,30
BARC,2023-05-09,25.016956159420285,0.6650828948943233,27.56,23.2,30
BARC,2023-05-15,25.709207932469933,0.9926631355781963,29.54,24.19,30
BARC,2023-05-17,25.889328647599957,1.1823133744483276,29.9,24.19,30
BARC,2023-05-22,26.58282586771975,1.532457577403282,30.82,24.5,30
BARC,2023-06-28,28.781704210035407,0.8325856901350571,31.63,26.56,30
BARC,2023-06-29,28.907898654479855,0.8819179644232644,31.74,26.79,30
BARC,2023-07-01,29.147690361404166,0.9915205949066487,32.1,27.21,30
BARC,2023-07-05,29.71292807719393,1.2601794761514804,33.47,27.43,30
BARC,2023-07-10,30.381964929411765,1.4292073276306243,33.5,27.98,30
BARC,2023-07-17,30.96803052941009,1.3752428039193874,33.5,27.98,30
BARC,2023-07-24,31.72196168883038,0.9111385942545964,34.19,28.27,30
BARC,2023-07-29,31.991934007413995,0.46624590334756677,34.19,30.44,30
BARC,2023-09-05,32.29110716103604,0.8985023748421497,35.63,30.22,30
BARC,2023-09-08,32.184582824545174,0.9532554219043845,35.63,30.22,30
BARC,2023-09-12,31.848588799997373,0.9479806043109826,35.63,30.13,30
BARC,2023-09-18,31.460143791984777,0.6623246204433785,33.7,30.13,30
BARC,2023-09-26,30.862458668899155,0.7701405250880677,33.18,28.89,30
BARC,2023-10-31,25.352688910528123,1.3146327994493305,28.14,23.55,29
BARC,2023-11-01,25.339147891288295,1.293895290128037,28.14,23.55,30
BARC,2024-02-07,16.019930171256743,1.531369373964674,20.67,13.13,30
BARC,2024-02-08,16.027756560145633,1.5295641974042364,20.67,13.13,30
BARC,2024-04-15,22.615620048309182,0.7155539113377317,25.63,20.98,30
BARC,2024-04-22,23.41235690333025,1.6320451631404518,28.31,20.98,30
BARC,2024-04-30,24.399229834772328,1.5725602026387366,28.31,21.75,30
BARC,2024-05-08,25.717904240173862,1.7294339721694614,29.7,22.09,30
BARC,2024-06-29,30.71410760441292,0.6986640420000314,32.6,28.79,30
BARC,2024-07-10,31.332559278959813,0.47929096342168764,33.45,29.95,30
BARC,2024-07-11,31.348246778959812,0.4787585511716581,33.45,29.95,30
BARC,2024-07-22,31.59011959219859,0.3619480815237218,33.45,30.27,30
BARC,2024-07-24,31.667280856203114,0.3263092253338107,33.55,30.45,30
BARC,2024-07-25,31.697815578425338,0.31433752566980755,33.55,30.54,30
BARC,2024-08-03,31.71024197116868,0.3140979755551123,33.55,30.39,30
BARC,2024-09-04,31.298464714393173,0.820490492230303,33.48,28.52,30
BARC,2024-09-09,31.482022174498425,0.41750800459049986,33.48,30.18,30
BARC,2024-09-10,31.469892081905833,0.4452337170772209,33.48,29.99,30
BARC,2024-09-11,31.430905970794722,0.5184688462540042,33.48,29.71,30
BARC,2024-09-16,31.0050175448688,0.9608565071434462,33.48,28.6,30
BARC,2024-10-30,26.04088644989395,2.3446780659707067,31.4,22.63,30
BARC,2024-10-31,25.867490616560616,2.270534715740127,31.4,22.63,30
CRAM,2017-09-12,17.8255706521739,0.23592002878825438,18.62,17.13,2
CRAM,2017-09-14,18.466375751618877,0.7882179662316008,20.21,17.13,4
CRAM,2017-09-18,19.520244463647277,1.2667846186823515,21.67,17.13,8
CRAM,2017-10-31,13.139969414893613,2.6042648956974874,17.24,7.51,30
CRAM,2017-11-03,12.149274970449168,2.9157905649342264,16.7,6.35,30
CRAM,2018-06-27,21.81022811310037,1.9548781498002046,26.26,18.17,30
CRAM,2018-07-02,22.015205079032157,2.174556376833948,26.92,18.17,30
CRAM,2018-07-09,23.363701531787484,1.9358719583377966,26.92,19.02,30
CRAM,2018-07-11,23.756701531787485,1.7630110290896854,26.92,19.64,30
CRAM,2018-07-16,24.448758602494557,1.3001108909792796,26.92,20.12,30
CRAM,2018-07-30,24.583671320380997,1.118915399476871,26.92,21.72,30
CRAM,2018-08-01,24.471405846493184,1.1098457504184747,26.87,21.72,30
CRAM,2018-09-10,22.78301492316785,1.853159411572248,27.31,19.53,30
CRAM,2018-09-11,22.608744089834516,1.8615658617844477,27.31,19.46,30
CRAM,2018-09-14,22.078095005910168,1.6181410865403336,25.73,19.46,30
CRAM,2018-09-17,21.766594562647754,1.2619558715644312,25.62,19.46,30
CRAM,2018-10-02,19.164130023640666,2.711813887499246,23.44,13.08,30
CRAM,2018-10-29,13.021980436991875,0.8298995790255552,14.49,11.64,8
CRAM,2018-10-30,12.8547931184669,0.7366414333803065,14.21,11.64,7
CRAM,2019-04-30,5.873698412698413,0.6990603124793664,7.04,5.09,3
CRAM,2019-05-08,7.256662998845586,2.083433438674842,12.71,5.09,11
CRAM,2019-05-15,8.425265372750589,2.426752155049392,13.64,5.09,18
CRAM,2019-06-21,18.083346807224597,3.2003499934722957,24.22,11.71,30
CRAM,2019-07-01,20.631720538466986,1.7980932645671313,25.67,16.58,30
CRAM,2019-07-09,22.06952934387167,2.1951656124131285,27.37,18.13,30
CRAM,2019-07-11,22.332897399427228,2.3414253653666646,27.37,18.13,30
CRAM,2019-07-15,23.032702223220202,2.209744003380232,27.37,18.13,30
CRAM,2019-07-24,24.467197767235746,1.5022749368529615,27.37,19.95,30
CRAM,2019-07-31,24.958681534806423,0.6587551000879481,27.37,23.01,30
CRAM,2019-09-10,20.58590357842262,2.3424891165765724,25.62,16.86,30
CRAM,2019-09-19,18.830441319968514,1.826370466088715,22.78,15.88,30
CRAM,2019-09-25,18.415420634389314,1.2403914825604982,21.01,15.88,30
CRAM,2019-10-28,11.411829934988184,2.857127248057962,17.17,7.35,30
CRAM,2019-10-29,11.099316046099293,2.7726830221111864,16.41,7.11,30
CRAM,2021-06-30,22.749173227996096,2.5448434580819814,28.79,15.17,30
CRAM,2021-07-08,23.843759724340057,1.7026664616746385,28.79,19.76,30
CRAM,2021-07-13,23.495241840107514,1.3698440292455545,26.77,19.76,30
CRAM,2021-07-15,23.515550859590448,1.3792524989314354,26.77,19.76,30
CRAM,2021-07-21,23.860584784858524,1.5626419351203986,27.71,19.76,30
CRAM,2021-07-29,24.653019097595326,0.8495802072120341,27.71,22.02,30
CRAM,2021-09-07,23.150921913748956,1.1477024026883822,25.89,19.91,30
CRAM,2021-09-09,22.907208529910573,1.3769131562838526,25.81,19.35,30
CRAM,2021-09-14,22.335779728132383,1.7748939388985212,25.81,19.18,30
CRAM,2021-09-21,21.16432239952718,1.866741384217463,25.48,18.25,30
CRAM,2021-09-27,20.052267139479902,1.6289507509302146,23.98,16.95,30
CRAM,2021-11-02,14.479965899496483,3.3833587783640775,19.49,8.44,30
CRAM,2022-05-04,4.8445,NA,5.78,4.31,1
CRAM,2022-05-16,12.021759877592277,4.392929974980373,20.17,4.31,13
CRAM,2022-05-24,13.709940370533058,4.098236507741774,20.17,4.31,21
CRAM,2022-06-25,19.621284388230563,2.563182764700296,26.58,14,30
CRAM,2022-07-06,21.5620861168622,1.6730868843256999,26.58,18.05,30
CRAM,2022-07-11,22.2762757046924,1.5074799150024607,26.58,18.88,30
CRAM,2022-07-12,22.419393760247956,1.431170940518569,26.58,18.88,30
CRAM,2022-07-13,22.531421538025736,1.3694282066087125,26.58,18.88,30
CRAM,2022-07-20,23.4930344551635,1.1166217483898433,27.3,20.66,30
CRAM,2022-08-04,23.8288181210813,0.8371275914317176,27.3,22.16,30
CRAM,2022-09-08,22.874327558774613,0.7202572746200648,25.3,21.2,30
CRAM,2022-09-12,22.567035892107945,0.7975976224267654,25.25,20.16,30
CRAM,2022-09-13,22.507060123786435,0.8924951883778991,25.25,19.72,30
CRAM,2022-09-20,21.88171245658871,1.308173664390125,25.25,19.19,30
CRAM,2022-09-26,20.87112935382191,1.621844550895199,24.72,16.5,30
CRAM,2022-10-31,11.249831719172922,2.6017779042385323,16.1,7.72,30
CRAM,2022-11-01,11.039991441395143,2.5315465223300806,16.1,7.72,30
CRAM,2023-05-15,15.502150786308967,0.3761815016950242,16.86,14.1,3
CRAM,2023-05-17,15.68416547178538,0.39990765624846114,17.7,14.1,5
CRAM,2023-05-22,15.39655271518875,0.6652505663779313,17.7,13.2,10
CRAM,2023-06-28,21.811891895692067,2.7167321987481405,27.64,10,30
CRAM,2023-06-29,21.823009951247624,2.71580836413166,27.64,10,30
CRAM,2023-07-01,21.872298592166526,2.725392300403155,27.64,10,30
CRAM,2023-07-05,21.983221445234676,2.8278427507884687,27.6,10,30
CRAM,2023-07-10,22.411379124456456,2.370566349503924,27.6,16.77,30
CRAM,2023-07-17,23.264182740430115,1.364322677749304,27.6,18.46,30
CRAM,2023-07-24,23.01466212483298,1.2707938374037397,27.6,20.47,30
CRAM,2023-07-29,23.219791261948817,1.2345243816195277,27.6,20.47,30
CRAM,2023-09-05,22.249278320269287,1.1988534183776105,26.31,19.95,30
CRAM,2023-09-08,21.997986653602617,0.9505856782758657,24.73,19.95,30
CRAM,2023-09-12,21.544045838143933,0.9627094335509386,24.63,18.98,30
CRAM,2023-09-18,20.712340016630932,1.710218348328822,24.63,16.88,30
CRAM,2023-09-26,19.758470753345907,1.7876420205036196,24.63,16.84,30
CRAM,2023-10-31,12.588808271194837,3.3109330221874185,19.97,7.41,30
CRAM,2023-11-01,12.211962558634449,3.2538245583062033,19.97,6.9,30
CRAM,2024-04-15,2.681066112633684,2.026523175161037,7.98,0.42,25
CRAM,2024-04-22,3.8134078563766662,2.739511951379144,10.32,0.42,30
CRAM,2024-04-30,5.802172361484314,2.8941630925802686,10.94,0.53,30
CRAM,2024-05-08,8.34311457131956,2.3532906703637493,15.16,3.97,30
CRAM,2024-06-29,20.297523824181845,1.3673085904049056,23.48,17.21,30
CRAM,2024-07-10,21.188515491791843,1.2907866341580274,25.15,17.82,30
CRAM,2024-07-11,21.3649028435705,1.3228666404079703,25.33,17.82,30
CRAM,2024-07-22,22.96063976240423,1.65195642953432,27.32,20.19,30
CRAM,2024-07-24,23.16632726240423,1.5772550879210625,27.32,20.19,30
CRAM,2024-07-25,23.21613976240423,1.5598268017855814,27.32,20.19,30
CRAM,2024-08-03,24.245182882751347,1.176552034718854,28.04,20.99,30
CRAM,2024-09-04,22.490721695874882,1.0276848300174628,27.67,19.96,30
CRAM,2024-09-09,21.965217854267316,1.291660267554175,27.67,18.78,30
CRAM,2024-09-10,21.982009983896948,1.2743940756118592,27.67,18.78,30
CRAM,2024-09-11,21.9536905394525,1.307463932767476,27.67,18.78,30
CRAM,2024-09-16,21.72374639694042,1.2753920789172437,27.67,18.78,30
CRAM,2024-10-30,13.707576388888894,2.5132249015519945,20.1,10.42,30
CRAM,2024-10-31,13.434270833333336,2.2840242576637606,19.21,10.42,30
LIRO,2017-10-31,13.064175438922778,0.9498479603350231,15.1,11.73,13
LIRO,2017-11-03,13.064175438922778,0.9498479603350231,15.1,11.73,13
LIRO,2018-07-11,26.38660416666665,0.0050970613810313115,27.8,25.44,2
LIRO,2018-07-16,26.012944099378885,0.9496113622772716,29.69,24.32,7
LIRO,2018-07-30,24.638177278370648,1.4631352303385685,29.69,21.82,21
LIRO,2018-08-01,24.593379961128097,1.4083453062257512,29.69,21.82,23
LIRO,2018-09-10,23.091371653720582,1.902297703501753,28.4,19.72,30
LIRO,2018-09-11,22.918372645784075,1.9012087860565154,28.4,19.64,30
LIRO,2018-09-14,22.390575009850266,1.652467323138706,27.14,19.64,30
LIRO,2018-09-17,22.059067988316706,1.1771801419239818,25.97,19.64,30
LIRO,2018-10-02,19.48318520659883,2.7671302124943282,23.95,13.29,30
LIRO,2018-10-29,9.575517139479905,2.765179044630924,14.73,6.21,30
LIRO,2018-10-30,9.316656028368794,2.654904049205921,14.34,6.21,30
LIRO,2019-04-30,6.57090909090909,NA,6.69,6.39,1
LIRO,2019-05-08,8.692329667836763,2.410897205874069,12.94,5.95,9
LIRO,2019-05-15,9.715484159655366,2.337548508347566,14.91,5.95,16
LIRO,2019-06-21,18.42306223732499,2.9313900439430864,23.86,12.56,30
LIRO,2019-07-01,20.99008381380575,1.9331755351296573,27.72,16.78,30
LIRO,2019-07-09,22.657911302687598,2.3737678152646216,28.29,18.13,30
LIRO,2019-07-11,22.964190343091637,2.5162358371186877,28.29,18.13,30
LIRO,2019-07-15,23.759815343091635,2.3160318866548835,28.29,18.13,30
LIRO,2019-07-24,25.211542706895173,1.5436257927423662,29.29,20.58,29
LIRO,2019-07-31,25.626599995972477,0.8810333330529536,29.29,23.05,29
LIRO,2019-09-10,20.91392716408269,2.3078496013963274,26.55,17,30
LIRO,2019-09-19,19.232246608527134,1.7426140562569186,23.42,16.2,30
LIRO,2019-09-25,18.900329941860466,1.2925941615935368,22.32,16.2,30
LIRO,2019-10-28,15.663047360248443,1.009991974932366,17.55,14.08,7
LIRO,2019-10-29,15.457270531400967,0.9318852288092889,16.95,14.08,6
LIRO,2020-06-22,22.494807680664533,0.6595680797238023,24.31,20.51,6
LIRO,2020-07-06,24.3583145879742,2.509148588731938,30.45,20.51,20
LIRO,2020-07-07,24.549168655213524,2.597299767631057,30.45,20.51,21
LIRO,2020-07-13,25.111840650243906,2.557903137839245,30.45,20.51,27
LIRO,2020-07-15,25.142271302391432,2.4736479637958375,30.45,20.51,29
LIRO,2020-07-20,25.61238519254245,2.1997085696997263,30.45,20.89,30
LIRO,2020-07-22,25.741537970320227,2.0676451488378804,30.45,20.89,30
LIRO,2020-08-19,24.03083362884161,0.8536163876028772,27.77,21.45,30
LIRO,2020-09-04,23.4410625,1.2694963611548482,26.62,19.26,30
LIRO,2020-09-10,22.461166666666674,2.4081320024822768,26.62,16.24,30
LIRO,2020-09-22,19.47394444444444,3.1891001988374064,26.62,15.4,30
LIRO,2020-09-28,18.078888888888887,2.0114829644507424,24.16,15.4,30
LIRO,2020-10-01,17.403312500000002,1.5056108774958012,22.11,14.76,30
LIRO,2020-10-27,13.048539394481201,1.8127283247018133,17.25,9.64,21
LIRO,2020-10-28,12.863820530871925,1.644589774202578,16.75,9.64,20
LIRO,2021-04-14,10.290305720145149,2.4161004812889635,13.61,5.52,10
LIRO,2021-04-20,9.777053054257385,2.020655861768743,13.61,5.52,16
LIRO,2021-04-27,9.394018791367456,1.7843005295130059,13.61,5.52,23
LIRO,2021-06-30,22.91155919568021,2.624430330636591,29.87,15.29,30
LIRO,2021-07-08,24.104085791424893,1.6789562578198478,29.87,20.08,30
LIRO,2021-07-13,23.755176069202676,1.3812818975446453,28.37,20.08,30
LIRO,2021-07-15,23.783974680313786,1.3941996856044607,28.37,20.08,30
LIRO,2021-07-21,24.11543454491727,1.5487690148683655,28.37,20.08,30
LIRO,2021-07-29,24.94912898936171,0.9175230220624213,28.37,22.2,30
LIRO,2021-09-07,23.440514292509942,1.24045358873209,27.53,20.05,30
LIRO,2021-09-09,23.422165611022557,1.274701746199166,27.53,20.05,28
LIRO,2021-09-14,23.406187120665138,1.4033012780194514,27.53,20.05,23
LIRO,2021-09-21,22.716838947566565,1.4373029411658111,26.11,19.4,17
LIRO,2021-09-27,20.631005614233228,2.1287737142127945,24.28,16.97,17
LIRO,2021-11-02,14.515305568987744,3.410264319349097,19.39,8.63,30
LIRO,2022-05-16,14.15021336860384,3.825215594234237,20.8,7.36,12
LIRO,2022-05-24,15.186016155220273,3.254095954708459,20.8,7.36,20
LIRO,2022-06-25,20.228659679355808,2.87591338671044,27.47,14.21,28
LIRO,2022-07-06,22.225943640008577,1.8553030830124106,27.47,18.4,30
LIRO,2022-07-11,23.043055933152782,1.6577304142653504,27.47,18.98,30
LIRO,2022-07-12,23.204465655375003,1.5500774694094988,27.47,18.98,30
LIRO,2022-07-13,23.33188926648611,1.4670720800349115,27.47,19.29,30
LIRO,2022-07-20,24.21298255844829,1.0037331291872258,28.42,21.28,30
LIRO,2022-08-04,24.383458037825065,0.7937495470415104,28.42,22.25,30
LIRO,2022-09-08,22.948713491879943,0.7458045329509806,27.4,21.24,30
LIRO,2022-09-12,22.61690370927125,0.8341073202096648,27.4,19.92,30
LIRO,2022-09-13,22.548299542604582,0.9587033917352993,27.4,19.35,30
LIRO,2022-09-20,21.925500192722783,1.4037667221633006,27.4,19,30
LIRO,2022-09-26,20.9114472967417,1.6866768850254341,24.59,16.43,30
LIRO,2022-10-31,11.391260866139032,2.6072281821467658,16.7,7.83,30
LIRO,2022-11-01,11.184273366139031,2.5530319442070972,16.66,7.83,30
LIRO,2023-05-15,16.123609311141468,0.6039630142591016,18.01,12.57,6
LIRO,2023-05-17,16.238514275022762,0.5540339702352249,18.09,12.57,8
LIRO,2023-05-22,15.994467117962722,0.7020190701020737,18.22,12.57,13
LIRO,2023-06-28,22.219126393973507,2.379525137960767,27.73,16.7,30
LIRO,2023-06-29,22.268050005084618,2.361931947348174,27.73,16.7,30
LIRO,2023-07-01,22.397012623287925,2.3714998275790764,27.73,16.7,30
LIRO,2023-07-05,22.538216517124855,2.509938662044918,27.73,16.7,30
LIRO,2023-07-10,22.604246106496834,2.5280997053116985,27.73,16.7,30
LIRO,2023-07-17,23.620573530167533,1.3729081804615355,27.73,18.3,30
LIRO,2023-07-24,23.44552319739952,1.166640797333076,27.48,20.63,30
LIRO,2023-07-29,23.71956486406619,1.1341187501027483,27.48,20.96,30
LIRO,2023-09-05,22.669625443262415,1.0995593410119011,26.34,20.43,30
LIRO,2023-09-08,22.410611554373524,0.8570907703783307,24.88,20.24,30
LIRO,2023-09-12,21.969472665484634,1.0007168332025411,24.68,19.1,30
LIRO,2023-09-18,21.10329905437352,1.8704094064648469,24.68,17.02,30
LIRO,2023-09-26,20.043894208037816,1.968289323562976,24.68,16.85,30
LIRO,2023-10-31,12.807592018706963,3.2806079637502883,20.18,7.87,30
LIRO,2023-11-01,12.438047249203416,3.2267396010267806,20.18,7.1,30
LIRO,2024-04-15,3.289145877323756,2.7001061043238788,11.17,0.02,30
LIRO,2024-04-22,4.6653613427892235,3.6111406905331784,11.17,0.02,30
LIRO,2024-04-30,7.167450103379799,2.976433936018667,11.38,0.14,30
LIRO,2024-05-08,9.62717628995786,2.128899386790089,15.71,5.08,30
LIRO,2024-06-29,20.7054793144208,1.5264381395859539,24.77,17.26,30
LIRO,2024-07-10,21.63683291576729,1.4065348619971725,25.84,17.75,30
LIRO,2024-07-11,21.81722874910062,1.3931690500329665,25.84,17.75,30
LIRO,2024-07-22,23.297461166358307,1.5356681223648327,27.64,20.41,30
LIRO,2024-07-24,23.49082227746942,1.4584396917563967,27.64,20.41,30
LIRO,2024-07-25,23.53137088858053,1.4419175436309075,27.64,20.41,30
LIRO,2024-08-03,24.559315628533252,1.1729779894206063,29.6,21.39,30
LIRO,2024-09-04,22.86077728997498,1.0758427421279113,28.97,20.65,30
LIRO,2024-09-09,22.324085054066064,1.322479869564398,28.97,19.14,30
LIRO,2024-09-10,22.32577440591792,1.3209954132415596,28.97,19.14,30
LIRO,2024-09-11,22.28944801702903,1.3591106364468275,28.97,19.14,30
LIRO,2024-09-16,22.088210999692546,1.3560122962851067,28.97,19.14,30
LIRO,2024-10-30,13.574728156211634,2.546913275244157,20.04,10.27,30
LIRO,2024-10-31,13.31531843398941,2.300504501077666,19.18,10.27,30
PRLA,2017-10-31,8.645270206651993,2.737317144781078,13.56,2.66,29
PRLA,2017-11-03,8.157727564102563,2.446378613527858,12.12,2.66,26
PRLA,2018-06-27,21.034866647553745,1.568891404345093,25.02,16.28,27
PRLA,2018-07-02,21.449530132478124,1.8606289311820434,26.22,16.28,30
PRLA,2018-07-09,22.541555684966106,1.4315918757263033,26.22,19.56,30
PRLA,2018-07-11,22.71738459910752,1.5471052192976547,26.22,19.56,30
PRLA,2018-07-16,23.404335310489635,1.501117258903769,26.27,19.56,30
PRLA,2018-07-30,23.51287839970474,1.2711269530503548,26.27,20.46,30
PRLA,2018-08-01,23.411968114419455,1.3244004781531016,26.27,20.46,30
PRLA,2018-09-10,20.176662330134395,2.2105096195107237,25.96,16.5,29
PRLA,2018-09-11,19.918477672463233,2.0725848738457358,25.5,16.5,29
PRLA,2018-09-14,19.31677661474741,1.6833693331877828,23.74,16.5,29
PRLA,2018-09-17,18.835864765703647,1.4506447335519521,23.15,16.42,29
PRLA,2018-10-02,14.631305546884624,3.904439046618447,19.75,7.22,29
PRLA,2018-10-29,5.023394607843137,2.4208846101818784,8.78,1.07,17
PRLA,2018-10-30,4.812486979166667,2.333406739257973,8.78,1.07,16
PRLA,2019-05-08,9.52906274920256,0.43831182368828275,11.64,8.55,4
PRLA,2019-05-15,10.406769502833834,1.4994405336075256,15.08,8.55,11
PRLA,2019-06-21,17.805420933463854,3.370441230466115,25.1,10.22,30
PRLA,2019-07-01,19.9973334593899,1.6662065393355048,25.1,17.01,30
PRLA,2019-07-09,21.039553700711362,2.458227920705095,26.32,17.01,30
PRLA,2019-07-11,21.326817885108525,2.45646132816769,26.32,17.01,30
PRLA,2019-07-15,22.081360017424593,2.733042467319464,27.63,17.01,30
PRLA,2019-07-24,24.07860629923502,1.7411942217124448,28.13,18.39,30
PRLA,2019-07-31,24.6693432219232,0.9694831463172484,28.13,22.27,30
PRLA,2019-09-10,19.300678323897582,1.496704726925249,23.2,15.87,30
PRLA,2019-09-19,18.201614118313667,1.9119317219812888,22.17,13.76,30
PRLA,2019-09-25,17.853390990294344,1.539302067573884,20.83,13.76,30
PRLA,2019-10-28,6.217908333333331,3.737318473504207,13.81,0.29,25
PRLA,2019-10-29,5.921909722222219,3.5055984930299298,12.43,0.29,24
PRLA,2020-06-08,20.31926771371745,0.8713814032594616,22.17,18.39,4
PRLA,2020-06-15,19.857555683776045,0.8160971901203374,22.17,18.37,11
PRLA,2020-06-16,19.898344483177684,0.7908429386591749,22.17,18.37,12
PRLA,2020-06-22,20.2365662634012,0.8248548478792633,22.17,18.37,18
PRLA,2020-07-06,20.1387561459767,0.8220954666830493,21.97,18.37,16
PRLA,2020-07-07,20.197770444597367,0.8151147754022523,21.97,18.37,15
PRLA,2020-07-13,20.467647802187233,0.7943962631696171,21.97,18.37,9
PRLA,2020-07-15,20.83215431709787,0.3748760866109636,21.97,19.22,7
PRLA,2020-07-20,20.8391336382114,0.2995897892383706,21.64,20.04,2
PRLA,2021-06-30,21.71440041371158,1.0520662206591413,26.19,19.11,15
PRLA,2021-07-08,22.681936167247795,1.8161597188051637,28.64,19.11,23
PRLA,2021-07-13,22.695957982620218,1.6687905197080914,28.64,19.11,28
PRLA,2021-07-15,22.776178839334428,1.6406028164105981,28.64,19.11,30
PRLA,2021-07-21,23.12761633933443,1.632681900845147,28.64,19.11,30
PRLA,2021-07-29,24.199421087396445,1.2842389882994354,28.64,21.1,30
PRLA,2021-09-07,20.609208628841603,1.7328653393571198,26.61,17.76,30
PRLA,2021-09-09,20.25975694444444,1.6232324660685111,26.61,17.57,30
PRLA,2021-09-14,19.784965277777765,1.793835856145568,26.61,15.92,30
PRLA,2021-09-21,18.332039745862875,1.3551876048343816,21.61,14.54,30
PRLA,2021-09-27,17.406234190307323,1.888444753101501,20.98,13.13,30
PRLA,2021-11-02,14.8668058872485,4.3057561964130375,18.39,5.12,7
PRLA,2022-05-24,11.59408088235295,0.5344348566186891,12.94,10.51,4
PRLA,2022-06-25,20.23882578273794,2.516525263458549,27.61,14.55,24
PRLA,2022-07-06,21.395298374454537,1.8922748851519129,27.61,16.22,30
PRLA,2022-07-11,22.352973281650737,1.840322710082722,28.94,18.59,30
PRLA,2022-07-12,22.436849544276996,1.8453972891979786,28.94,18.59,30
PRLA,2022-07-13,22.502293988721444,1.8451607648048174,28.94,18.59,30
PRLA,2022-07-20,23.513432552435095,2.0423485248917532,29.29,18.91,29
PRLA,2022-08-04,24.021171598141883,1.4135039119682715,29.29,21.2,29
PRLA,2022-09-08,21.6408494765282,1.1075324687799437,28.03,19,30
PRLA,2022-09-12,21.270668920972643,1.4834824374432014,28.03,17.37,30
PRLA,2022-09-13,21.149120309861534,1.6054821462751152,28.03,17.35,30
PRLA,2022-09-20,19.710722222222227,2.253176440069222,23.86,15.17,30
PRLA,2022-09-26,18.225611111111114,2.414535190090924,22.37,13.36,30
PRLA,2022-10-31,8.573401300236407,3.484445090243493,16.62,4.05,30
PRLA,2022-11-01,8.331970744680852,3.378050790266089,16.62,4.05,30
PRLA,2023-05-15,15.48450473801562,1.326072958156742,17.76,13.3,5
PRLA,2023-05-17,16.211985785953186,1.6506709000040325,18.82,13.3,7
PRLA,2023-05-22,16.306123652917133,1.3907748621179137,18.82,13.3,12
PRLA,2023-06-28,22.935143981068727,1.8129160044476327,27.81,18.11,30
PRLA,2023-06-29,22.94507792809715,1.8017022472322852,27.81,18.11,30
PRLA,2023-07-01,23.002046033059816,1.779454778849888,27.81,18.11,30
PRLA,2023-07-05,23.046721285585072,1.818287812903989,27.81,18.11,30
PRLA,2023-07-10,22.410439838871557,1.3966775107907492,26.35,18.11,30
PRLA,2023-07-17,21.99477756438781,1.4626507362384518,26.35,18.11,30
PRLA,2023-07-24,21.744117148943168,1.3699699257105258,26.35,18.11,30
PRLA,2023-07-29,22.500015708298264,1.454626430495165,26.35,19.99,30
PRLA,2023-09-05,21.473868073356336,1.1163404153934608,24.32,18.92,30
PRLA,2023-09-08,21.187567899161984,1.047518254045893,24.32,18.92,30
PRLA,2023-09-12,20.762530459548458,1.2743277253995746,24.32,17.73,30
PRLA,2023-09-18,20.019105597574683,1.874896586657068,24.32,16.43,30
PRLA,2023-09-26,19.169222522639277,2.228558557849272,24.32,16.35,30
PRLA,2023-10-31,11.477519392730496,2.9860581170353857,18.42,8.79,24
PRLA,2023-11-01,11.197309782608697,2.7114141887704997,18.31,8.79,23
PRLA,2024-04-30,8.13410256410256,NA,8.29,7.89,1
PRLA,2024-05-08,9.39603454415954,1.27306958614328,11.75,7.7,9
PRLA,2024-06-29,18.921920462947238,1.9105999812666323,26.47,15.49,30
PRLA,2024-07-10,20.40420438195497,1.4215840769670547,26.47,17.42,30
PRLA,2024-07-11,20.650343184844548,1.6290338053188158,29.32,17.42,30
PRLA,2024-07-22,22.642326909796406,2.3601277774633282,29.32,18.68,30
PRLA,2024-07-24,23.014268434333935,2.438226020097461,29.32,19.11,30
PRLA,2024-07-25,23.09993122503161,2.4437789262298524,29.32,19.11,30
PRLA,2024-08-03,24.642057998081263,1.6829754232829286,29.32,19.85,30
PRLA,2024-09-04,21.15661780212727,1.2930498830945747,25.49,18.28,30
PRLA,2024-09-09,20.951839658852418,1.3422178539567347,25.49,18.18,30
PRLA,2024-09-10,20.930134896947653,1.3580072235146814,25.49,18.18,30
PRLA,2024-09-11,20.904431385444454,1.3656060712301341,25.49,18.18,30
PRLA,2024-09-16,20.74453170595727,1.4600835761018671,25.49,18.18,30
PRLA,2024-10-30,10.952911052716415,2.091090880669367,17.04,7.95,30
PRLA,2024-10-31,10.685723552716414,1.9403183236452892,14.97,7.49,30
PRPO,2018-06-27,21.368487916959186,1.7841312843981054,26.69,15.27,29
PRPO,2018-07-02,21.745116802892497,2.0965150615352157,27.77,15.27,30
PRPO,2018-07-09,22.87598800272402,1.6864401708225092,27.77,18.75,30
PRPO,2018-07-11,23.040468558279574,1.8102180016822016,27.77,18.75,30
PRPO,2018-07-16,23.687741721581993,1.6792760724002054,27.77,18.75,30
PRPO,2018-07-30,23.649141806206025,1.3923896434650935,26.77,19.89,30
PRPO,2018-08-01,23.545680779269997,1.4405811175988268,26.77,19.89,30
PRPO,2018-09-10,20.19914673403536,2.3615141274721174,26.5,15.8,30
PRPO,2018-09-11,19.96786534626461,2.1515747944699464,26.11,15.8,30
PRPO,2018-09-14,19.423316735153495,1.727833418768723,24.25,15.8,30
PRPO,2018-09-17,18.93010079283558,1.4343437612194614,23.7,15.8,30
PRPO,2018-10-02,14.662180956949745,4.289647003072055,21.2,6.61,30
PRPO,2018-10-29,6.681145833333334,1.563496023809545,9.24,4.22,8
PRPO,2018-10-30,6.519077380952382,1.6145552768939713,9.24,4.22,7
PRPO,2019-06-21,19.474548813975055,1.6958711576108658,25.74,16.64,23
PRPO,2019-07-01,20.039695545763696,1.9572910498232265,25.74,16.41,30
PRPO,2019-07-09,20.970588466313632,2.6167832584475064,27.01,16.41,30
PRPO,2019-07-11,21.29078291075808,2.5382424022758543,27.01,16.41,30
PRPO,2019-07-15,22.12573309178226,2.8185753733591303,28.31,16.41,30
PRPO,2019-07-24,24.119262961387268,1.7305239485551691,28.7,18.4,30
PRPO,2019-07-31,24.556686784115563,1.1701723958574597,28.7,21.72,30
PRPO,2019-09-10,19.021452747000527,1.691793073189177,22.55,15.19,30
PRPO,2019-09-19,17.992275921924076,2.0953543813503983,22.45,13.03,30
PRPO,2019-09-25,17.60082408977278,1.7242436007923871,21.84,13.03,30
PRPO,2019-10-28,6.122326005007561,3.4281357818852363,12.81,-0.12,23
PRPO,2019-10-29,5.842081353720027,3.2279049226559327,11.41,-0.12,22
PRPO,2020-06-08,20.133311984368227,0.6285073595604468,21.77,18.05,7
PRPO,2020-06-15,19.77800984223477,0.7935109121113199,21.92,18.05,14
PRPO,2020-06-16,19.818100852752455,0.7802520240933909,21.92,18.05,15
PRPO,2020-06-22,20.133038738853543,0.8520466694808265,22.23,18.05,21
PRPO,2020-07-06,21.842941484144564,2.3999275610866837,28.36,18.05,30
PRPO,2020-07-07,22.065123428589008,2.4408155240048743,28.36,18.05,30
PRPO,2020-07-13,23.010066494261057,2.2016780352321983,28.36,18.37,30
PRPO,2020-07-15,23.266747049816612,1.9391589244466696,28.36,19.32,30
PRPO,2020-07-20,23.65760785899536,1.6189425681234915,28.36,19.53,30
PRPO,2020-07-22,23.79289590247362,1.4389001099723537,28.36,19.53,30
PRPO,2020-08-19,23.76246415173147,1.1542356411049948,29.2,21.38,30
PRPO,2020-09-04,22.531623627789106,2.2722463096554852,26.44,15.89,30
PRPO,2020-09-10,20.926479262413093,3.572094381609696,26.44,12.56,30
PRPO,2020-09-22,17.35245823987025,3.5913405974809938,24.91,12.26,30
PRPO,2020-09-28,15.919492333329263,2.062956610923591,23.34,12.26,27
PRPO,2020-10-01,15.369012208328755,1.3004427413222204,18.31,12.26,24
PRPO,2020-10-27,6.355614724150532,4.189540289366444,11.76,0.43,17
PRPO,2020-10-28,6.355614724150532,4.189540289366444,11.76,0.43,17
PRPO,2021-06-30,21.213244069087718,2.154502696340369,24.38,13.54,25
PRPO,2021-07-08,22.405944909479988,1.5447333586538914,27.83,18.48,30
PRPO,2021-07-13,22.541319590181388,1.518166612068638,27.83,18.48,30
PRPO,2021-07-15,22.640875201856186,1.534759885253417,27.83,18.48,30
PRPO,2021-07-21,22.9867577422473,1.6151832752375976,27.83,18.48,30
PRPO,2021-07-29,24.14607342337468,1.309833310457315,28.83,20.95,30
PRPO,2021-09-07,20.52676933967332,1.8666349732189598,26.79,17.51,30
PRPO,2021-09-09,20.143546444050425,1.6918861371528824,26.79,17.08,30
PRPO,2021-09-14,19.732719873573842,1.8346492456941847,26.79,15.74,30
PRPO,2021-09-21,18.290102960650287,1.3339043119357505,21.92,14.55,30
PRPO,2021-09-27,17.38589092361325,1.952305215462686,21.02,12.12,30
PRPO,2021-11-02,9.796498397435903,4.580555459334494,19.05,4.5,26
PRPO,2022-05-04,4.387373949579835,1.0411404593747955,6.22,3.5,2
PRPO,2022-05-16,11.349788436407044,3.601780493724915,16.31,3.5,14
PRPO,2022-05-24,11.898247371793909,3.0920257595335894,16.57,3.5,22
PRPO,2022-06-25,19.81123405508991,2.869080824218871,28.44,14.04,30
PRPO,2022-07-06,21.623989637626657,2.0655763136671106,28.44,16.59,30
PRPO,2022-07-11,22.653685165601445,2.036048573545123,29.3,18.21,30
PRPO,2022-07-12,22.747074054490334,2.0393098632193145,29.3,18.21,30
PRPO,2022-07-13,22.767885516139426,2.0721619584229667,29.3,18.21,29
PRPO,2022-07-20,23.806144248884344,2.2246055981034916,29.3,18.23,29
PRPO,2022-08-04,24.19218306933549,1.5713679443973658,29.3,20.56,29
PRPO,2022-09-08,21.749091343014747,1.2732970570342943,25.74,18.47,30
PRPO,2022-09-12,21.351997775763287,1.7085091616931847,25.74,16.73,30
PRPO,2022-09-13,21.227261664652172,1.8253294321761355,25.74,16.73,30
PRPO,2022-09-20,19.69639670208322,2.4224399887029557,24.68,14.85,30
PRPO,2022-09-26,18.103049479861003,2.532857868768195,22.67,13.1,30
PRPO,2022-10-31,8.769473865027058,3.5888752625998106,16.36,3.15,26
PRPO,2022-11-01,8.476420980411671,3.466768462087966,16.36,3.15,26
PRPO,2023-05-15,16.1768567251462,2.2493743666394854,19.07,12.02,6
PRPO,2023-05-17,16.770463909107875,2.1976564773101672,19.72,12.02,8
PRPO,2023-05-22,16.547373693230263,1.9180461932311583,19.72,12.02,13
PRPO,2023-06-28,23.374825462070085,2.307108198710724,29.52,17.31,30
PRPO,2023-06-29,23.412450462070087,2.2828895763341306,29.52,17.31,30
PRPO,2023-07-01,23.506986548176652,2.262752683190757,29.52,17.31,30
PRPO,2023-07-05,23.578829828957435,2.301959513116732,29.52,17.31,30
PRPO,2023-07-10,22.691882604201904,1.7181485095328648,28.13,17.31,30
PRPO,2023-07-17,22.108749186498816,1.8957159863075,28.13,17.31,30
PRPO,2023-07-24,21.868460222233907,1.8525763367355004,28.13,17.31,30
PRPO,2023-07-29,22.72526434681303,2.0422136195526632,28.84,19.25,30
PRPO,2023-09-05,21.47305870166468,1.2232295118962033,25.43,18.44,30
PRPO,2023-09-08,21.193106386849866,1.1558859934675791,25.43,18.44,30
PRPO,2023-09-12,20.837714846445827,1.383546126529309,25.43,17.26,30
PRPO,2023-09-18,20.14187237462618,2.0162097532520167,25.43,16.2,30
PRPO,2023-09-26,19.284944745069748,2.30970360011131,25.32,16.2,30
PRPO,2023-10-31,10.937083333333337,3.2561586903384545,19.04,5.28,26
PRPO,2023-11-01,10.639550000000003,2.9405376529909213,18.72,5.28,25
PRPO,2024-04-30,9.40836450945626,1.1271262952751653,11.35,7.6,6
PRPO,2024-05-08,9.51303290053301,1.2667147780568762,11.98,7.36,14
PRPO,2024-06-29,18.87701122700503,2.06749760535528,25.95,14.48,30
PRPO,2024-07-10,20.290522914427974,1.4896878566780762,25.95,16.87,30
PRPO,2024-07-11,20.562283573342704,1.7445894649426636,28.8,16.87,30
PRPO,2024-07-22,22.71488267782415,2.616556493115335,29.16,18.61,30
PRPO,2024-07-24,23.05618730745378,2.713560508247717,29.16,18.61,30
PRPO,2024-07-25,23.14770976608262,2.738170740826709,29.16,18.61,30
PRPO,2024-08-03,24.82293108250774,1.8846452225064632,29.16,19.37,30
PRPO,2024-09-04,21.161683291245794,1.407451263512454,24.71,17.74,30
PRPO,2024-09-09,21.039127377377376,1.403293019691178,24.71,17.75,30
PRPO,2024-09-10,21.056251370936153,1.3877821243475565,24.71,17.95,30
PRPO,2024-09-11,21.039431926491705,1.395935390467466,24.71,17.95,30
PRPO,2024-09-16,20.892963931322626,1.4984555707968552,24.71,17.95,30
PRPO,2024-10-30,10.869560467633146,2.069389373331347,17.22,7.75,30
PRPO,2024-10-31,10.59906741207759,1.9120534974154924,15.29,7.15,30
SUGG,2017-09-06,29.864218042808684,0.7544307562154003,35.51,27.76,18
SUGG,2017-09-07,29.797866654590685,0.7881580255540771,35.51,27.49,19
SUGG,2017-09-12,29.187907249484613,1.5500183284745543,35.51,24.19,24
SUGG,2017-09-14,28.992383645451216,1.6839504290059255,35.51,24.19,26
SUGG,2017-09-18,28.868844656918807,1.6356399604026648,35.51,24.19,29
SUGG,2017-10-31,25.677377800334334,2.2530095701174364,32.45,19.36,30
SUGG,2017-11-03,25.151238180451294,2.733433281488002,32.45,19.17,30
SUGG,2018-02-12,14.589928913011393,2.5137151564485527,21.36,9.82,30
SUGG,2018-02-14,15.102443196433597,2.926864740061914,23.39,9.82,30
SUGG,2018-05-09,23.87342083322463,1.9912540842756432,31.48,19.96,30
SUGG,2018-05-10,23.94892280553018,1.982316604839468,31.48,19.96,29
SUGG,2018-05-14,24.301612849574028,1.8872918742045184,31.48,19.97,25
SUGG,2018-05-17,24.565376636772655,1.7874240810860875,31.48,19.97,22
SUGG,2018-06-27,30.13244205128206,0.7708346223785415,34.99,28.68,5
SUGG,2018-07-02,30.13244205128206,0.7708346223785415,34.99,28.68,5
SUGG,2018-07-09,30.13244205128206,0.7708346223785415,34.99,28.68,5
SUGG,2018-07-11,30.48344129273505,1.102066974847456,35.32,28.68,6
SUGG,2018-07-16,31.026987188529866,1.0854848147148797,35.63,28.68,11
SUGG,2018-07-30,30.08226537685761,1.537631203038582,35.63,26.51,20
SUGG,2018-08-01,29.983598149151735,1.497497242854224,35.63,26.51,22
SUGG,2018-09-10,29.80378054913497,0.8766749021112894,35.36,27.24,30
SUGG,2018-09-11,29.730519679569753,0.7848309279323641,35.36,27.24,30
SUGG,2018-09-14,29.707627377884457,0.7773125705085774,35.36,27.24,30
SUGG,2018-09-17,29.827903544093843,0.9230428437483096,35.36,27.24,30
SUGG,2018-10-02,30.05858534212573,0.993541345247655,35.35,27.76,30
SUGG,2018-10-29,27.10509076860523,2.121468943146165,34.03,21.76,30
SUGG,2018-10-30,26.875472713049675,2.1928567606938842,34.03,21.73,30
SUGG,2019-02-14,15.820243874672668,2.332837229940714,23.91,11.68,22
SUGG,2019-02-15,15.912061588036957,2.321349035367099,23.91,11.68,23
SUGG,2019-04-24,23.654729880450088,2.0680756250314545,29.77,19.61,30
SUGG,2019-04-30,24.621049114940668,1.8501552335993563,31.93,19.82,30
SUGG,2019-05-08,26.009686488962558,1.43064185357377,33.1,22.11,30
SUGG,2019-05-15,26.59895878238551,1.7407911854807692,33.1,22.11,30
SUGG,2019-06-21,29.87763302395785,1.3178923898093646,35.92,27.25,30
SUGG,2019-07-01,30.37490310127205,1.6336957513191304,35.86,27.25,30
SUGG,2019-07-09,30.38620101627056,1.7112235908997693,35.86,27.25,27
SUGG,2019-07-11,30.599504763087065,1.6135933377534273,35.86,27.25,27
SUGG,2019-07-15,31.08746982227063,1.4001849680583764,35.86,27.69,27
SUGG,2019-07-24,31.555969495781707,0.8304523064101116,35.86,28.98,27
SUGG,2019-07-31,30.910877518707423,1.146326013517822,35.82,27.86,27
SUGG,2019-09-10,30.390685783779684,1.3071136876864022,35.6,27.35,30
SUGG,2019-09-19,30.15380593265215,0.9385127812867402,35.6,27.74,30
SUGG,2019-09-25,29.656480043981258,1.2121541995128915,35.6,26.89,30
SUGG,2019-10-28,26.643923693202513,1.3381832576564485,30.89,23.97,30
SUGG,2019-10-29,26.609120238487293,1.3053539149761675,30.89,23.97,30
SUGG,2020-02-10,16.43483323627669,1.976044519675469,20.84,13.57,30
SUGG,2020-02-11,16.410284685552053,1.9603197172484317,20.84,13.57,30
SUGG,2020-06-08,26.817750869308732,1.2988568910032745,29.48,23.43,30
SUGG,2020-06-15,27.39793520770712,0.6334220520112317,29.48,25.22,30
SUGG,2020-06-16,27.46743661062519,0.6007530494203375,29.48,25.91,30
SUGG,2020-06-22,27.671265481671625,0.5357318397633608,29.48,26.36,30
SUGG,2020-07-06,28.471555896014323,1.1632765576772486,31.75,26.36,30
SUGG,2020-07-07,28.527150098912873,1.1301534862399827,31.75,26.36,30
SUGG,2020-07-13,28.94192698966866,0.805016359170543,31.75,26.97,27
SUGG,2020-07-15,29.014393122234612,0.7893166222130412,31.75,27.2,25
SUGG,2020-07-20,29.280725222644566,0.6384526073240284,31.75,27.92,20
SUGG,2020-07-22,29.39805289710704,0.55659651966308,31.75,27.92,18
SUGG,2020-09-10,29.491285520712374,0.3374415383185565,30.32,28.93,4
SUGG,2020-09-22,28.752794471876587,1.0803541833559829,30.32,25.48,16
SUGG,2020-09-28,28.021965425371437,1.534653870210274,30.32,25.24,22
SUGG,2020-10-01,27.83999166936727,1.5302195981507707,30.32,25.24,25
SUGG,2020-10-27,25.63879190089782,0.980379461496973,28.09,23.47,30
SUGG,2020-10-28,25.63647340342307,0.9782932799040035,28.09,23.47,30
SUGG,2021-04-14,21.486246811057228,0.93896367210521825,24.1,19.8,7
SUGG,2021-04-20,22.239573002157915,1.1277707876054872,24.98,19.8,13
SUGG,2021-04-27,22.93672968824475,1.4315809739047372,26.65,19.8,20
SUGG,2021-06-30,28.963751927473822,1.079808350933911,33.55,26.48,30
SUGG,2021-07-08,28.749740325707847,1.1157836029951,33.55,26.44,30
SUGG,2021-07-13,28.61265161886782,0.9647805944161703,32.21,26.44,30
SUGG,2021-07-15,28.667346155775743,1.011585292900595,32.21,26.44,30
SUGG,2021-07-21,28.970145531988877,1.2892650516683113,34.21,26.44,30
SUGG,2021-07-29,29.72197280891115,1.246917544326508,34.21,26.44,30
SUGG,2021-09-07,30.203564862003315,1.042132124897688,34.83,28.06,30
SUGG,2021-09-09,30.10718038776884,1.0262273006038611,34.83,28.06,30
SUGG,2021-09-14,29.858441248418274,1.0981633267419886,34.83,27.84,30
SUGG,2021-09-21,29.437504623432105,0.914297782003274,34.83,27.58,30
SUGG,2021-09-27,29.06729630147661,0.9347046416300706,34.83,26.68,30
SUGG,2021-11-02,25.82377006887454,1.8062986310829485,29.82,20.72,30
SUGG,2022-02-14,14.521504760770256,1.5396414892004258,19.44,11.34,30
SUGG,2022-02-16,14.447100521004174,1.487831399293689,19.44,11.34,30
SUGG,2022-04-27,24.306645226528527,1.527068549865167,30.78,20.6,30
SUGG,2022-05-04,25.10120897717639,1.535016565644394,31.09,21.17,30
SUGG,2022-05-16,26.501006145556136,1.604604076735306,34.02,23.25,30
SUGG,2022-05-24,27.599789179070115,1.6929961864987,34.02,23.8,30
SUGG,2022-06-25,30.66469837806139,1.1332769311554751,35.87,27.37,30
SUGG,2022-07-06,31.01991225244036,0.7950376766697919,35.87,28.18,30
SUGG,2022-07-11,31.104163683472724,0.7724700856811988,35.87,29.12,30
SUGG,2022-07-12,31.11702036195972,0.7636417164151669,35.87,29.12,30
SUGG,2022-07-13,31.1735481397375,0.7296649811519078,35.87,29.12,30
SUGG,2022-07-20,31.056892779423606,0.7438209632895821,35.9,29.12,30
SUGG,2022-08-04,31.65586228307793,0.8494205848429195,35.9,29.29,30
SUGG,2022-09-08,30.874974630023694,0.7026587837406962,35.84,28.81,30
SUGG,2022-09-12,30.60367115926964,0.8840779233610412,35.84,27.91,30
SUGG,2022-09-13,30.581811230191626,0.90388782348397,35.84,27.91,30
SUGG,2022-09-20,30.057307102068023,1.1510442356046973,35.84,27.32,30
SUGG,2022-09-26,29.727219255892066,1.2092954857430824,35.84,27.25,30
SUGG,2022-10-31,24.178327626878765,1.741716326788743,29.2,19.88,30
SUGG,2022-11-01,24.185007843680932,1.746452065637661,29.2,19.88,30
SUGG,2023-02-07,16.83100178467215,2.054175796715034,24.89,12.63,30
SUGG,2023-02-08,16.877114292731466,2.063168302245291,24.89,10.56,30
SUGG,2023-05-09,24.736660825833745,1.3089979867941122,30.79,21.46,30
SUGG,2023-05-15,25.750797384532806,1.4012897797340114,31.73,23.02,30
SUGG,2023-05-17,25.917123027567143,1.6300384917952302,34.53,23.02,30
SUGG,2023-05-22,26.761058356473818,1.8924928977043958,34.53,23.43,30
SUGG,2023-06-28,28.826703147064787,1.2640856834279575,33.73,25.47,30
SUGG,2023-06-29,28.980283256671495,1.37510694274799,34.37,26.15,30
SUGG,2023-07-01,29.253812489475727,1.513064914263063,34.4,26.34,30
SUGG,2023-07-05,29.877323446169278,1.6476588451150285,35.77,26.35,30
SUGG,2023-07-10,30.46607551760166,1.7531773977111749,35.86,26.52,30
SUGG,2023-07-17,30.95320216788368,1.6568342338101094,35.86,26.52,30
SUGG,2023-07-24,31.71899870455575,1.0769399353062492,35.86,27.38,30
SUGG,2023-07-29,31.714628789278134,0.9938538163636194,35.86,29.21,30
SUGG,2023-09-05,31.651101482977705,1.3721392939046388,35.69,28.49,30
SUGG,2023-09-08,31.514500848170183,1.3217335339739664,35.69,28.49,30
SUGG,2023-09-12,31.00895763180315,1.0965048124956236,35.69,28.23,30
SUGG,2023-09-18,30.64442565418451,0.9414826404711906,35.69,28.23,30
SUGG,2023-09-26,29.988329756554318,1.0433266573245012,35.69,27.35,30
SUGG,2023-10-31,24.703548144664122,1.4420802027702744,29.94,21.9,30
SUGG,2023-11-01,24.6713884224419,1.420503884571456,29.94,21.9,30
SUGG,2024-02-07,15.354335301249519,2.1077776243220083,21.51,11.39,27
SUGG,2024-02-08,15.36270658920414,2.1068551439772865,21.51,11.39,27
SUGG,2024-04-15,22.40327789327967,1.217831670970487,28.97,19.77,30
SUGG,2024-04-22,23.46347478190223,2.2692643626446167,31.9,19.77,30
SUGG,2024-04-30,24.389434154620766,2.0149947140422513,31.9,20.87,30
SUGG,2024-05-08,25.97064778059285,2.31206581882255,33.04,21.2,30
SUGG,2024-06-29,30.47907704705523,1.2437659977101534,34.91,27.03,30
SUGG,2024-07-10,31.105494822382656,0.771626036367162,35.57,28.55,30
SUGG,2024-07-11,31.08209204460488,0.7657088248335423,35.57,28.55,30
SUGG,2024-07-22,31.499978171192062,0.4992424798748574,35.75,29.47,30
SUGG,2024-07-24,31.55671970387753,0.4846907123276489,35.75,29.47,30
SUGG,2024-07-25,31.57168590434373,0.49094980151755785,35.75,29.47,30
SUGG,2024-08-03,31.4436793815721,0.6313588941253094,35.75,28.98,30
SUGG,2024-09-04,30.837720376637407,1.2510193997425896,35.35,26.7,30
SUGG,2024-09-09,30.969521042999048,0.8188978806520816,35.35,28.75,30
SUGG,2024-09-10,30.917535857813863,0.8778482159768652,35.35,28.69,30
SUGG,2024-09-11,30.829848357813862,0.951807107108583,35.35,28.35,30
SUGG,2024-09-16,30.2042826517748,1.2478901406520013,35.35,27.33,30
SUGG,2024-10-30,25.128962912833014,2.5602596930312296,32.1,20.91,30
SUGG,2024-10-31,24.973358746166348,2.4898309732624355,32.1,20.91,30
TOOK,2019-07-31,16.16250714285714,0.8666598650472205,17.51,15.03,5
TOOK,2019-09-19,7.495,0.007071067811865324,7.5,7.49,2
TOOK,2019-09-25,7.495,0.007071067811865324,7.5,7.49,2
TOOK,2021-06-30,8.884043478260871,0.1880289162494299,9.31,8.43,2
TOOK,2021-07-08,10.074815083331458,1.0124509671682806,11.96,8.43,10
TOOK,2021-07-13,10.808389017608192,1.39388469154754,14.52,8.43,15
TOOK,2021-07-15,11.125539329262129,1.5822955919114485,14.52,8.43,17
TOOK,2021-07-21,12.089163068434477,2.215347482064434,17.63,8.43,23
TOOK,2021-07-29,13.206966723143989,2.4856871667977902,17.89,8.43,30
TOOK,2021-09-07,9.698435228774088,1.7153271886110693,13.42,7.58,30
TOOK,2021-09-09,9.339071673742385,1.4912534759234457,13.14,7.58,30
TOOK,2021-09-14,8.689359097808117,0.8949406006814047,11.12,7.56,28
TOOK,2021-09-21,8.288943927812547,0.508368391763212,9.65,7.56,21
TOOK,2021-09-27,8.01067361283465,0.22395916809401029,9.43,7.56,15
TOOK,2022-06-25,7.14,NA,8.22,5.32,1
TOOK,2022-07-06,11.313809444190774,3.0844389724295866,17.8,5.32,12
TOOK,2022-07-11,12.938091936693247,3.668818677595873,18.49,5.32,17
TOOK,2022-07-12,13.193799792062139,3.7209419985220764,18.49,5.32,18
TOOK,2022-07-13,13.353217027886622,3.682266040654715,18.49,5.32,19
TOOK,2022-07-20,13.21364898191715,3.143733395315694,18.49,5.32,26
TOOK,2022-08-04,13.564744833051023,2.2810735184351225,18.49,10.24,26
TOOK,2022-09-08,9.599032801418437,0.41533497086717,10.83,8.78,30
TOOK,2022-09-12,9.373484190307328,0.4330365651484447,10.7,8.14,30
TOOK,2022-09-13,9.291914745862883,0.43051050804046215,10.31,8.04,30
TOOK,2022-09-20,8.871991134751774,0.6821303766270181,10.12,7.29,30
TOOK,2022-09-26,8.767358525413712,0.7239889594421255,10.12,7.29,24
TOOK,2023-06-29,9.58147058823529,NA,9.95,9.21,1
TOOK,2023-07-01,9.98861519607843,0.44051566677935394,11.94,9.21,3
TOOK,2023-07-05,10.671984975808499,0.9291473344910745,12.41,9.21,7
TOOK,2023-07-10,11.278814152554958,1.037771266307529,12.93,9.21,12
TOOK,2023-07-17,11.665225749006378,1.0081730756797835,15.19,9.21,19
TOOK,2023-07-24,12.736555718420885,2.1558000732340834,19.2,9.21,26
TOOK,2023-07-29,13.720584287420753,2.7348161794950685,19.8,9.44,30
TOOK,2023-09-05,12.197980486880743,2.773852343001879,17.47,8.35,27
TOOK,2023-09-08,11.221128635028892,2.5653811133913367,16.59,7.4,27
TOOK,2023-09-12,10.14952162114846,2.237574518006388,15.06,7.07,28
TOOK,2023-09-18,9.067040229885057,1.8639378441595695,13.02,6.55,29
TOOK,2023-09-26,8.142132936507938,1.1439708535722197,10.19,6.55,21
TOOK,2024-06-29,11.915441919191933,0.08424586744016925,12.79,10.63,3
TOOK,2024-07-10,11.994940366396893,1.4407493219214191,17.21,9.56,14
TOOK,2024-07-11,11.898908880977526,1.4372963610371745,17.21,9.56,15
TOOK,2024-07-22,12.576283091221411,1.5201802100242061,17.21,9.56,26
TOOK,2024-07-24,12.84309349812551,1.7729629609728366,18.65,9.56,28
TOOK,2024-07-25,13.008633377500493,1.9559738129751847,18.65,9.56,29
TOOK,2024-08-03,13.392970480110787,2.2097110764347456,19.04,9.56,30
TOOK,2024-09-04,10.457629580378255,1.6475007428194894,13.53,7.69,30
TOOK,2024-09-09,9.669257504354862,1.6031126981106334,13.05,7.4,30
TOOK,2024-09-10,9.494490374725233,1.5357520489417238,12.94,7.36,30
TOOK,2024-09-11,9.316622319169676,1.45674485709625,12.62,7.28,30
TOOK,2024-09-16,8.584150096947452,1.145119023685324,11.09,7.08,30
