siteID,year,month,temp_mean_monthly,temp_sd_monthly,temp_max_monthly,temp_min_monthly,n_days_monthly
BARC,2017,8,31.34777393617022,0.3359946389530573,33.14,30.51,5
BARC,2017,9,29.56245254298465,1.256626225179454,33.04,26.15,30
BARC,2017,10,27.174624084877603,1.9183524236765457,30.96,22.01,31
BARC,2017,11,21.542634900360582,1.3501074465862533,24.98,19.46,30
BARC,2017,12,19.171789422191438,1.5824627898184025,21.73,16.13,23
BARC,2018,11,20.748670218326563,1.0795205095660259,22.56,18.48,11
BARC,2018,12,17.564450751531044,1.195568607800802,20.57,15.71,31
BARC,2019,1,17.235131353861192,1.7376937193952682,21.65,14.08,31
BARC,2019,2,19.008817677342144,2.3855133645331295,24.57,13.97,28
BARC,2019,3,20.825471048040633,1.0680398356345695,23.56,18.2,31
BARC,2019,4,24.255283861894355,1.5806736838151594,27.64,20.47,30
BARC,2019,5,28.811501911271257,1.3795305837918803,32.12,25.64,31
BARC,2019,6,30.74110252391723,0.8829447975555577,32.62,28.97,30
BARC,2019,7,31.772596698775118,0.6703328272919015,33.97,30.01,31
BARC,2019,8,31.369807514551074,0.6905391667534699,33.75,29.56,31
BARC,2019,9,30.042419304849737,0.7650153861921151,33.22,28.27,30
BARC,2019,10,27.42080335661556,1.0731086730081572,29.98,25.67,28
BARC,2019,11,21.83030611212772,2.7737859055892926,27.71,18,24
BARC,2019,12,18.159324651179947,0.6854589549208272,19.75,16.75,19
BARC,2020,1,18.025067019493044,1.7782684264333646,22,15.37,31
BARC,2020,2,17.714569129008517,1.5191043412353025,22.21,15.12,25
BARC,2020,3,22.23675921374736,3.1498289652720435,27.9,16.68,31
BARC,2020,4,25.288000650118203,0.5383786046283701,26.94,23.86,30
BARC,2020,5,26.836630347746514,1.1515073841010797,30.08,24.94,31
BARC,2020,6,29.76173829660744,1.1590666879300426,32.74,27.49,30
BARC,2020,7,31.456411290322592,0.4976336617560376,33.2,29.94,31
BARC,2020,8,31.501286461908034,0.6247422517404123,33.92,29.83,31
BARC,2020,9,29.774123821021814,1.5607874277214453,33.49,26.77,30
BARC,2020,10,27.017940379946808,0.6751465999430452,29.32,25.02,31
BARC,2020,11,23.31679514944276,1.349783135550904,26.73,21.21,30
BARC,2020,12,17.199753078423083,1.590122986005986,22.15,14.43,31
BARC,2021,1,15.972189144360561,1.2806626515515842,19.31,13.88,31
BARC,2021,2,17.82333042184265,2.0027502413949128,21.73,14.19,28
BARC,2021,3,20.786238757526966,1.4783188224269088,24.2,18.12,21
BARC,2021,6,29.460250270562774,0.6727612991006297,31.3,27.93,22
BARC,2021,7,30.275979641013386,1.1989004610092873,32.72,27.63,31
BARC,2021,8,31.148373009850925,0.671610828251988,33.41,29.31,31
BARC,2021,9,29.92272737240257,0.5860441477343433,31.95,28.17,30
BARC,2021,10,27.209208062584853,1.2488294697622015,29.22,23.69,31
BARC,2021,11,20.16997000591016,1.6459115924558168,24.3,17.29,30
BARC,2021,12,19.12946002125532,1.1041461369767767,21.64,17.05,31
BARC,2022,1,17.164542824074083,3.258864147134292,21.61,13.12,12
BARC,2022,2,17.133040025334164,2.579088782900031,23.14,13.07,28
BARC,2022,3,21.44437142891057,1.0876167730463668,23.84,19.52,22
BARC,2022,4,24.669092798675514,1.146631347695868,27.55,22.24,30
BARC,2022,5,28.404781239247527,1.062584168384317,31.33,25.52,31
BARC,2022,6,31.139712121212106,0.6696619147472642,33.09,29.28,30
BARC,2022,7,31.67432046323587,0.43225818331561877,34.02,30.59,31
BARC,2022,8,31.78544063533681,0.6521589677713897,34.34,30.61,31
BARC,2022,9,29.957843361809573,1.2494695744892848,33.59,24.78,30
BARC,2022,10,24.872374038420674,1.1785481926806776,27.77,22.48,31
BARC,2022,11,22.10460031974779,2.067819173760429,25.84,18.39,30
BARC,2022,12,18.747242621341236,2.4936093164539255,22.58,13.52,31
BARC,2023,1,16.69799482768209,0.9477194304922757,19.73,14.55,31
BARC,2023,2,19.942928400856395,1.6066825403664817,24.42,17.48,28
BARC,2023,3,22.90639214149437,1.318884518762961,25.91,19.8,31
BARC,2023,4,25.0209379327645,0.8412690767639313,28.12,23.18,30
BARC,2023,5,27.287304603169655,1.3690705175954698,30.82,24.85,31
BARC,2023,6,29.023759765590963,0.9533483814380855,32.1,27.2,30
BARC,2023,7,32.012780923490865,0.4378880983764623,34.19,30.65,31
BARC,2023,8,32.4088959828367,0.6959173413646491,35.63,30.7,31
BARC,2023,9,30.566332204772902,0.7369770457434559,33.18,28.81,28
BARC,2023,10,25.352688910528123,1.3146327994493305,28.14,23.55,29
BARC,2023,11,21.4979896616766,1.3025112875250777,25.54,17.47,30
BARC,2023,12,17.559067159403018,1.1651215073663967,20.96,15.61,31
BARC,2024,1,15.920560426542217,1.5185624687393113,20.67,13.13,31
BARC,2024,2,16.94543905307984,0.7680451219477512,19.14,15.49,29
BARC,2024,3,21.770016417731583,1.0964731941527284,24.73,18.39,31
BARC,2024,4,24.399229834772328,1.5725602026387366,28.31,21.75,30
BARC,2024,5,28.694125815524274,1.0499751950253284,31.13,25.33,31
BARC,2024,6,30.735329826635144,0.6947800522866563,32.6,28.79,30
BARC,2024,7,31.697217861299283,0.32140081421738426,33.55,30.39,31
BARC,2024,8,31.301535542441908,0.8121306530747189,33.48,28.52,31
BARC,2024,9,29.957966724609467,0.9682752996047356,33.23,28.31,30
BARC,2024,10,25.98495731710167,2.326206102222627,31.4,22.63,31
BARC,2024,11,23.61117231842232,2.02620505281112,27.02,19.41,30
BARC,2024,12,17.318273924565407,1.0988836302295812,20.63,15.76,31
BARC,2025,1,14.30743410870063,1.8293697472506842,19.42,11.14,31
BARC,2025,2,18.83445751753368,1.5974462370921103,22.3,14.66,28
BARC,2025,3,19.960673661423648,1.2973732202402726,23.52,17.7,31
BARC,2025,4,25.760245370370374,1.1801561279260127,29.31,21.73,30
BARC,2025,5,28.906711709278934,1.196995651194054,31.69,26.83,31
BARC,2025,6,31.006444617894953,0.7818829087278902,32.97,29.1,30
BARC,2025,7,31.633508534333433,0.953430752833715,34.84,30,31
BARC,2025,8,32.37997867813272,0.558863911395314,34.45,30.87,31
BARC,2025,9,29.24703986684964,0.7000893997871649,31.86,27.66,30
BARC,2025,10,25.76899039483191,1.4057718325805835,28.7,22.29,31
BARC,2025,11,20.802236663076968,1.2552590614962957,23.52,18.44,30
BARC,2025,12,17.8206376075331,1.0602842397051149,20.98,15.62,27
BARC,2026,1,16.4633333333333,NA,16.61,16.28,1
BLWA,2018,7,31.695331167986676,0.6360988177933671,33.9,29.22,17
BLWA,2018,8,31.957944657507834,0.6722318089859822,35.76,30.28,31
BLWA,2018,9,31.36694166096041,0.847925719722505,35.13,29.04,30
BLWA,2018,10,27.63773124645552,2.6671156068490975,32.61,23.2,26
BLWA,2018,11,17.718541864642663,3.3554934646185113,23.98,13.67,29
BLWA,2018,12,10.243883134691545,3.58279127974563,15.99,1.2,20
BLWA,2021,5,25.111743249351207,1.3135016424396146,29.21,22.72,12
BLWA,2021,6,25.732004941948727,0.8237648007215511,28.84,24.13,29
BLWA,2021,7,27.63120096217139,0.6673513451876284,29.85,26.15,31
BLWA,2021,8,30.17688171646938,0.6906631628967672,33.15,28.34,31
BLWA,2021,9,26.885208985961338,1.0918869191048386,29.56,24.71,29
BLWA,2021,10,23.669055836282265,0.98585979274493,25.25,20.83,20
BLWA,2021,11,17.763371959122335,1.7994648017637194,22.26,14.44,30
BLWA,2021,12,14.691580435769316,0.6153732998097877,17.35,13.53,31
BLWA,2022,1,11.494105068846675,2.2210112794356975,15.95,8.63,31
BLWA,2022,2,10.268611300792594,1.217421075526308,12.81,8.44,28
BLWA,2022,3,14.66371511627908,2.3727025047753116,16.89,11.9,5
BLWA,2022,4,18.345750513927435,1.3212293906044588,20.64,16.55,24
BLWA,2022,5,25.697763314798575,2.314123370318119,30.51,20.38,31
BLWA,2022,6,27.99545087380615,0.222200947704265,30.67,27.08,4
BLWA,2023,2,12.317406993908303,1.5234354514372723,15.86,10.17,27
BLWA,2023,3,17.29199735449737,1.3147491049686377,18.42,15.68,3
BLWA,2023,4,19.387805069059837,0.9039327913483135,22.24,17.48,30
BLWA,2023,5,23.91398073452207,2.1534014072260477,29.86,20.18,31
BLWA,2023,6,29.241352112302458,1.2569771154720386,34.92,25.65,30
BLWA,2023,7,31.537513185886223,1.2785655414188986,35.9,28.86,31
BLWA,2023,8,32.58225624571877,1.1370313594554344,35.71,30.06,31
BLWA,2023,9,30.730000068056448,1.2660646159103253,34.49,28.07,30
BLWA,2023,10,24.98402148926536,2.302215297128491,30.11,22.04,30
BLWA,2023,11,19.14730708060391,1.3472295179803446,22.09,16.09,30
BLWA,2023,12,14.931495081217117,1.6327630490697236,18.09,9.99,31
BLWA,2024,1,10.106223242692208,1.0278710122053136,13.18,7.97,31
BLWA,2024,2,11.670186712894637,1.4014511768730156,14.51,9.51,29
BLWA,2024,3,15.0965575944708,1.1900536880149837,17.78,8.13,31
BLWA,2024,4,19.478797737703395,1.2511743216114808,22.94,16.87,30
BLWA,2024,5,26.911004678738546,1.0863046357534607,31.13,25.06,25
BLWA,2024,6,30.567751693689033,1.8005530452604648,35.87,27.57,30
BLWA,2024,7,33.73839123276509,0.510068501707063,35.95,32.41,14
BLWA,2024,8,33.21280462874732,0.41504722957663853,35.6,32.05,19
BLWA,2024,9,29.45303019559136,2.2110561649762963,34.14,26.63,30
BLWA,2024,10,25.562588598145222,1.8629537141197965,29.18,22.26,28
BLWA,2024,12,13.43129681328283,0.4639542552980012,15.56,12.57,14
BLWA,2025,1,10.214550041900628,1.5509309768963622,13.63,8.15,31
BLWA,2025,2,11.213691199943936,1.081065484917323,13.17,8.86,28
BLWA,2025,3,14.49092401532619,1.6015426800369472,17.64,11.39,31
BLWA,2025,4,19.754700487255512,1.2487547045778997,22.47,17.27,30
BLWA,2025,5,22.55094433783883,1.7144998465493166,25.56,16.06,25
BLWA,2025,6,26.486117529818767,1.5680781403185398,29.47,22.88,26
BLWA,2025,7,31.62606164827005,2.0840747261186374,35.92,28.39,22
BLWA,2025,8,32.374833869386926,0.7939853973486417,35.87,30.16,31
BLWA,2025,9,30.57291819200256,0.41718082021000735,32.9,29.06,30
BLWA,2025,10,26.44942438536727,2.308045652339424,30.38,20.81,30
BLWA,2025,11,19.017568985059874,1.0131696678941255,21.84,16.35,30
BLWA,2025,12,14.024805092252297,1.0199290302836965,16.38,12.19,31
BLWA,2026,1,12.7013043478261,NA,13.45,12.15,1
CRAM,2017,9,19.562162670724614,1.1362891371452826,21.97,17.13,20
CRAM,2017,10,13.269983842370165,2.660853011844865,17.6,7.51,31
CRAM,2017,11,5.20404513888889,1.4502275744935507,7.48,2.64,12
CRAM,2018,5,22.53991481208853,1.8157236862365747,25.61,19.29,7
CRAM,2018,6,21.83045330598251,1.992382407787855,26.26,18.17,30
CRAM,2018,7,24.547423858433223,1.1184674852557188,26.92,21.72,31
CRAM,2018,8,23.456607794659014,1.4632843345687128,27.31,20.36,31
CRAM,2018,9,19.67744946808511,2.2880446540464203,23.44,13.8,30
CRAM,2018,10,12.8547931184669,0.7366414333803065,14.21,11.64,7
CRAM,2019,4,5.873698412698413,0.6990603124793664,7.04,5.09,3
CRAM,2019,5,11.37503258290688,3.1421000594064337,18.29,5.19,31
CRAM,2019,6,20.43278659723092,1.769111401835298,25.67,16.58,30
CRAM,2019,7,24.92025460815172,0.6821059267333234,27.37,23.01,31
CRAM,2019,8,22.844237775158405,1.9084307195248642,26.69,18.25,31
CRAM,2019,9,18.017085971268745,1.1907741965725491,20.98,15.57,30
CRAM,2019,10,10.670144560741251,2.779720728120238,16.41,6.35,31
CRAM,2019,11,5.54833333333333,0.4337304870730976,6.34,5.01,4
CRAM,2021,5,16.283738505747138,0.8581110165907898,18.57,14.78,5
CRAM,2021,6,22.749173227996096,2.5448434580819814,28.79,15.17,30
CRAM,2021,7,24.714106570873888,0.7901146207960865,27.71,22.02,31
CRAM,2021,8,23.65888009661998,0.653343336306228,25.89,22.09,31
CRAM,2021,9,19.548156028368794,1.4570269553444484,23.98,16.93,30
CRAM,2021,10,15.253958934996593,3.2591983323465006,20.35,9.81,31
CRAM,2021,11,7.913776041666666,0.8852118000911323,9.8,6.96,8
CRAM,2022,5,14.22549963127944,3.6826462421462582,20.17,4.31,28
CRAM,2022,6,20.703207872695273,2.0264188431892753,26.58,16.98,30
CRAM,2022,7,23.69915315120408,0.9574429326469028,27.3,21.34,31
CRAM,2022,8,23.232346803469333,0.7003348665480157,25.95,21.46,31
CRAM,2022,9,19.941142638846063,2.413619272035109,24.72,14.3,30
CRAM,2022,10,11.369312954038312,2.643133629662229,16.1,7.72,31
CRAM,2022,11,7.971443452380953,1.1447882718629991,10.17,5.86,14
CRAM,2023,5,17.084404214244064,2.2610799832011184,22.92,13.2,19
CRAM,2023,6,21.846823858123972,2.7163950397683014,27.64,10,30
CRAM,2023,7,23.28789153810192,1.2095613638256901,27.6,20.47,31
CRAM,2023,8,22.764521482358784,1.3865417008910288,26.58,19.95,31
CRAM,2023,9,19.260734642234798,1.9019382734413808,24.63,16.8,30
CRAM,2023,10,12.743947520511133,3.367934384039453,19.97,7.41,31
CRAM,2023,11,5.6870378250591,0.8018464497992056,7.6,4.46,15
CRAM,2024,3,1.4597050207039328,0.5733938773559908,3.25,0.42,10
CRAM,2024,4,5.802172361484314,2.8941630925802686,10.94,0.53,30
CRAM,2024,5,15.106845866354377,2.735958651934692,19.96,8.68,31
CRAM,2024,6,20.380894463716725,1.3311677063964578,23.48,17.82,30
CRAM,2024,7,23.699056777220488,1.4574438560147172,27.32,20.19,31
CRAM,2024,8,23.079637463983637,1.5083780536059568,28.04,19.96,31
CRAM,2024,9,20.896822123719456,0.9420388331042422,23.36,18.78,30
CRAM,2024,10,13.63364919354839,2.5050305844027725,20.1,10.42,31
CRAM,2024,11,8.195065375852263,1.221366119879753,10.93,6.5,18
CRAM,2025,8,20.78067232243808,1.0459248655034228,23.04,19.18,10
CRAM,2025,9,19.06608304767533,1.6426065999286694,24.36,15.97,30
CRAM,2025,10,14.637180708075947,3.2752033091939934,21.99,9.47,31
CRAM,2025,11,6.646481481481482,1.7059217433782483,9.66,4.07,18
FLNT,2018,8,27.881795108468918,0.5425668755396678,29.69,26.44,17
FLNT,2018,9,27.75972970566373,0.44206854682711233,29.14,26.46,30
FLNT,2018,10,23.536825700336447,2.559893888105361,27.78,19.44,19
FLNT,2018,11,16.379534934981912,3.217284301160397,20.85,12,30
FLNT,2018,12,12.30848099007291,1.3302359339955667,15.6,10.2,31
FLNT,2019,1,15.700944616977214,0.45122352982896474,16.34,14.23,7
FLNT,2021,9,26.32441073410503,0.8868577846995362,27.91,23.93,30
FLNT,2021,10,22.923794218371665,1.7440888830382684,25.5,18.76,31
FLNT,2021,11,16.63950627566256,1.3012827837419678,19.5,13.66,30
FLNT,2021,12,14.882800050729612,1.1332544202215942,17.13,12.11,31
FLNT,2022,1,12.787212846599058,2.7355087852636,18.65,9.45,31
FLNT,2022,2,13.092255097517732,2.164501683887919,17.55,9.61,28
FLNT,2022,3,17.972725739309467,0.7875025330360512,20.21,16.34,31
FLNT,2022,5,25.927386018237087,0.6139602998191044,27.48,24.85,7
FLNT,2022,6,28.62552846102873,0.9057808960494678,30.79,26.32,30
FLNT,2022,7,29.354340786901272,0.685110103057199,31.47,27.86,31
FLNT,2022,8,28.7974890219061,0.5371055994867536,30.84,27.69,31
FLNT,2022,9,26.82948917241548,1.5477681980280362,29.73,21.85,30
FLNT,2022,10,21.066288206360095,1.419851504502624,23.08,17.87,31
FLNT,2022,11,18.083473942182454,2.4129423105503776,22.15,13.8,30
FLNT,2022,12,13.841107763548264,3.053818177246295,17.44,8.33,26
FLNT,2023,1,12.51404790585229,0.7983452421722309,14.79,10.85,31
FLNT,2023,2,13.737467415863074,0.9607723061991474,16.59,11.17,23
FLNT,2023,3,17.385787037037034,1.3528362555052134,20.01,14.56,18
FLNT,2023,4,20.291391860246005,1.2049527089940977,22.8,18.36,30
FLNT,2023,5,23.98780606486476,1.3989194311484792,26.84,20.93,31
FLNT,2023,6,25.616720072641648,1.072986972726975,27.66,23.62,17
FLNT,2023,7,28.98566987179488,0.3723544995233122,29.89,27.81,5
FLNT,2023,8,29.424234945307294,0.588975247457412,31.18,27.77,19
FLNT,2023,9,27.073800595238097,1.3158988086735763,29.77,23.85,30
FLNT,2023,10,21.89611058015048,1.6713018586404431,25.32,19.34,31
FLNT,2023,11,17.877404342570486,1.2370578683770952,21.46,13.81,30
FLNT,2023,12,13.638554686803971,1.0802645415110859,15.65,11.42,31
FLNT,2024,1,11.009728687233409,1.3463761860814636,13.48,8.33,31
FLNT,2024,2,13.229324624794993,1.0636255384355873,16.56,11.43,29
FLNT,2024,3,17.090809391123877,0.7916977564415876,18.59,15,31
FLNT,2024,4,20.716714606171806,1.1746157090234517,23.46,17.8,24
FLNT,2024,5,24.20213226574909,0.8444848529329316,26.38,22.21,31
FLNT,2024,6,26.909732703485393,1.0574078434855285,29.13,24.3,30
FLNT,2024,7,29.140004734848475,0.22617104258111623,29.99,28.01,8
FLNT,2024,8,28.65982223871763,0.5872864839299726,30.46,26.85,31
FLNT,2024,9,25.969454878572957,1.1541478856156882,29.19,24.27,30
FLNT,2024,10,22.0131488481824,1.7705985332752259,25.31,19.03,31
FLNT,2024,11,20.20700394831018,2.3166344439771978,22.76,15.46,30
FLNT,2024,12,13.03764122937787,0.7541531689222007,15.59,11.55,31
FLNT,2025,1,9.993856779425393,1.776628750369887,13.97,6.48,31
FLNT,2025,2,13.985090948359169,2.1066177718582737,17.3,9.79,28
FLNT,2025,3,16.100938893534003,1.1826283786110643,18.4,13.82,26
FLNT,2025,4,21.4324870049513,1.4263890663484358,24.43,18.55,30
FLNT,2025,5,25.31394770716777,1.1568079672527276,28.24,23.16,31
FLNT,2025,6,27.618855330422388,1.3256643605899623,30.32,25.68,25
FLNT,2025,7,29.647102307416983,0.49147491421066297,31.09,28.24,31
FLNT,2025,8,28.667744908165126,0.9977455405786471,31.44,26.96,26
FLNT,2025,9,26.10235764235765,0.5092679011906707,27.31,24.49,21
FLNT,2025,10,22.470415801867134,1.9610647467192186,26.1,17.23,31
FLNT,2025,11,17.15830504325791,1.0705460443451082,19.33,14.97,30
FLNT,2025,12,13.714328572138594,1.4996864656341224,16.28,10.88,20
FLNT,2026,1,13.1166666666667,NA,13.36,12.87,1
LIRO,2017,10,13.064175438922778,0.9498479603350231,15.1,11.73,13
LIRO,2017,11,2.5331210478771466,0.34166154356823486,3.28,0.51,3
LIRO,2018,7,24.596138917232587,1.4414237578580873,29.69,21.82,22
LIRO,2018,8,23.716676844973847,1.6124809996517677,28.4,20.65,31
LIRO,2018,9,20.022039373265496,2.349553946467455,23.95,14.06,30
LIRO,2018,10,9.226273307023565,2.6583463129029137,14.34,6.21,31
LIRO,2018,11,6.43333333333333,NA,6.65,6.31,1
LIRO,2019,4,6.57090909090909,NA,6.69,6.39,1
LIRO,2019,5,12.17571803349195,2.9222583429389215,18.3,5.95,31
LIRO,2019,6,20.792981498990933,1.9120471764001874,27.72,16.37,30
LIRO,2019,7,25.57395638499562,0.9124659059540012,29.29,23.05,30
LIRO,2019,8,23.145852805348774,1.9376309761129007,27.76,18.49,31
LIRO,2019,9,18.493552164082683,1.3250364006596937,22.32,15.85,30
LIRO,2019,10,15.31722463768116,0.968718848264465,16.95,14.08,5
LIRO,2020,6,22.90596712320258,1.1225361662179942,26.34,20.51,14
LIRO,2020,7,26.005362774215254,1.606527750435555,30.45,22.56,31
LIRO,2020,8,23.838830645161295,0.8308094691724497,27.77,21.45,31
LIRO,2020,9,17.619027777777777,1.623142639098558,22.13,15.24,30
LIRO,2020,10,12.527589941709545,1.347405076692857,15.45,9.64,18
LIRO,2021,4,9.326239379543006,1.6954844652413712,13.61,5.52,26
LIRO,2021,5,14.882068720983117,3.1978811745032596,20.99,8.46,28
LIRO,2021,6,22.91155919568021,2.624430330636591,29.87,15.29,30
LIRO,2021,7,25.015978323038212,0.8615729085468312,28.37,22.2,31
LIRO,2021,8,23.99745967741935,0.7083126210602323,27.53,22.22,31
LIRO,2021,9,19.665160025997935,1.9890234547102934,24.28,16.87,17
LIRO,2021,10,15.28828630332147,3.2965293271967955,20.29,9.83,31
LIRO,2021,11,9.053888888888887,0.5510884248172812,9.84,8.44,3
LIRO,2022,5,15.377664867379158,2.855374146317383,20.8,7.36,27
LIRO,2022,6,21.481491018008295,2.146375387856945,27.47,17.83,28
LIRO,2022,7,24.279277149739563,0.8715513914689949,28.42,22.06,31
LIRO,2022,8,23.396426005639942,0.8516782112807816,27.4,21.55,31
LIRO,2022,9,19.983185135933805,2.4656489264621717,24.59,14.2,30
LIRO,2022,10,11.501255256151376,2.6355478699593893,16.7,7.83,31
LIRO,2022,11,8.92213888888889,0.08474456444931444,10.14,8.26,3
LIRO,2023,5,17.19277493162399,1.7944255971958243,22.25,12.57,22
LIRO,2023,6,22.33180694952906,2.3526687414830083,27.73,16.7,30
LIRO,2023,7,23.784128631892013,1.1167212698277487,27.48,20.96,31
LIRO,2023,8,23.177366020361475,1.3638343986731578,26.95,20.43,31
LIRO,2023,9,19.500762263593373,2.035257969431934,24.68,16.85,30
LIRO,2023,10,12.965908942834696,3.3437455087348305,20.18,7.87,31
LIRO,2023,11,6.109945652173915,0.692846892391264,7.93,5.02,12
LIRO,2024,3,1.864311406415714,1.7776692863751775,5.19,0.02,16
LIRO,2024,4,7.167450103379799,2.976433936018667,11.38,0.14,30
LIRO,2024,5,15.711283764203465,2.4683087209824284,19.78,9.91,31
LIRO,2024,6,20.798722369976353,1.48962493785074,24.77,17.75,30
LIRO,2024,7,24.007312996727443,1.3969564445646736,27.64,20.41,31
LIRO,2024,8,23.45140953136449,1.5645306767110698,29.6,20.65,31
LIRO,2024,9,21.10453382419589,0.9472905725439656,23.88,18.86,30
LIRO,2024,10,13.516813538269323,2.5247809507640997,20.04,10.27,31
LIRO,2024,11,8.669084635588739,1.0753250084837676,11.44,6.8,14
LIRO,2025,4,7.802264215883319,1.4179800011038057,11.16,5.76,13
LIRO,2025,5,15.723841229253829,2.598197884072254,22.01,9.5,31
LIRO,2025,6,21.093660446859896,2.6047772995974245,27.85,17.22,30
LIRO,2025,7,25.274895755622534,1.2091739274769113,29.26,22.58,31
LIRO,2025,8,23.461755555389775,1.688641137169952,26.55,19.76,31
LIRO,2025,9,19.49861354233828,1.691792557234089,24.55,16.35,30
LIRO,2025,10,15.034666028266349,3.295483666130084,22.1,9.6,29
LIRO,2025,11,7.0112458881578945,0.9880740334282737,8.7,5.33,8
PRLA,2017,9,12.79627083333335,0.03620975975323723,13.51,12.29,2
PRLA,2017,10,8.779670921985817,2.788626127663263,13.56,2.66,30
PRLA,2018,6,21.359200088618476,1.7868936877620871,26.22,16.28,30
PRLA,2018,7,23.46207935804033,1.281367145434932,26.27,20.46,31
PRLA,2018,8,21.46275051144791,1.9643312270013953,25.96,16.7,31
PRLA,2018,9,15.412907558378874,3.5616374486184554,19.97,8.02,29
PRLA,2018,10,4.812486979166667,2.333406739257973,8.78,1.07,16
PRLA,2019,5,11.800599206959493,2.3101329114821287,18.99,8.55,27
PRLA,2019,6,19.828833459389898,1.5857321162907192,25.1,17.01,30
PRLA,2019,7,24.62166279540955,0.9894664052954605,28.13,22.27,31
PRLA,2019,8,21.36476818273929,2.1919550963998904,25.8,17.15,31
PRLA,2019,9,17.143605299079873,2.1399546046759466,20.83,11.45,30
PRLA,2019,10,5.666847826086955,3.3489540507915647,11.56,0.29,23
PRLA,2020,6,20.2365662634012,0.8248548478792633,22.17,18.37,18
PRLA,2021,6,21.71440041371158,1.0520662206591413,26.19,19.11,15
PRLA,2021,7,24.210690905899558,1.268896684422697,28.64,21.1,31
PRLA,2021,8,21.57377921304447,1.8685850799871684,26.61,17.76,31
PRLA,2021,9,17.102907801418432,1.775220061237522,20.32,13.13,30
PRLA,2021,10,15.48974328774062,3.6573442411504273,18.39,5.12,10
PRLA,2022,5,13.375759191176474,2.150486173697144,17.39,10.51,8
PRLA,2022,6,20.596487609461516,2.078205563853592,27.61,15.28,27
PRLA,2022,7,23.96811489844499,1.5261714758255818,29.29,20.47,30
PRLA,2022,8,22.139665264023705,0.9700074568097804,28.03,19.11,31
PRLA,2022,9,17.2653712962963,2.695976330595679,22.37,12.34,30
PRLA,2022,10,8.735690774422329,3.543038208054742,16.62,4.05,31
PRLA,2022,11,6.42291666666667,0.1838477631085022,7.14,5.93,2
PRLA,2023,5,17.904133700194638,2.248607588246497,22.32,13.3,21
PRLA,2023,6,22.98313600890523,1.7858650618917093,27.81,18.11,30
PRLA,2023,7,22.568379693270067,1.4617625620739412,26.35,19.99,31
PRLA,2023,8,21.787535003651737,1.431391991128333,25.76,18.92,31
PRLA,2023,9,18.512302457627452,2.100001116773266,24.32,16.26,30
PRLA,2023,10,11.695343617021278,3.119487981583978,18.42,8.79,25
PRLA,2024,4,8.13410256410256,NA,8.29,7.89,1
PRLA,2024,5,13.677348473182807,2.720591175264222,20.1,7.7,31
PRLA,2024,6,19.04478644994487,1.8285153569891437,26.47,15.55,30
PRLA,2024,7,23.86436392287434,2.2326818822365935,29.32,19.11,31
PRLA,2024,8,22.01688917908461,2.054032454427586,28.18,18.28,31
PRLA,2024,9,19.020867274929465,1.2856989357002433,23.17,16.21,30
PRLA,2024,10,10.854786233811584,2.127296073614637,17.04,7.49,31
PRLA,2024,11,6.030744047619046,0.6852756509906113,7.55,5.19,7
PRLA,2025,4,9.175903025044011,0.898727506691589,11.49,7.23,14
PRLA,2025,5,14.203743279569895,3.362945739888248,20.48,8.18,31
PRLA,2025,6,18.993806859485115,2.293661748124969,25.19,14.53,30
PRLA,2025,7,23.38115236115556,1.46238895825113,31.69,20.15,31
PRLA,2025,8,22.040117278269257,1.1189672926227623,27.26,18.99,31
PRLA,2025,9,18.29739100352827,1.7871988494187065,23.11,14.23,30
PRLA,2025,10,11.721107286197562,3.9476111690310676,20.24,6.73,29
PRPO,2018,5,22.466968641114953,0.12501253685506475,23.71,21.79,2
PRPO,2018,6,21.64375664963579,2.046094332952104,27.77,15.27,30
PRPO,2018,7,23.597331757716482,1.3990484874062432,26.77,19.89,31
PRPO,2018,8,21.56431840291325,2.288259760431659,26.5,15.8,31
PRPO,2018,9,15.479236512505299,3.9344206539323006,21.2,7.38,30
PRPO,2018,10,6.519077380952382,1.6145552768939713,9.24,4.22,7
PRPO,2019,5,17.7375,0.6894291116568848,18.86,17.25,2
PRPO,2019,6,19.865014990208138,1.880788984014502,25.74,16.41,30
PRPO,2019,7,24.518890436240866,1.1695920098272912,28.7,21.72,31
PRPO,2019,8,21.201766673686063,2.4586669899922615,26.43,15.66,31
PRPO,2019,9,16.8218064267293,2.4987972109510466,21.84,10.44,30
PRPO,2019,10,5.606069354690823,3.107029170775622,10.8,-0.12,21
PRPO,2020,6,20.86754768828858,1.6376817276690647,25.81,18.05,29
PRPO,2020,7,24.304694626460577,1.2242058259856015,29.2,21.57,31
PRPO,2020,8,23.43439066100866,1.115551949882065,26.44,18.81,31
PRPO,2020,9,15.498526719995604,1.4282986043848864,18.97,12.26,25
PRPO,2020,10,6.355614724150532,4.189540289366444,11.76,0.43,17
PRPO,2021,5,13.535405355832733,1.18853053022821,16.24,11.54,6
PRPO,2021,6,21.213244069087718,2.154502696340369,24.38,13.54,25
PRPO,2021,7,24.202519467577137,1.2307315304483077,28.83,21.06,31
PRPO,2021,8,21.474676109607454,2.014959833325231,27.23,17.51,31
PRPO,2021,9,17.14207147916881,1.8451732793933378,21.02,12.12,30
PRPO,2021,10,10.546120689655178,4.8772529380934335,19.05,4.5,29
PRPO,2022,5,13.120901265994753,3.6294141459821834,20.93,3.5,29
PRPO,2022,6,20.193653053702306,2.7471518764726905,28.44,14.04,30
PRPO,2022,7,24.192481596653938,1.6477288097295077,29.3,20.56,30
PRPO,2022,8,22.205854085640198,1.183054464124592,25.74,18.47,31
PRPO,2022,9,17.157736979861003,2.7980733072412534,22.67,12.26,30
PRPO,2022,10,8.960419277433463,3.6563730816989843,16.36,3.15,27
PRPO,2022,11,6.615625,0.5347905980814327,7.9,5.65,4
PRPO,2023,5,18.21250923864039,2.568634783771189,22.75,12.02,22
PRPO,2023,6,23.434735479800583,2.2719831070832193,29.52,17.31,30
PRPO,2023,7,22.811989404488475,2.035128578725549,28.84,19.25,31
PRPO,2023,8,21.928276800113256,1.838694255728322,28.56,18.44,31
PRPO,2023,9,18.63501418951419,2.1872023525679243,25.32,16.2,30
PRPO,2023,10,11.166990740740744,3.4090949703312527,19.04,5.28,27
PRPO,2024,4,9.40836450945626,1.1271262952751653,11.35,7.6,6
PRPO,2024,5,13.64944988964225,2.800844770058197,19.98,7.36,30
PRPO,2024,6,18.981970594617323,2.004754667920712,25.95,14.48,30
PRPO,2024,7,23.996667176620395,2.5103604012486116,29.16,18.61,31
PRPO,2024,8,22.01966662593679,2.160212814273908,28.08,17.74,31
PRPO,2024,9,19.152106523915208,1.404370218212809,22.83,15.91,30
PRPO,2024,10,10.770421420290143,2.1081536244919588,17.22,7.15,31
PRPO,2024,11,6.046583333333333,0.5470594252519067,7.3,5.45,5
PRPO,2025,4,9.841807795698923,0.4370625789996578,11.32,8.23,9
PRPO,2025,5,14.229484221598874,3.6033116894804005,21.05,7.55,31
PRPO,2025,6,19.02165636790044,2.366462993921732,25.07,14.02,30
PRPO,2025,7,23.457102467967427,1.5396874988739249,27.99,19.46,31
PRPO,2025,8,22.136143825573253,1.3558562277991304,26.76,18.82,31
PRPO,2025,9,18.416773546636573,1.9998252342223826,23.64,13.85,30
PRPO,2025,10,14.011888532162782,3.5776198579603093,20.41,9.16,18
SUGG,2017,8,29.813932244450093,0.7820077719161288,35.51,28.15,12
SUGG,2017,9,28.274394188695354,1.4228870530229945,34.79,24.19,30
SUGG,2017,10,25.72597045193645,2.2316023402675342,32.45,19.36,31
SUGG,2017,11,20.31769010325984,1.7694767666429285,27.29,17.85,29
SUGG,2017,12,17.642155487575472,2.2725700932642527,25.08,13.54,31
SUGG,2018,1,12.435574119867676,2.3013606850023,18.52,8.01,30
SUGG,2018,2,18.08444962093657,3.0525810220783214,24.04,13.61,17
SUGG,2018,3,19.694943207928972,1.5203120426659733,24.04,16.65,31
SUGG,2018,4,23.058014067424907,1.426573689140243,28.64,19.96,30
SUGG,2018,5,26.008960801310455,1.054109102448414,31.48,23.78,9
SUGG,2018,6,30.13244205128206,0.7708346223785415,34.99,28.68,5
SUGG,2018,7,30.036299251492295,1.5134281644772836,35.63,26.51,21
SUGG,2018,8,30.198126408061842,0.8710111655015955,35.36,27.25,31
SUGG,2018,9,30.033802129565345,1.0168170906477205,35.35,27.24,30
SUGG,2018,10,26.735434422766964,2.2926547535396478,34.03,21.73,31
SUGG,2018,11,21.341495363453646,2.5057421507665163,28.72,15.31,30
SUGG,2018,12,16.226448730956303,1.1997990632527509,20.54,13.92,27
SUGG,2019,1,15.343871162505545,1.5387560147715067,19.82,11.75,18
SUGG,2019,2,19.753275922223835,2.8220540137768477,27.03,11.68,22
SUGG,2019,3,20.85042100523746,1.5845892623529436,26.84,16.88,31
SUGG,2019,4,24.621049114940668,1.8501552335993563,31.93,19.82,30
SUGG,2019,5,28.796550596397147,1.3511769188548393,35.92,25.68,31
SUGG,2019,6,30.34406954392438,1.6161949443083337,35.66,27.25,30
SUGG,2019,7,30.939544335435613,1.135078999783601,35.86,27.86,28
SUGG,2019,8,30.753685628033306,1.245856071571091,35.69,27.35,31
SUGG,2019,9,29.412196812543705,1.1447268369152153,35.6,26.89,30
SUGG,2019,10,26.643300828712512,1.2963396751541993,30.89,23.97,31
SUGG,2019,11,20.45187336931296,3.2280479410001415,28.58,15.45,25
SUGG,2019,12,17.91807598839114,1.4406512697329275,21.76,14.87,31
SUGG,2020,1,17.118349702987835,1.9219802157050812,20.84,13.57,31
SUGG,2020,2,16.74156158434232,1.636225279452676,20.7,13.98,19
SUGG,2020,3,20.78823959059894,2.557924037746462,26.22,15.6,31
SUGG,2020,4,24.486837090561203,1.0714765742160903,27.07,22.51,30
SUGG,2020,5,26.158812010573104,1.290955292271916,28.91,23.43,31
SUGG,2020,6,28.0919033537325,0.9234094663053094,31.3,26.36,30
SUGG,2020,7,29.47940166054497,0.6446266014035328,31.75,28.13,10
SUGG,2020,9,27.92186188963346,1.5061625390908284,30.32,25.24,24
SUGG,2020,10,25.618595682316222,0.9495333948821001,27.96,23.47,31
SUGG,2020,11,22.283759747272324,1.5016998065801734,25.72,19.44,30
SUGG,2020,12,15.897240379370842,1.6485507713954057,21.87,13.43,21
SUGG,2021,4,23.37391530861862,1.7718240451866396,28.55,19.8,23
SUGG,2021,5,27.231525885383647,1.5593328890527174,32.36,23.99,31
SUGG,2021,6,28.963751927473822,1.079808350933911,33.55,26.48,30
SUGG,2021,7,29.823581437520357,1.244863691257704,34.21,26.44,31
SUGG,2021,8,30.250936471481396,1.1307881202138073,34.83,27.44,31
SUGG,2021,9,28.772990298414168,0.842465017002592,33.5,26.39,30
SUGG,2021,10,26.237457167602525,1.4084901503362053,29.82,21.51,31
SUGG,2021,11,18.93523113691246,1.6359062830399236,24.35,15.6,30
SUGG,2021,12,18.94935835222687,1.621541880233854,22.78,15.24,31
SUGG,2022,1,15.964470550722492,3.0371701388512427,22.85,11.36,26
SUGG,2022,2,17.424765264937037,3.4139603241813883,26.26,11.34,28
SUGG,2022,3,21.47444741682654,1.462894673757899,29,17.54,31
SUGG,2022,4,24.60296843140336,1.552386861846688,30.78,21.13,30
SUGG,2022,5,28.28559622482002,1.588388070808089,34.79,24.54,31
SUGG,2022,6,30.8700931342306,0.9372081788083239,35.87,27.93,30
SUGG,2022,7,31.353551906555182,0.8529353964712383,35.9,29.12,31
SUGG,2022,8,31.21475267965934,0.7754686037879356,35.84,28.98,31
SUGG,2022,9,29.151325537702423,1.7749810835661817,35.53,22.01,30
SUGG,2022,10,24.135007918484828,1.7293441190514396,29.2,19.88,31
SUGG,2022,11,21.326230652454775,2.669461743460045,28.85,16.01,30
SUGG,2022,12,17.698567364062217,3.534185950087104,25.09,10.21,31
SUGG,2023,1,16.37721124389515,1.3500900991694529,20.78,12.63,31
SUGG,2023,2,20.2396745100986,2.092605211738841,27.36,10.56,28
SUGG,2023,3,22.83349490307436,2.0060330048985557,28.85,17.94,31
SUGG,2023,4,24.92457861188751,1.495415955908882,31.54,21.46,30
SUGG,2023,5,27.27225787991113,1.631817473384069,34.53,23.98,31
SUGG,2023,6,29.115324526512765,1.4870556016829592,34.4,26.34,30
SUGG,2023,7,31.68072851343352,0.9749497513825109,35.86,29.21,31
SUGG,2023,8,31.763975479261852,1.1765959249025213,35.68,28.84,31
SUGG,2023,9,29.50717445710593,1.2964011727495648,35.69,25.9,30
SUGG,2023,10,24.753568096986786,1.4449350615359033,29.94,21.9,31
SUGG,2023,11,20.67727404910044,1.9253521234543893,26.64,15.67,25
SUGG,2023,12,16.83858093892788,1.4252284215321576,21.35,14.25,31
SUGG,2024,1,15.127633994042974,2.022944324812337,21.51,11.39,30
SUGG,2024,2,16.964006186408465,1.0328817013753688,20.07,14.64,26
SUGG,2024,3,21.881123154698503,1.2972456729848434,27.95,18.29,31
SUGG,2024,4,24.389434154620766,2.0149947140422513,31.9,20.87,30
SUGG,2024,5,29.040641343813856,1.523609598595873,34.86,24.48,31
SUGG,2024,6,30.476606367242045,1.2441489632931728,34.91,27.03,30
SUGG,2024,7,31.4673103119266,0.6070589981847558,35.75,28.98,31
SUGG,2024,8,30.853104342262505,1.2574257957664712,35.23,26.7,31
SUGG,2024,9,29.3707433454719,1.2080471752914872,35.35,27.03,20
SUGG,2024,10,25.086798786612594,2.5281503632048663,32.1,20.91,31
SUGG,2024,11,22.700408540916655,2.7599592736325067,28.3,17.27,24
SUGG,2024,12,16.37258778645212,1.6136446620697673,21.64,13.72,31
SUGG,2025,1,13.451712958632855,2.307124542003639,20.4,8.9,31
SUGG,2025,2,19.151725541125867,2.0747288632802494,26.33,14.97,28
SUGG,2025,3,20.01711590994947,1.5671082641125014,28.86,16.96,31
SUGG,2025,4,25.98295708365019,1.5230961218920567,33.08,21.45,30
SUGG,2025,5,29.06080237314576,1.677174668190185,35.47,25.51,31
SUGG,2025,6,30.7474629126155,1.0001646757519986,34.24,27.38,30
SUGG,2025,7,31.41547532011609,1.4157634496028282,35.94,28.4,28
SUGG,2025,8,31.889995495187982,0.7789674977870755,35.58,29.45,31
SUGG,2025,9,28.568080130612802,0.9123946749919201,35.46,26.07,30
SUGG,2025,10,24.89797372002026,1.4893410624285621,27.98,19.81,31
SUGG,2025,11,20.00454833372997,2.1381610406799902,25.22,14.5,30
SUGG,2025,12,16.521950795240176,2.971768121603339,22.19,10,31
SUGG,2026,1,14.31625,NA,14.77,13.83,1
TOMB,2018,7,32.06095330424195,0.3978695245948851,35.05,31.28,6
TOMB,2018,8,31.433689514272306,0.5731936222017109,35.34,29.87,29
TOMB,2018,9,29.157884002520078,1.9450675975773677,34.92,22.8,30
TOMB,2018,10,29.3195626614987,0.350003242172603,30.74,28.87,3
TOMB,2021,5,24.55095780537129,1.343896130768297,27.43,22.33,12
TOMB,2021,6,25.872199683621385,0.834560467654717,29.45,24.75,13
TOMB,2021,7,28.253632014590355,1.0238333458434055,29.87,26.79,9
TOMB,2021,8,30.084707953260576,0.6778858529892735,32.57,27.95,31
TOMB,2021,9,26.30827396557614,0.7340578963638517,29.1,24.82,30
TOMB,2021,10,24.382686355989385,1.007463663008334,26.85,21.42,31
TOMB,2021,11,18.033482497651324,1.6974603688723608,22.41,15.01,30
TOMB,2022,5,26.343096258278976,1.3328826008391823,30.49,23.62,26
TOMB,2022,6,30.110346024827926,1.5300897531461888,33.84,26.96,26
TOMB,2022,7,32.35028198653198,0.6685396908878025,34.32,30.77,12
TOMB,2022,8,31.508679342010748,1.2932841350633657,34.92,27.17,23
TOMB,2022,9,27.74039873017385,0.8029682595871637,31.35,25.88,30
TOMB,2022,10,23.390130788290968,2.2642480910308755,27.96,19.97,31
TOMB,2022,11,18.607064780805846,2.150093999205847,22.74,14.92,30
TOMB,2022,12,13.887952463034228,2.4390412122349963,16.45,8.92,29
TOMB,2023,1,11.986082759412318,1.173358802283731,14.87,10.39,11
TOMB,2023,2,11.9688633485309,1.9056157157509943,16.49,9.15,28
TOMB,2023,3,16.951334462973037,1.395481204243506,19.1,14.07,31
TOMB,2023,4,19.77276041974937,0.5429481843728394,20.71,18.46,18
TOMB,2023,5,25.6945631445478,0.30496627409309957,27.74,25.03,8
TOMB,2023,6,27.819312769376765,1.3795203713985482,33.61,24.6,30
TOMB,2023,7,29.62151032443005,1.5547513683315173,34.58,26.44,31
TOMB,2023,8,32.20214965959748,0.4094893479620024,34.73,30.2,30
TOMB,2023,9,30.120533465541385,0.9966298476136152,33.61,28.04,24
TOMB,2023,10,25.232464997870863,1.8844202662171703,29.14,22.41,31
TOMB,2023,11,16.8615625,NA,18.04,16.44,1
TOMB,2023,12,14.494257106779955,1.447452019210418,18.27,12.17,31
TOMB,2024,1,10.20318539467069,1.5366789698737813,13.16,7.43,30
TOMB,2024,2,12.084202938593176,1.0425138176267157,14.63,10.48,29
TOMB,2024,3,15.615681480666517,1.0290108675956742,17.12,13.34,30
TOMB,2024,4,19.154063336296673,1.2782335013608717,22.93,16.65,28
TOMB,2024,5,25.716327098551805,1.9279847711740916,31.9,21.95,27
TOMB,2024,6,29.974019810265556,1.0501103660855027,34,28.03,21
TOMB,2024,7,31.83495224691603,1.6982757895324037,35.28,28.31,24
TOMB,2024,8,32.55372117238371,0.6291714884913852,35.22,30.38,16
TOMB,2025,1,9.612315626385062,1.7114334654999697,12.91,7.16,29
TOMB,2025,2,11.297913107325876,1.6932070328693687,14.44,8.5,28
TOMB,2025,3,14.664238916574657,2.0598569286966084,17.89,10.87,31
TOMB,2025,4,20.150570008816217,1.4590853327072462,22.99,17.86,30
TOMB,2025,5,23.547166826000183,1.600876501709805,26.6,20.89,25
TOMB,2025,6,26.51895274056357,1.2498206422185452,29.65,24,30
TOMB,2025,7,30.90853558151394,1.3970979862240167,35.75,28.08,31
TOMB,2025,8,31.935274303069104,0.5917434972431553,35.91,30.3,31
TOMB,2025,9,29.875158716237348,0.558791111180984,33.7,28.43,30
TOMB,2025,10,26.48695524428145,1.8224740646366113,30.19,21.57,30
TOMB,2025,11,19.888004399359765,0.934045727644422,22.94,18.44,21
TOMB,2025,12,13.255057929659454,0.5221070717299691,15.14,12.25,15
TOMB,2026,1,13.50875,NA,13.98,13.13,1
TOOK,2019,7,16.16250714285714,0.8666598650472205,17.51,15.03,5
TOOK,2019,8,13.389821428571425,0.8208822976521292,14.54,12.69,4
TOOK,2019,9,7.495,0.007071067811865324,7.5,7.49,2
TOOK,2021,6,8.884043478260871,0.1880289162494299,9.31,8.43,2
TOOK,2021,7,13.418039617535324,2.310727405670232,17.89,8.52,31
TOOK,2021,8,11.264230126868028,2.452357142140795,16.27,7.58,31
TOOK,2021,9,8.038064238265534,0.23765207592637708,9.43,7.56,12
TOOK,2022,6,8.533039445907166,1.09379860457659,11.42,5.32,6
TOOK,2022,7,13.741784891531134,2.110954831473695,18.49,10.24,29
TOOK,2022,8,10.055406438777428,0.8005214725192233,12.73,8.78,29
TOOK,2022,9,8.629614583333334,0.7167557359832397,10.12,7.29,20
TOOK,2023,6,10.018860294117644,0.6185624541012066,11.94,9.21,2
TOOK,2023,7,14.087017052342665,2.798680144654513,19.8,9.44,31
TOOK,2023,8,13.784146362349286,2.871936581048486,18.15,9.06,28
TOOK,2023,9,7.803946078431373,0.9849159213495123,9.92,6.55,17
TOOK,2024,6,11.993821022727275,0.1711861937711279,12.79,10.63,4
TOOK,2024,7,13.535674584149604,2.1726876508100688,19.04,9.56,31
TOOK,2024,8,11.003559540150995,1.4238987710408797,13.53,8.59,31
TOOK,2024,9,7.610196231319039,0.41125410621010994,9.03,7.03,18
TOOK,2025,7,14.567706985049243,1.3644907503151427,18.94,11.49,25
TOOK,2025,8,11.368744905359563,2.5307621721927056,17.08,7.13,31
TOOK,2025,9,6.665112777698322,0.4991895073248778,7.3,5.56,16
