siteID,date,mean_body_length,temp_mean_monthly,TN_mean,TP_mean,meanDO_avg,mean_count_per_liter
BARC,2017-10-01,0.35694444444444445,27.174624084877603,0.22656666666666667,0.03,6.387845271506389,3.815084348046677
BARC,2017-10-01,0.24675,27.174624084877603,0.22656666666666667,0.03,6.387845271506389,3.35
BARC,2017-10-01,0.2633333333333333,27.174624084877603,0.22656666666666667,0.03,6.387845271506389,5.158730158730158
BARC,2019-07-01,0.46979166666666666,31.77259669877512,0.2519,0.0344,5.195500413821365,6.786090621707061
BARC,2019-07-01,0.4125,31.77259669877512,0.2519,0.0344,5.195500413821365,2.3768645357686453
BARC,2019-07-01,0.475,31.77259669877512,0.2519,0.0344,5.195500413821365,13.520725849492973
BARC,2019-10-01,0.49625,27.42080335661556,0.2573,0.0328,5.954464837559916,3.1963470319634704
BARC,2019-10-01,0.4116071428571429,27.42080335661556,0.2573,0.0328,5.954464837559916,4.410714285714286
BARC,2020-02-01,0.5057692307692307,17.714569129008517,0.3557,0.012,8.602172635908847,10.824025289778714
BARC,2020-02-01,0.45865384615384613,17.714569129008517,0.3557,0.012,8.602172635908847,1.3846153846153846
BARC,2020-02-01,0.3625,17.714569129008517,0.3557,0.012,8.602172635908847,0.8371212121212122
BARC,2020-07-01,0.4475,31.456411290322592,0.2175,0.0111,6.082419826023735,11.364789446981227
BARC,2020-07-01,0.3761904761904762,31.456411290322592,0.2175,0.0111,6.082419826023735,2.1706349206349205
BARC,2020-07-01,0.28625,31.456411290322592,0.2175,0.0111,6.082419826023735,3.2083333333333335
BARC,2020-10-01,0.8887499999999999,27.017940379946808,0.2102,0.006,6.518821676665388,11.85458377239199
BARC,2020-10-01,0.5525,27.017940379946808,0.2102,0.006,6.518821676665388,10.666666666666666
BARC,2020-10-01,0.44134615384615383,27.017940379946808,0.2102,0.006,6.518821676665388,7.628205128205128
BARC,2021-07-01,0.525,30.275979641013382,0.9927,0.0065,6.575689518203862,3.6621004566210047
BARC,2021-07-01,0.3833333333333333,30.275979641013382,0.9927,0.0065,6.575689518203862,2.1064814814814814
BARC,2021-07-01,0.418125,30.275979641013382,0.9927,0.0065,6.575689518203862,1.86875
BARC,2022-07-01,0.6714285714285715,31.67432046323587,0.1997,0.009,NA,0.995740762058248
BARC,2022-07-01,0.5242857142857142,31.67432046323587,0.1997,0.009,NA,2.5714285714285716
BARC,2022-07-01,0.6833333333333333,31.67432046323587,0.1997,0.009,NA,12.916666666666668
BARC,2022-11-01,0.3986363636363636,22.10460031974779,0.2114,0.0107,7.823139334676793,0.2646326276463263
BARC,2022-11-01,0.40615384615384614,22.10460031974779,0.2114,0.0107,7.823139334676793,1.269230769230769
BARC,2022-11-01,0.30375,22.10460031974779,0.2114,0.0107,7.823139334676793,0.5972222222222222
BARC,2023-06-01,0.6166666666666667,29.023759765590963,0.2364,0.0093,7.520647614902387,1.507911224381438
BARC,2023-06-01,0.48142857142857143,29.023759765590963,0.2364,0.0093,7.520647614902387,2.25
BARC,2023-06-01,0.5375,29.023759765590963,0.2364,0.0093,7.520647614902387,2.84375
BARC,2023-11-01,0.32599999999999996,21.4979896616766,0.28500000000000003,0.0058,7.595401955762693,1.36986301369863
BARC,2023-11-01,0.238,21.4979896616766,0.28500000000000003,0.0058,7.595401955762693,3.972222222222222
BARC,2023-11-01,0.28625,21.4979896616766,0.28500000000000003,0.0058,7.595401955762693,2.6284722222222223
BARC,2024-02-01,0.309,16.94543905307984,0.28,0.0047,9.076548173597237,2.545143212951432
BARC,2024-02-01,0.3088461538461538,16.94543905307984,0.28,0.0047,9.076548173597237,5.02991452991453
BARC,2024-02-01,0.26249999999999996,16.94543905307984,0.28,0.0047,9.076548173597237,3.5902777777777777
BARC,2024-07-01,0.3683333333333333,31.697217861299283,0.36,0.0091,6.134297803572658,5.3816046966731905
BARC,2024-07-01,0.4015,31.697217861299283,0.36,0.0091,6.134297803572658,1.1444444444444444
BARC,2024-07-01,0.45666666666666667,31.697217861299283,0.36,0.0091,6.134297803572658,2.833333333333333
BARC,2024-10-01,0.45,25.98495731710167,0.29000000000000004,0.00735,6.718499114890484,4.251634495641346
BARC,2024-10-01,0.2728,25.98495731710167,0.29000000000000004,0.00735,6.718499114890484,3.25
BARC,2024-10-01,0.261875,25.98495731710167,0.29000000000000004,0.00735,6.718499114890484,0.3125
CRAM,2018-05-01,0.325,22.53991481208853,0.506525,0.086975,NA,0.8740011415525114
CRAM,2018-05-01,0.2826315789473684,22.53991481208853,0.506525,0.086975,NA,41.93958333333333
CRAM,2018-05-01,0.2540625,22.53991481208853,0.506525,0.086975,NA,6.828431372549019
CRAM,2018-07-01,0.29250000000000004,24.547423858433223,0.3197,0.034,NA,12.892982732378105
CRAM,2018-07-01,0.1895,24.547423858433223,0.3197,0.034,NA,38.6
CRAM,2018-07-01,0.16083333333333333,24.547423858433223,0.3197,0.034,NA,32.42129629629629
CRAM,2018-10-01,0.7946666666666666,12.8547931184669,0.456175,0.4809250000000001,NA,0.420882800608828
CRAM,2018-10-01,0.23058823529411765,12.8547931184669,0.456175,0.4809250000000001,NA,16.544117647058822
CRAM,2018-10-01,0.2661538461538462,12.8547931184669,0.456175,0.4809250000000001,NA,17.76282051282051
CRAM,2019-05-01,0.2838095238095238,11.37503258290688,0.33294999999999997,0.0655,NA,1.596192408977797
CRAM,2019-05-01,0.19316666666666668,11.37503258290688,0.33294999999999997,0.0655,NA,11.666666666666666
CRAM,2019-05-01,0.2292857142857143,11.37503258290688,0.33294999999999997,0.0655,NA,23.80952380952381
CRAM,2019-07-01,0.33571428571428574,24.92025460815172,0.341475,0.1322166666666665,NA,10.219369671424465
CRAM,2019-07-01,0.14305555555555555,24.92025460815172,0.341475,0.1322166666666665,NA,37.777777777777786
CRAM,2019-07-01,0.14431818181818182,24.92025460815172,0.341475,0.1322166666666665,NA,79.69696969696969
CRAM,2021-07-01,0.2763157894736842,24.714106570873888,0.2428,0.0177,7.206808052168543,1.2842465753424657
CRAM,2021-07-01,0.11979166666666666,24.714106570873888,0.2428,0.0177,7.206808052168543,19.93589743589744
CRAM,2021-07-01,0.13874999999999998,24.714106570873888,0.2428,0.0177,7.206808052168543,11.21590909090909
CRAM,2022-05-01,0.9594117647058824,14.22549963127944,0.37155,0.01315,8.749788117129725,0.8139686826229936
CRAM,2022-05-01,0.3253125,14.22549963127944,0.37155,0.01315,8.749788117129725,10.208333333333332
CRAM,2022-05-01,0.25384615384615383,14.22549963127944,0.37155,0.01315,8.749788117129725,2.625
CRAM,2022-07-01,0.88,23.69915315120408,0.31575,0.08435,8.385009554140126,0.4819532091734646
CRAM,2022-07-01,0.17583333333333334,23.69915315120408,0.31575,0.08435,8.385009554140126,2.861111111111111
CRAM,2022-07-01,0.23125,23.69915315120408,0.31575,0.08435,8.385009554140126,1.7708333333333337
CRAM,2022-09-01,0.8946666666666666,19.941142638846063,0.3503,0.0197,7.307727531897945,0.7730151716011194
CRAM,2022-09-01,0.20576923076923076,19.941142638846063,0.3503,0.0197,7.307727531897945,16.439102564102562
CRAM,2022-09-01,0.2222727272727273,19.941142638846063,0.3503,0.0197,7.307727531897945,33.86363636363636
CRAM,2023-05-01,0.7053846153846154,17.084404214244064,0.35735,0.0156,9.124123467210252,0.5485650529969628
CRAM,2023-05-01,0.267,17.084404214244064,0.35735,0.0156,9.124123467210252,2.6916666666666664
CRAM,2023-05-01,0.22923076923076924,17.084404214244064,0.35735,0.0156,9.124123467210252,1.8333333333333337
CRAM,2023-07-01,0.6108823529411764,23.28789153810192,0.35675,0.01515,7.573827864381507,0.34009574821064603
CRAM,2023-07-01,0.2611111111111111,23.28789153810192,0.35675,0.01515,7.573827864381507,8.680555555555555
CRAM,2023-07-01,0.16333333333333333,23.28789153810192,0.35675,0.01515,7.573827864381507,5.736111111111111
CRAM,2024-04-01,0.2673333333333333,5.802172361484314,0.255,0.00995,13.100943296385587,0.4995970991136181
CRAM,2024-04-01,0.24285714285714283,5.802172361484314,0.255,0.00995,13.100943296385587,63.392857142857146
CRAM,2024-04-01,0.243,5.802172361484314,0.255,0.00995,13.100943296385587,16.47083333333333
CRAM,2024-09-01,1.5475,20.896822123719456,0.42,0.0289,7.448538468744244,3.75280199252802
CRAM,2024-09-01,0.3813636363636364,20.896822123719456,0.42,0.0289,7.448538468744244,3.9090909090909087
CRAM,2024-09-01,0.3109375,20.896822123719456,0.42,0.0289,7.448538468744244,7.971354166666666
LIRO,2018-09-01,0.7475,20.022039373265496,0.316,0.008,NA,7.279843444227006
LIRO,2018-09-01,0.42272727272727273,20.022039373265496,0.316,0.008,NA,4.761363636363636
LIRO,2018-09-01,0.422,20.022039373265496,0.316,0.008,NA,8.025
LIRO,2019-05-01,0.2673076923076923,12.17571803349195,0.29855,0.136,NA,20.271338250790304
LIRO,2019-05-01,0.30454545454545456,12.17571803349195,0.29855,0.136,NA,34.090909090909086
LIRO,2019-05-01,0.36826923076923074,12.17571803349195,0.29855,0.136,NA,43.97435897435897
LIRO,2019-07-01,0.5208333333333334,25.57395638499562,0.27975,0.12440000000000016,NA,5.9908675799086755
LIRO,2019-07-01,0.5391666666666667,25.57395638499562,0.27975,0.12440000000000016,NA,4.1305555555555555
LIRO,2019-07-01,0.5651785714285714,25.57395638499562,0.27975,0.12440000000000016,NA,2.0863095238095237
LIRO,2020-06-01,0.23846153846153847,22.90596712320258,0.3076,0.0186,NA,51.04788666432502
LIRO,2020-06-01,0.18472222222222223,22.90596712320258,0.3076,0.0186,NA,277.037037037037
LIRO,2020-06-01,0.22083333333333333,22.90596712320258,0.3076,0.0186,NA,235.23809523809527
LIRO,2021-04-01,0.29921875,9.326239379543006,0.2852,0.01935,NA,11.760676873489125
LIRO,2021-04-01,0.23515625,9.326239379543006,0.2852,0.01935,NA,19.6875
LIRO,2021-04-01,0.30416666666666664,9.326239379543006,0.2852,0.01935,NA,60.92592592592593
LIRO,2021-07-01,0.6073863636363637,25.015978323038212,0.2114,0.0173,7.634063123035039,2.2459180849591807
LIRO,2021-07-01,0.4041666666666667,25.015978323038212,0.2114,0.0173,7.634063123035039,5.881410256410256
LIRO,2021-07-01,0.4798076923076923,25.015978323038212,0.2114,0.0173,7.634063123035039,5.032051282051282
LIRO,2022-05-01,0.9970588235294118,15.377664867379158,0.32120000000000004,0.0155,9.537428126373156,0.7884727023818807
LIRO,2022-05-01,0.5696153846153846,15.377664867379158,0.32120000000000004,0.0155,9.537428126373156,4.8076923076923075
LIRO,2022-05-01,0.25857142857142856,15.377664867379158,0.32120000000000004,0.0155,9.537428126373156,0.8988095238095238
LIRO,2022-07-01,1.1784615384615384,24.279277149739563,0.24765,0.03305,8.293592796092796,2.3533544081489284
LIRO,2022-07-01,0.4362500000000001,24.279277149739563,0.24765,0.03305,8.293592796092796,2.916666666666667
LIRO,2022-07-01,0.468,24.279277149739563,0.24765,0.03305,8.293592796092796,8.583333333333334
LIRO,2022-09-01,0.7059090909090909,19.983185135933805,0.1956,0.0113,7.678277903075474,1.1558219178082192
LIRO,2022-09-01,0.40454545454545454,19.983185135933805,0.1956,0.0113,7.678277903075474,4.318181818181818
LIRO,2022-09-01,0.3695,19.983185135933805,0.1956,0.0113,7.678277903075474,10.6
LIRO,2023-05-01,0.40807692307692306,17.19277493162399,0.364,0.0218,9.7255105858517,1.5200210748155956
LIRO,2023-05-01,0.34444444444444444,17.19277493162399,0.364,0.0218,9.7255105858517,4.560185185185185
LIRO,2023-05-01,0.34500000000000003,17.19277493162399,0.364,0.0218,9.7255105858517,4.666666666666667
LIRO,2023-07-01,1.028846153846154,23.784128631892013,0.3043,0.0126,8.257518048947349,0.7432838188472303
LIRO,2023-07-01,0.261875,23.784128631892013,0.3043,0.0126,8.257518048947349,8.59375
LIRO,2023-07-01,0.376,23.784128631892013,0.3043,0.0126,8.257518048947349,9.979166666666666
LIRO,2024-04-01,0.2025,7.167450103379799,0.22,0.0133,11.26371262855094,16.60743639921722
LIRO,2024-04-01,0.22607142857142856,7.167450103379799,0.22,0.0133,11.26371262855094,18.0625
LIRO,2024-04-01,0.25058823529411767,7.167450103379799,0.22,0.0133,11.26371262855094,73.02696078431373
LIRO,2024-07-01,0.7181818181818181,24.007312996727443,0.275,0.0106,7.832026850944308,6.323951847239519
LIRO,2024-07-01,0.59,24.007312996727443,0.275,0.0106,7.832026850944308,10.952380952380953
LIRO,2024-07-01,0.463,24.007312996727443,0.275,0.0106,7.832026850944308,6.316666666666667
LIRO,2024-09-01,0.6482142857142857,21.10453382419589,0.29,0.013,7.872220630807367,1.462249123924817
LIRO,2024-09-01,0.4640384615384615,21.10453382419589,0.29,0.013,7.872220630807367,2.2788461538461537
PRLA,2017-09-01,0.3957692307692307,12.79627083333335,4.714,0.298,NA,220.0854700854701
PRLA,2017-09-01,0.435,12.79627083333335,4.714,0.298,NA,169.0773809523809
PRLA,2017-09-01,0.2946153846153846,12.79627083333335,4.714,0.298,NA,149.74358974358975
PRLA,2018-07-01,0.4385,23.46207935804033,5.191,0.446,6.992251497539849,105.95555555555556
PRLA,2018-07-01,0.44272727272727275,23.46207935804033,5.191,0.446,6.992251497539849,74.5871212121212
PRLA,2018-07-01,0.46818181818181814,23.46207935804033,5.191,0.446,6.992251497539849,83.81818181818181
PRLA,2018-09-01,0.432,15.412907558378874,5.279,0.4417,7.425790371632006,29.798148148148147
PRLA,2018-09-01,0.4269230769230769,15.412907558378874,5.279,0.4417,7.425790371632006,21.31410256410256
PRLA,2018-09-01,0.398125,15.412907558378874,5.279,0.4417,7.425790371632006,25.78125
PRLA,2019-07-01,1.0304444444444445,24.62166279540955,4.77433333333333,0.4246,2.082388568620576,4.870370370370371
PRLA,2019-07-01,1.0563333333333331,24.62166279540955,4.77433333333333,0.4246,2.082388568620576,9.02777777777778
PRLA,2019-07-01,1.251375,24.62166279540955,4.77433333333333,0.4246,2.082388568620576,12.1875
PRLA,2019-09-01,0.7587272727272727,17.143605299079873,3.87333333333333,0.375425,6.511926142502325,16.62878787878788
PRLA,2019-09-01,0.6676,17.143605299079873,3.87333333333333,0.375425,6.511926142502325,12.429166666666667
PRLA,2019-09-01,0.7220909090909091,17.143605299079873,3.87333333333333,0.375425,6.511926142502325,25.83712121212121
PRLA,2020-06-01,0.9250454545454546,20.2365662634012,2.2344999999999997,0.34355,8.417391982847757,20.1010101010101
PRLA,2020-06-01,1.0494,20.2365662634012,2.2344999999999997,0.34355,8.417391982847757,16.958333333333332
PRLA,2020-06-01,0.5960666666666666,20.2365662634012,2.2344999999999997,0.34355,8.417391982847757,2.6527777777777777
PRLA,2021-09-01,0.6714285714285714,17.102907801418432,5.723,0.1856,NA,11.714285714285715
PRLA,2021-09-01,0.7939999999999999,17.102907801418432,5.723,0.1856,NA,14.25
PRLA,2021-09-01,0.66,17.102907801418432,5.723,0.1856,NA,14.74404761904762
PRLA,2022-07-01,0.6254545454545454,23.96811489844499,NA,0.3625,12.607666666666647,38.63636363636364
PRLA,2022-07-01,0.587,23.96811489844499,NA,0.3625,12.607666666666647,31.770833333333336
PRLA,2022-07-01,0.617,23.96811489844499,NA,0.3625,12.607666666666647,38.5
PRLA,2022-09-01,0.36333333333333334,17.2653712962963,4.624,0.3807,8.63711980668893,2.6694444444444443
PRLA,2022-09-01,0.40285714285714286,17.2653712962963,4.624,0.3807,8.63711980668893,2.5595238095238098
PRLA,2022-09-01,0.3878571428571429,17.2653712962963,4.624,0.3807,8.63711980668893,8.37797619047619
PRLA,2023-05-01,0.399,17.904133700194638,2.659,0.156,8.555981996548013,0.06666666666666667
PRLA,2023-05-01,0.5625,17.904133700194638,2.659,0.156,8.555981996548013,0.05208333333333333
PRLA,2023-05-01,0.52,17.904133700194638,2.659,0.156,8.555981996548013,0.05555555555555554
PRLA,2023-09-01,0.308125,18.512302457627452,3.18833333333333,0.227533333333333,9.0241133804911,62.84722222222222
PRLA,2023-09-01,0.48083333333333333,18.512302457627452,3.18833333333333,0.227533333333333,9.0241133804911,125.02083333333334
PRLA,2023-09-01,0.2316666666666667,18.512302457627452,3.18833333333333,0.227533333333333,9.0241133804911,40.57638888888889
PRLA,2024-04-01,0.426,8.13410256410256,3.63,0.1937,NA,55.833333333333336
PRLA,2024-04-01,0.62375,8.13410256410256,3.63,0.1937,NA,224.64583333333331
PRLA,2024-04-01,0.2891666666666667,8.13410256410256,3.63,0.1937,NA,30.90277777777778
PRLA,2024-07-01,0.244375,23.86436392287434,2.69,0.152633333333333,9.75528460809712,153.8125
PRLA,2024-07-01,0.30714285714285716,23.86436392287434,2.69,0.152633333333333,9.75528460809712,104.45833333333331
PRLA,2024-07-01,0.19785714285714284,23.86436392287434,2.69,0.152633333333333,9.75528460809712,119.57142857142856
PRLA,2024-09-01,0.25266666666666665,19.020867274929465,3.68,0.234,8.117779206925896,75.92592592592592
PRLA,2024-09-01,0.265,19.020867274929465,3.68,0.234,8.117779206925896,48.06944444444444
PRLA,2024-09-01,0.2076666666666667,19.020867274929465,3.68,0.234,8.117779206925896,52.083333333333336
PRPO,2018-05-01,0.3835714285714286,22.466968641114953,3.237,0.1488,NA,6.215277777777777
PRPO,2018-05-01,0.365,22.466968641114953,3.237,0.1488,NA,3.4861111111111107
PRPO,2018-05-01,0.3591666666666667,22.466968641114953,3.237,0.1488,NA,4.738095238095239
PRPO,2018-07-01,0.40090909090909094,23.59733175771648,3.098,0.185,NA,75.92676767676767
PRPO,2018-07-01,0.36777777777777776,23.59733175771648,3.098,0.185,NA,54.162037037037045
PRPO,2018-07-01,0.4095,23.59733175771648,3.098,0.185,NA,73.44583333333334
PRPO,2018-09-01,0.3640909090909091,15.4792365125053,3.435,0.015,8.396143302677766,288.4848484848485
PRPO,2018-09-01,0.37875,15.4792365125053,3.435,0.015,8.396143302677766,353.125
PRPO,2018-09-01,0.3942857142857143,15.4792365125053,3.435,0.015,8.396143302677766,564.2857142857143
PRPO,2019-07-01,0.7152000000000001,24.518890436240863,4.94966666666667,0.4122,4.683882287278307,76.55833333333334
PRPO,2019-07-01,0.8323846153846154,24.518890436240863,4.94966666666667,0.4122,4.683882287278307,21.55448717948718
PRPO,2019-07-01,1.0407857142857142,24.518890436240863,4.94966666666667,0.4122,4.683882287278307,129.4523809523809
PRPO,2019-09-01,0.78635,16.8218064267293,3.00666666666667,0.3443,8.735114507728698,16.28611111111111
PRPO,2019-09-01,1.091,16.8218064267293,3.00666666666667,0.3443,8.735114507728698,70.83333333333333
PRPO,2019-09-01,1.022,16.8218064267293,3.00666666666667,0.3443,8.735114507728698,68.05555555555556
PRPO,2020-06-01,0.8196153846153846,20.86754768828858,3.388333333333335,0.25165,8.149597414233735,4.314102564102564
PRPO,2020-06-01,0.835,20.86754768828858,3.388333333333335,0.25165,8.149597414233735,2.363888888888889
PRPO,2020-06-01,0.9419166666666666,20.86754768828858,3.388333333333335,0.25165,8.149597414233735,5.142361111111111
PRPO,2020-09-01,0.4597142857142857,15.498526719995604,2.61833333333333,0.1482,8.925246670956035,15.634920634920636
PRPO,2020-09-01,0.44910714285714287,15.498526719995604,2.61833333333333,0.1482,8.925246670956035,19.282738095238095
PRPO,2020-09-01,0.5361923076923077,15.498526719995604,2.61833333333333,0.1482,8.925246670956035,9.939102564102564
PRPO,2021-09-01,0.68,17.14207147916881,3.452,0.1988,8.298300956157268,30.250000000000004
PRPO,2021-09-01,0.43,17.14207147916881,3.452,0.1988,8.298300956157268,73.36309523809524
PRPO,2021-09-01,0.625,17.14207147916881,3.452,0.1988,8.298300956157268,97.08333333333331
PRPO,2022-05-01,0.426,13.120901265994751,NA,0.1311,9.850530832271136,1.7
PRPO,2022-05-01,0.12,13.120901265994751,NA,0.1311,9.850530832271136,8.083333333333334
PRPO,2022-05-01,0.192,13.120901265994751,NA,0.1311,9.850530832271136,2.408333333333333
PRPO,2022-07-01,0.8200000000000001,24.192481596653938,2.847,0.121433333333333,8.025964883403386,0.6180555555555556
PRPO,2022-07-01,0.5575,24.192481596653938,2.847,0.121433333333333,8.025964883403386,1.015625
PRPO,2022-07-01,0.36,24.192481596653938,2.847,0.121433333333333,8.025964883403386,0.9791666666666669
PRPO,2022-09-01,0.299,17.157736979861003,2.722,0.1056,8.878418107498538,5.783333333333333
PRPO,2022-09-01,0.4875,17.157736979861003,2.722,0.1056,8.878418107498538,5.652777777777778
PRPO,2022-09-01,0.44857142857142857,17.157736979861003,2.722,0.1056,8.878418107498538,4.952380952380952
PRPO,2023-05-01,0.3221428571428571,18.21250923864039,1.469,0.0444,9.736943710950689,9.365079365079366
PRPO,2023-05-01,0.3666666666666667,18.21250923864039,1.469,0.0444,9.736943710950689,15
PRPO,2023-05-01,0.26166666666666666,18.21250923864039,1.469,0.0444,9.736943710950689,4.868055555555555
PRPO,2023-09-01,0.43875,18.63501418951419,2.02466666666667,0.0863666666666667,8.366252581473246,10.840277777777777
PRPO,2023-09-01,0.1668181818181818,18.63501418951419,2.02466666666667,0.0863666666666667,8.366252581473246,22.064393939393945
PRPO,2023-09-01,0.2235714285714286,18.63501418951419,2.02466666666667,0.0863666666666667,8.366252581473246,7.065476190476191
PRPO,2024-05-01,0.36000000000000004,13.64944988964225,2.71,0.0812,9.5869518172967,38.53472222222222
PRPO,2024-05-01,0.305,13.64944988964225,2.71,0.0812,9.5869518172967,44.00000000000001
PRPO,2024-05-01,0.2465,13.64944988964225,2.71,0.0812,9.5869518172967,5.35
PRPO,2024-07-01,0.21166666666666667,23.996667176620395,2.19,0.0608,8.343511197027343,25.925925925925927
PRPO,2024-07-01,0.3375,23.996667176620395,2.19,0.0608,8.343511197027343,22.3125
PRPO,2024-07-01,0.28944444444444445,23.996667176620395,2.19,0.0608,8.343511197027343,32.52314814814815
PRPO,2024-09-01,0.4125,19.152106523915208,2.62,0.0661,8.024742656699832,180.20833333333331
PRPO,2024-09-01,0.265,19.152106523915208,2.62,0.0661,8.024742656699832,78.95833333333333
PRPO,2024-09-01,0.383,19.152106523915208,2.62,0.0661,8.024742656699832,80.625
SUGG,2017-11-01,0.5955555555555556,20.31769010325984,3.5136666666666665,0.13233333333333333,NA,8.24074074074074
SUGG,2017-11-01,0.4945833333333333,20.31769010325984,3.5136666666666665,0.13233333333333333,NA,6.388888888888889
SUGG,2017-11-01,0.5313636363636364,20.31769010325984,3.5136666666666665,0.13233333333333333,NA,5.9393939393939394
SUGG,2018-02-01,0.475,18.08444962093657,3.633,0.108,5.491168245612577,5.625
SUGG,2018-02-01,0.3968181818181818,18.08444962093657,3.633,0.108,5.491168245612577,1.0797101449275364
SUGG,2018-02-01,0.5407142857142857,18.08444962093657,3.633,0.108,5.491168245612577,3.3928571428571432
SUGG,2018-07-01,0.7175,30.036299251492295,2.8082499999999975,0.22650000000000023,0.6926667742891688,21.203703703703702
SUGG,2018-07-01,0.5833333333333334,30.036299251492295,2.8082499999999975,0.22650000000000023,0.6926667742891688,18
SUGG,2018-07-01,0.5511111111111111,30.036299251492295,2.8082499999999975,0.22650000000000023,0.6926667742891688,3.611111111111111
SUGG,2018-10-01,0.456875,26.735434422766964,2.36,0.3946,2.908380494034117,19.444444444444446
SUGG,2018-10-01,0.3525,26.735434422766964,2.36,0.3946,2.908380494034117,4.319444444444445
SUGG,2018-10-01,0.521875,26.735434422766964,2.36,0.3946,2.908380494034117,25.78125
SUGG,2019-07-01,0.5083333333333333,30.939544335435613,2.827,0.38605,2.6873269743302775,17.291666666666664
SUGG,2019-07-01,0.34671052631578947,30.939544335435613,2.827,0.38605,2.6873269743302775,7.083333333333333
SUGG,2019-07-01,0.36625,30.939544335435613,2.827,0.38605,2.6873269743302775,18.1125
SUGG,2019-10-01,0.51375,26.643300828712512,2.627,0.2213,5.2034126821822,12.666666666666666
SUGG,2019-10-01,0.4136363636363637,26.643300828712512,2.627,0.2213,5.2034126821822,3.9204545454545454
SUGG,2019-10-01,0.49,26.643300828712512,2.627,0.2213,5.2034126821822,5.016666666666667
SUGG,2020-02-01,0.5944444444444444,16.74156158434232,1.915,0.129,6.963295521795403,3.1018518518518516
SUGG,2020-02-01,0.38846153846153847,16.74156158434232,1.915,0.129,6.963295521795403,1.689102564102564
SUGG,2020-02-01,0.5825,16.74156158434232,1.915,0.129,6.963295521795403,3.8666666666666663
SUGG,2020-07-01,0.6166666666666667,29.47940166054497,1.563,0.1434,4.196612911119047,50.833333333333336
SUGG,2020-07-01,0.4721153846153846,29.47940166054497,1.563,0.1434,4.196612911119047,7.3076923076923075
SUGG,2020-07-01,0.33666666666666667,29.47940166054497,1.563,0.1434,4.196612911119047,1.6583333333333334
SUGG,2021-06-01,0.5361111111111111,28.963751927473822,1.162,0.0301,5.603310006702887,49.07407407407407
SUGG,2021-06-01,0.505,28.963751927473822,1.162,0.0301,5.603310006702887,108.66666666666666
SUGG,2021-06-01,0.4525,28.963751927473822,1.162,0.0301,5.603310006702887,25.749999999999993
SUGG,2022-02-01,0.5727272727272728,17.424765264937037,1.06933333333333,0.0511666666666667,8.51502986656972,1.6388888888888888
SUGG,2022-02-01,0.5066666666666667,17.424765264937037,1.06933333333333,0.0511666666666667,8.51502986656972,0.7569444444444444
SUGG,2022-02-01,0.74375,17.424765264937037,1.06933333333333,0.0511666666666667,8.51502986656972,7.1875
SUGG,2022-10-01,0.7071428571428572,24.135007918484828,0.9959,0.03465,5.939707084598507,6.686507936507937
SUGG,2022-10-01,0.5183333333333333,24.135007918484828,0.9959,0.03465,5.939707084598507,4.253472222222222
SUGG,2022-10-01,0.6111111111111112,24.135007918484828,0.9959,0.03465,5.939707084598507,3.4027777777777777
SUGG,2023-02-01,0.5033333333333333,20.2396745100986,0.8752,0.0327,7.345056546398799,3.388888888888889
SUGG,2023-02-01,0.625,20.2396745100986,0.8752,0.0327,7.345056546398799,8.75
SUGG,2023-02-01,0.5336363636363637,20.2396745100986,0.8752,0.0327,7.345056546398799,3.8409090909090913
SUGG,2023-06-01,0.7071428571428572,29.115324526512765,0.9284,0.0387,6.369715153233164,6.031746031746032
SUGG,2023-06-01,0.4444444444444444,29.115324526512765,0.9284,0.0387,6.369715153233164,3.791666666666667
SUGG,2023-06-01,0.3007142857142857,29.115324526512765,0.9284,0.0387,6.369715153233164,0.5029761904761905
SUGG,2023-10-01,0.425625,24.753568096986783,0.897,0.0388,1.247595460035677,19.96527777777778
SUGG,2023-10-01,0.26708333333333334,24.753568096986783,0.897,0.0388,1.247595460035677,2.4895833333333335
SUGG,2023-10-01,0.6385,24.753568096986783,0.897,0.0388,1.247595460035677,16.57916666666667
SUGG,2024-02-01,0.42166666666666663,16.964006186408465,0.98,0.0215,NA,12.444444444444445
SUGG,2024-02-01,0.42375,16.964006186408465,0.98,0.0215,NA,4.817708333333333
SUGG,2024-02-01,0.29708333333333337,16.964006186408465,0.98,0.0215,NA,1.6111111111111112
SUGG,2024-07-01,0.546,31.4673103119266,1.04,0.0237,5.776844370411494,25.566666666666663
SUGG,2024-07-01,0.52,31.4673103119266,1.04,0.0237,5.776844370411494,2.6833333333333336
SUGG,2024-07-01,0.39666666666666667,31.4673103119266,1.04,0.0237,5.776844370411494,2.523148148148148
SUGG,2024-10-01,0.603125,25.086798786612594,1,0.02414999999999999,6.237681970984385,7.868055555555555
SUGG,2024-10-01,0.47111111111111115,25.086798786612594,1,0.02414999999999999,6.237681970984385,8.253086419753085
SUGG,2024-10-01,0.564375,25.086798786612594,1,0.02414999999999999,6.237681970984385,2.8958333333333335
TOOK,2019-07-01,0.8506,16.16250714285714,0.2236,0.11535,7.2413074490933536,1.035328046142754
TOOK,2019-07-01,0.657875,16.16250714285714,0.2236,0.11535,7.2413074490933536,0.1875
TOOK,2019-07-01,1.0903333333333334,16.16250714285714,0.2236,0.11535,7.2413074490933536,0.5833333333333333
TOOK,2019-09-01,1.4642142857142857,7.495,NA,0.11708333333333332,11.057926312924922,0.32500185786123015
TOOK,2019-09-01,0.49575,7.495,NA,0.11708333333333332,11.057926312924922,0.33333333333333337
TOOK,2019-09-01,0.7782,7.495,NA,0.11708333333333332,11.057926312924922,0.725
TOOK,2021-07-01,0.7030277777777778,13.418039617535324,0.14315,0.008175,9.974415178896104,1.5452194471660947
TOOK,2021-07-01,0.7405714285714285,13.418039617535324,0.14315,0.008175,9.974415178896104,5.72420634920635
TOOK,2021-07-01,0.6819666666666666,13.418039617535324,0.14315,0.008175,9.974415178896104,5.046296296296297
TOOK,2021-09-01,0.66,8.038064238265534,0.1744,0.0097,10.73322620611536,1.6283807516684228
TOOK,2021-09-01,1.0142857142857142,8.038064238265534,0.1744,0.0097,10.73322620611536,2.083333333333333
TOOK,2021-09-01,0.5,8.038064238265534,0.1744,0.0097,10.73322620611536,0.6468253968253969
TOOK,2022-06-01,0.3411111111111111,8.533039445907166,0.21009090909090908,0.0084,NA,0.604261796042618
TOOK,2022-06-01,0.5918181818181818,8.533039445907166,0.21009090909090908,0.0084,NA,0.5934343434343434
TOOK,2022-06-01,0.572,8.533039445907166,0.21009090909090908,0.0084,NA,3.4722222222222223
TOOK,2022-08-01,0.8322222222222222,10.055406438777428,0.18355,0.00895,9.464886761935205,0.8471521268925739
TOOK,2022-08-01,0.77,10.055406438777428,0.18355,0.00895,9.464886761935205,1.1972222222222222
TOOK,2022-08-01,0.69875,10.055406438777428,0.18355,0.00895,9.464886761935205,0.17708333333333331
TOOK,2022-09-01,1.0614285714285714,8.629614583333334,0.20323333333333335,0.00786666666666666,10.36306980081371,1.0876506334328973
TOOK,2022-09-01,0.9225,8.629614583333334,0.20323333333333335,0.00786666666666666,10.36306980081371,0.2951388888888889
TOOK,2022-09-01,0.931875,8.629614583333334,0.20323333333333335,0.00786666666666666,10.36306980081371,0.16319444444444445
TOOK,2023-07-01,0.6510526315789473,14.087017052342665,0.251775,0.007,10.765092794626437,0.7148793566681027
TOOK,2023-07-01,0.6334375,14.087017052342665,0.251775,0.007,10.765092794626437,1.3602430555555556
TOOK,2023-07-01,0.3925,14.087017052342665,0.251775,0.007,10.765092794626437,0.369047619047619
TOOK,2023-09-01,0.8944444444444445,7.803946078431373,0.22866666666666663,0.00696666666666666,10.202404960310446,0.5607626371865737
TOOK,2023-09-01,0.875,7.803946078431373,0.22866666666666663,0.00696666666666666,10.202404960310446,0.9322916666666669
TOOK,2023-09-01,0.5072222222222222,7.803946078431373,0.22866666666666663,0.00696666666666666,10.202404960310446,0.21511922881785897
TOOK,2024-06-01,0.21321428571428572,11.993821022727277,0.2342857142857143,0.00758571428571428,NA,0.6715237742635003
TOOK,2024-06-01,0.30200000000000005,11.993821022727277,0.2342857142857143,0.00758571428571428,NA,1.5222222222222224
TOOK,2024-06-01,0.2252941176470588,11.993821022727277,0.2342857142857143,0.00758571428571428,NA,1.437908496732026
TOOK,2024-08-01,0.41785714285714287,11.003559540150995,0.18,0.0079,12.42958550016005,1.510361784334387
TOOK,2024-08-01,0.357,11.003559540150995,0.18,0.0079,12.42958550016005,0.9851851851851852
TOOK,2024-08-01,0.44,11.003559540150995,0.18,0.0079,12.42958550016005,0.2348484848484849
TOOK,2024-09-01,0.4185714285714286,7.610196231319039,0.19333333333333333,0.00646666666666666,11.44387881675523,2.8320115356885363
TOOK,2024-09-01,0.42642857142857143,7.610196231319039,0.19333333333333333,0.00646666666666666,11.44387881675523,3.682539682539683
TOOK,2024-09-01,0.44625,7.610196231319039,0.19333333333333333,0.00646666666666666,11.44387881675523,0.3541666666666667
