taxonID,scientificName,phylum,class,order,family,genus
ACAROB,Acanthocyclops robustus,Arthropoda,Maxillopoda,Cyclopoida,Cyclopidae,Acanthocyclops
ACAROB1,Acanthocyclops robustus cx.,Arthropoda,Maxillopoda,Cyclopoida,Cyclopidae,Acanthocyclops
ACASP1,Acari sp.,Arthropoda,Arachnida,,,
ACASP20,Acanthocyclops sp.,Arthropoda,Maxillopoda,Cyclopoida,Cyclopidae,Acanthocyclops
ACAVER,Acanthocyclops vernalis,Arthropoda,Maxillopoda,Cyclopoida,Cyclopidae,Acanthocyclops
ACRHAR,Acroperus harpae,Arthropoda,Branchiopoda,Diplostraca,Chydoridae,Acroperus
ACRSP6,Acroperus sp.,Arthropoda,Branchiopoda,Diplostraca,Chydoridae,Acroperus
AGLLEP,Aglaodiaptomus leptopus,Arthropoda,Maxillopoda,Calanoida,Diaptomidae,Aglaodiaptomus
ALOGUT,Alona guttata,Arthropoda,Branchiopoda,Diplostraca,Chydoridae,Alona
ALOSP1,Alonella sp.,Arthropoda,Branchiopoda,Diplostraca,Chydoridae,Alonella
ALOSP2,Alona sp.,Arthropoda,Branchiopoda,Diplostraca,Chydoridae,Alona
AMPSP1,Amphipoda sp.,Arthropoda,Malacostraca,Amphipoda,,
ANUSP1,Anuraeopsis sp.,Rotifera,Monogonta,Ploima,Brachionidae,Anuraeopsis
ARCFLO,Arctodiaptomus floridanus,Arthropoda,Maxillopoda,Calanoida,Diaptomidae,Arctodiaptomus
ASCECA,Ascomorpha ecaudis,Rotifera,Monogonta,Ploima,Gastropodidae,Ascomorpha
ASCOVA,Ascomorpha ovalis,Rotifera,Monogonta,Ploima,Gastropodidae,Ascomorpha
ASCSAL,Ascomorpha saltans,Rotifera,Monogonta,Ploima,Gastropodidae,Ascomorpha
ASCSP1,Ascomorpha sp.,Rotifera,Monogonta,Ploima,Gastropodidae,Ascomorpha
ASPBRI,Asplanchna brightwellii,Rotifera,Monogonta,Ploima,Asplanchnidae,Asplanchna
ASPHER,Asplanchna herrickii,Rotifera,Monogonta,Ploima,Asplanchnidae,Asplanchna
ASPPRI,Asplanchna priodonta,Rotifera,Monogonta,Ploima,Asplanchnidae,Asplanchna
ASPSP4,Asplanchna sp.,Rotifera,Monogonta,Ploima,Asplanchnidae,Asplanchna
BDESP,Bdelloidea sp.,Rotifera,Bdelloidea,,,
BEACRU,Beauchampia crucigera,Rotifera,Monogonta,Flosculariaceae,Flosculariidae,Beauchampia
BEASP1,Beauchampiella sp.,Rotifera,Monogonta,Ploima,Euchlanidae,Beauchampiella
BOSCOR,Bosmina coregoni,Arthropoda,,,Bosminidae,Bosmina
BOSLON,Bosmina longirostris,Arthropoda,Branchiopoda,Diplostraca,Bosminidae,Bosmina
BOSSP,Bosminidae sp.,Arthropoda,Branchiopoda,Diplostraca,Bosminidae,
BOSSP1,Bosmina sp.,Arthropoda,Branchiopoda,Diplostraca,Bosminidae,Bosmina
BOSTUB,Bosmina tubicen,Arthropoda,Branchiopoda,Diplostraca,Bosminidae,Bosmina
BRAANG,Brachionus angularis,Rotifera,Monogonta,Ploima,Brachionidae,Brachionus
BRACAL,Brachionus calyciflorus,Rotifera,Monogonta,Ploima,Brachionidae,Brachionus
BRACAU,Brachionus caudatus,Rotifera,Monogonta,Ploima,Brachionidae,Brachionus
BRAHAV,Brachionus havanaensis,Rotifera,Monogonta,Ploima,Brachionidae,Brachionus
BRARUB,Brachionus rubens,Rotifera,Monogonta,Ploima,Brachionidae,Brachionus
BRASP22,Brachionus sp.,Rotifera,Monogonta,Ploima,Brachionidae,Brachionus
BRAVAR,Brachionus variabilis,Rotifera,Monogonta,Ploima,Brachionidae,Brachionus
BRAZAH,Brachionus zahniseri,Rotifera,Monogonta,Ploima,Brachionidae,Brachionus
CALSP1,Calanoida sp.,Arthropoda,Maxillopoda,Calanoida,,
CAMSP12,Camptocercus sp.,Arthropoda,Branchiopoda,Diplostraca,Chydoridae,Camptocercus
CEPGIB,Cephalodella gibba,Rotifera,Monogonta,Ploima,Notommatidae,Cephalodella
CEPSP5,Cephalodella sp.,Rotifera,Monogonta,Ploima,Notommatidae,Cephalodella
CERDUB,Ceriodaphnia dubia,Arthropoda,Branchiopoda,Diplostraca,Daphniidae,Ceriodaphnia
CERRET,Ceriodaphnia reticulata,Arthropoda,Branchiopoda,Diplostraca,Daphniidae,Ceriodaphnia
CERSP19,Ceriodaphnia sp.,Arthropoda,Branchiopoda,Diplostraca,Daphniidae,Ceriodaphnia
CHASP13,Chaoborus sp.,Arthropoda,Insecta,Diptera,Chaoboridae,Chaoborus
CHASP4,Chaoboridae sp.,Arthropoda,Insecta,Diptera,Chaoboridae,
CHISP2,Chironomidae sp.,Arthropoda,Insecta,Diptera,Chironomidae,
CHYSP,Chydoridae sp.,Arthropoda,Branchiopoda,Diplostraca,Chydoridae,
CHYSP2,Chydorus sp.,Arthropoda,Branchiopoda,Diplostraca,Chydoridae,Chydorus
CHYSPH,Chydorus sphaericus,Arthropoda,Branchiopoda,Diplostraca,Chydoridae,Chydorus
CLASP,Cladocera sp.,Arthropoda,Branchiopoda,Diplostraca,,
COLSP12,Collotheca sp.,Rotifera,Monogonta,Collothecaceae,Collothecidae,Collotheca
CONSP1,Conochilidae sp.,Rotifera,Monogonta,Flosculariaceae,Conochilidae,
CONSP8,Conochiloides sp.,Rotifera,Monogonta,Flosculariaceae,Conochilidae,Conochiloides
CONSP9,Conochilus sp.,Rotifera,Monogonta,Flosculariaceae,Conochilidae,Conochilus
CONUNI,Conochilus unicornis,Rotifera,Monogonta,Flosculariaceae,Conochilidae,Conochilus
COPSP,Copepoda sp.,Arthropoda,Maxillopoda,,,
CYCCOL,Cyclops columbianus,Arthropoda,Maxillopoda,Cyclopoida,Cyclopidae,Cyclops
CYCSP,Cyclopoida sp.,Arthropoda,Maxillopoda,Cyclopoida,,
CYCSP1,Cyclopidae sp.,Arthropoda,Maxillopoda,Cyclopoida,Cyclopidae,
CYCSP4,Cyclops sp.,Arthropoda,Maxillopoda,Cyclopoida,Cyclopidae,Cyclops
CYCSTR,Cyclops strenuus,Arthropoda,Maxillopoda,Cyclopoida,Cyclopidae,Cyclops
DAPAMB,Daphnia ambigua,Arthropoda,Branchiopoda,Diplostraca,Daphniidae,Daphnia
DAPCAT1,Daphnia catawba,Arthropoda,Branchiopoda,Diplostraca,Daphniidae,Daphnia
DAPLON,Daphnia longiremis,Arthropoda,Branchiopoda,Diplostraca,Daphniidae,Daphnia
DAPLON1,Daphnia longispina cx.,Arthropoda,Branchiopoda,Diplostraca,Daphniidae,Daphnia
DAPPUL,Daphnia pulex cx.,Arthropoda,Branchiopoda,Diplostraca,Daphniidae,Daphnia
DAPPUL1,Daphnia pulex,Arthropoda,Branchiopoda,Diplostraca,Daphniidae,Daphnia
DAPROS,Daphnia rosea,Arthropoda,Branchiopoda,Diplostraca,Daphniidae,Daphnia
DAPSP1,Daphnia sp.,Arthropoda,Branchiopoda,Diplostraca,Daphniidae,Daphnia
DAPSP2,Daphniopsis sp.,Arthropoda,Branchiopoda,Diplostraca,Daphniidae,Daphniopsis
DIABIR,Diaphanosoma birgei,Arthropoda,Branchiopoda,Diplostraca,Sididae,Diaphanosoma
DIASP,Diaptomidae sp.,Arthropoda,Maxillopoda,Calanoida,Diaptomidae,
DIASP10,Diaphanosoma sp.,Arthropoda,Branchiopoda,Diplostraca,Sididae,Diaphanosoma
DIATHO,Diacyclops thomasi,Arthropoda,Maxillopoda,Cyclopoida,Cyclopidae,Diacyclops
DICSP1,Dicranophoridae sp.,Rotifera,Monogonta,Ploima,Dicranophoridae,
DIPPRO,Dipleuchlanis propatula,Rotifera,Monogonta,Ploima,Euchlanidae,Dipleuchlanis
DIPSP18,Dipleuchlanis sp.,Rotifera,Monogonta,Ploima,Euchlanidae,Dipleuchlanis
DISACU,Disparalona acutirostris,Arthropoda,Branchiopoda,Diplostraca,Chydoridae,Disparalona
DISHAM,Disparalona hamata,Arthropoda,Branchiopoda,Diplostraca,Chydoridae,Disparalona
DISROS,Disparalona rostrata,Arthropoda,Branchiopoda,Diplostraca,Chydoridae,Disparalona
EPILAC,Epischura lacustris,Arthropoda,Maxillopoda,Calanoida,Temoridae,Epischura
EPISP12,Epischura sp.,Arthropoda,Maxillopoda,Calanoida,Temoridae,Epischura
EUBHAG,Eubosmina hagmanni,Arthropoda,Branchiopoda,Diplostraca,Bosminidae,Eubosmina
EUBLON,Eubosmina longispina,Arthropoda,Branchiopoda,Diplostraca,Bosminidae,Eubosmina
EUBSP2,Eubosmina sp.,Arthropoda,Branchiopoda,Diplostraca,Bosminidae,Eubosmina
EUBSP3,Eubranchipus sp.,Arthropoda,Branchiopoda,Anostraca,Chirocephalidae,Eubranchipus
EUBTUB,Eubosmina tubicen,Arthropoda,Branchiopoda,Diplostraca,Bosminidae,Eubosmina
EUCAGI,Eucyclops agilis,Arthropoda,Maxillopoda,Cyclopoida,Cyclopidae,Eucyclops
EUCELE,Eucyclops elegans,Arthropoda,Maxillopoda,Cyclopoida,Cyclopidae,Eucyclops
EUCSP6,Eucyclops sp.,Arthropoda,Maxillopoda,Cyclopoida,Cyclopidae,Eucyclops
EUCSP7,Euchlanis sp.,Rotifera,Monogonta,Ploima,Euchlanidae,Euchlanis
EURSP6,Eurycercus sp.,Arthropoda,Branchiopoda,Diplostraca,Chydoridae,Eurycercus
FILLON,Filinia longiseta,Rotifera,Monogonta,Flosculariaceae,Filiniidae,Filinia
FILSP1,Filinia sp.,Rotifera,Monogonta,Flosculariaceae,Filiniidae,Filinia
FILTER,Filinia terminalis,Rotifera,Monogonta,Flosculariaceae,Filiniidae,Filinia
FLOSP1,Flosculariidae sp.,Rotifera,Monogonta,Flosculariaceae,Flosculariidae,
GASHYP,Gastropus hyptopus,Rotifera,Monogonta,Ploima,Gastropodidae,Gastropus
GASSP2,Gastropodidae sp.,Rotifera,Monogonta,Ploima,Gastropodidae,
GASSP6,Gastropus sp.,Rotifera,Monogonta,Ploima,Gastropodidae,Gastropus
GASSTY,Gastropus stylifer,Rotifera,Monogonta,Ploima,Gastropodidae,Gastropus
HARSP,Harpacticoida sp.,Arthropoda,Maxillopoda,Harpacticoida,,
HESAUG,Hesperodiaptomus augustaensis,Arthropoda,Maxillopoda,Calanoida,Diaptomidae,Hesperodiaptomus
HETSEP,Heterocope septentrionalis,Arthropoda,Maxillopoda,Calanoida,Temoridae,Heterocope
HEXMIR,Hexarthra mira,Rotifera,Monogonta,Flosculariaceae,Hexarthridae,Hexarthra
HEXSP6,Hexarthra sp.,Rotifera,Monogonta,Flosculariaceae,Hexarthridae,Hexarthra
HOLGIB,Holopedium gibberum,Arthropoda,Branchiopoda,Diplostraca,Holopediidae,Holopedium
HOLSP5,Holopedium sp.,Arthropoda,Branchiopoda,Diplostraca,Holopediidae,Holopedium
HYDSP12,Hydrachnidae sp.,Arthropoda,Arachnida,Trombidiformes,Hydrachnidae,
ILYSP5,Ilyocryptus sp.,Arthropoda,Branchiopoda,Diplostraca,Ilyocryptidae,Ilyocryptus
KELBOS,Kellicottia bostoniensis,Rotifera,Monogonta,Ploima,Brachionidae,Kellicottia
KELLON,Kellicottia longispina,Rotifera,Monogonta,Ploima,Brachionidae,Kellicottia
KELSP1,Kellicottia sp.,Rotifera,Monogonta,Ploima,Brachionidae,Kellicottia
KERAME,Keratella americana,Rotifera,Monogonta,Ploima,Brachionidae,Keratella
KERCOC,Keratella cochlearis,Rotifera,Monogonta,Ploima,Brachionidae,Keratella
KERCRA,Keratella crassa,Rotifera,Monogonta,Ploima,Brachionidae,Keratella
KERGRA,Keratella gracilenta,Rotifera,Monogonta,Ploima,Brachionidae,Keratella
KERHIE,Keratella hiemalis,Rotifera,Monogonta,Ploima,Brachionidae,Keratella
KERQUA,Keratella quadrata,Rotifera,Monogonta,Ploima,Brachionidae,Keratella
KERSER,Keratella serrulata,Rotifera,Monogonta,Ploima,Brachionidae,Keratella
KERSER1,Keratella serrulata curvicornis,Rotifera,Monogonta,Ploima,Brachionidae,Keratella
KERSP,Keratella sp.,Rotifera,Monogonta,Ploima,Brachionidae,Keratella
KERTAU,Keratella taurocephala,Rotifera,Monogonta,Ploima,Brachionidae,Keratella
KERTEC,Keratella tecta,Rotifera,Eurotatoria,Ploima,Brachionidae,Keratella
KERTES,Keratella testudo,Rotifera,Monogonta,Ploima,Brachionidae,Keratella
KERTIC,Keratella ticinensis,Rotifera,Monogonta,Ploima,Brachionidae,Keratella
LATOCC1,Latonopsis occidentalis,Arthropoda,Branchiopoda,Diplostraca,Sididae,Latonopsis
LECBUL,Lecane bulla,Rotifera,Monogonta,Ploima,Lecanidae,Lecane
LECCLO,Lecane closterocerca,Rotifera,Monogonta,Ploima,Lecanidae,Lecane
LECINE,Lecane inermis,Rotifera,Monogonta,Ploima,Lecanidae,Lecane
LECLEO,Lecane leontina,Rotifera,Monogonta,Ploima,Lecanidae,Lecane
LECLIG,Lecane ligona,Rotifera,Monogonta,Ploima,Lecanidae,Lecane
LECLUN,Lecane luna,Rotifera,Monogonta,Ploima,Lecanidae,Lecane
LECLUN2,Lecane lunaris,Rotifera,Monogonta,Ploima,Lecanidae,Lecane
LECMIR,Lecane mira,Rotifera,Monogonta,Ploima,Lecanidae,Lecane
LECMUC,Lecane mucronata,Rotifera,Eurotatoria,Ploima,Lecanidae,Lecane
LECSP1,Lecane sp.,Rotifera,Monogonta,Ploima,Lecanidae,Lecane
LECSTO,Lecane stokesi,Rotifera,Monogonta,Ploima,Lecanidae,Lecane
LECUNG,Lecane ungulata,Rotifera,Monogonta,Ploima,Lecanidae,Lecane
LEPACU,Lepadella acuminata,Rotifera,Monogonta,Ploima,Lepadellidae,Lepadella
LEPKIN1,Leptodora kindtii,Arthropoda,Branchiopoda,Diplostraca,Leptodoridae,Leptodora
LEPMIN,Leptodiaptomus minutus,Arthropoda,Maxillopoda,Calanoida,Diaptomidae,Leptodiaptomus
LEPPRI,Leptodiaptomus pribilofensis,Arthropoda,Maxillopoda,Calanoida,Diaptomidae,Leptodiaptomus
LEPSIC,Leptodiaptomus siciloides,Arthropoda,Maxillopoda,Calanoida,Diaptomidae,Leptodiaptomus
LEPSIC1,Leptodiaptomus sicilis,Arthropoda,Maxillopoda,Calanoida,Diaptomidae,Leptodiaptomus
LEPSP31,Leptodiaptomus sp.,Arthropoda,Maxillopoda,Calanoida,Diaptomidae,Leptodiaptomus
LEPSP32,Lepadella sp.,Rotifera,Monogonta,Ploima,Lepadellidae,Lepadella
MACALB,Macrocyclops albidus,Arthropoda,Maxillopoda,Cyclopoida,Cyclopidae,Macrocyclops
MACSP22,Macrothrix sp.,Arthropoda,Branchiopoda,Diplostraca,Macrothricidae,Macrothrix
MACSP4,Macrothricidae sp.,Arthropoda,Branchiopoda,Diplostraca,Macrothricidae,
MAXSP,Maxillopoda sp.,Arthropoda,Maxillopoda,,,
MESEDA,Mesocyclops edax,Arthropoda,Maxillopoda,Cyclopoida,Cyclopidae,Mesocyclops
MICSP15,Microcyclops sp.,Arthropoda,Maxillopoda,Cyclopoida,Cyclopidae,Microcyclops
MONBUL,Monostyla bulla,Rotifera,Monogonta,Ploima,Lecanidae,Monostyla
MONLUN,Monostyla lunaris,Rotifera,Monogonta,Ploima,Lecanidae,Monostyla
MONQUA,Monostyla quadridentata,Rotifera,Monogonta,Ploima,Lecanidae,Monostyla
MONSP8,Monostyla sp.,Rotifera,Monogonta,Ploima,Lecanidae,Monostyla
MONSP9,Monommata sp.,Rotifera,Monogonta,Ploima,Notommatidae,Monommata
NEOSP68,Neocopepoda sp.,Arthropoda,Maxillopoda,,,
NITSP1,Nitocra sp.,Arthropoda,Copepoda,Harpacticoida,Ameiridae,Nitocra
NOTSP11,Notholca sp.,Rotifera,Monogonta,Ploima,Brachionidae,Notholca
NOTSP12,Notommata sp.,Rotifera,Monogonta,Ploima,Notommatidae,Notommata
NOTSP4,Notommatidae sp.,Rotifera,Monogonta,Ploima,Notommatidae,
NOTSQU,Notholca squamula,Rotifera,Monogonta,Ploima,Brachionidae,Notholca
ORTMOD,Orthocyclops modestus,Arthropoda,Maxillopoda,Cyclopoida,Cyclopidae,Orthocyclops
OSTSP,Ostracoda sp.,Arthropoda,Ostracoda,,,
OXYSP3,Oxyurella sp.,Arthropoda,Branchiopoda,Diplostraca,Chydoridae,Oxyurella
PARSP58,Paracyclops sp.,Arthropoda,Maxillopoda,Cyclopoida,Cyclopidae,Paracyclops
PLAPAT2,Plationus patulus,Rotifera,Monogonta,Ploima,Brachionidae,Plationus
PLAQUA,Platyias quadricornis,Rotifera,Monogonta,Ploima,Brachionidae,Platyias
PLESP7,Pleuroxus sp.,Arthropoda,Branchiopoda,Diplostraca,Chydoridae,Pleuroxus
PLOLEN,Ploesoma lenticulare,Rotifera,Monogonta,Ploima,Synchaetidae,Ploesoma
PLOSP1,Ploesoma sp.,Rotifera,Monogonta,Ploima,Synchaetidae,Ploesoma
PLOTRI,Ploesoma triacanthum,Rotifera,Monogonta,Ploima,Synchaetidae,Ploesoma
PLOTRU,Ploesoma truncatum,Rotifera,Monogonta,Ploima,Synchaetidae,Ploesoma
POLPED,Polyphemus pediculus,Arthropoda,Branchiopoda,Diplostraca,Polyphemidae,Polyphemus
POLSP20,Polyarthra sp.,Rotifera,Monogonta,Ploima,Synchaetidae,Polyarthra
POLSP33,Polyphemus sp.,Arthropoda,Branchiopoda,Diplostraca,Polyphemidae,Polyphemus
POMSP5,Pompholyx sp.,Rotifera,Monogonta,Flosculariaceae,Testudinellidae,Pompholyx
POMSUL,Pompholyx sulcata,Rotifera,Monogonta,Flosculariaceae,Testudinellidae,Pompholyx
PTYBRA,Ptygura brachiata,Rotifera,Monogonta,Flosculariaceae,Flosculariidae,Ptygura
PTYSP3,Ptygura sp.,Rotifera,Monogonta,Flosculariaceae,Flosculariidae,Ptygura
ROTSP,Rotifera sp.,Rotifera,,,,
ROTSP1,Rotaria sp.,Rotifera,Bdelloidea,,Philodinidae,Rotaria
SCASP9,Scapholeberis sp.,Arthropoda,Branchiopoda,Diplostraca,Daphniidae,Scapholeberis
SIDCRY,Sida crystallina,Arthropoda,Branchiopoda,Diplostraca,Sididae,Sida
SIDSP,Sididae sp.,Arthropoda,Branchiopoda,Diplostraca,Sididae,
SIDSP1,Sida sp.,Arthropoda,Insecta,Hemiptera,Delphacidae,Sida
SIMSER,Simocephalus serrulatus,Arthropoda,Branchiopoda,Diplostraca,Daphniidae,Simocephalus
SIMSP3,Simocephalus sp.,Arthropoda,Branchiopoda,Diplostraca,Daphniidae,Simocephalus
SKIMIS,Skistodiaptomus mississippiensis,Arthropoda,Maxillopoda,Calanoida,Diaptomidae,Skistodiaptomus
STEFIM,Stephanoceros fimbriatus,Rotifera,Monogonta,Collothecaceae,Collothecidae,Stephanoceros
STESP21,Stephanoceros sp.,Rotifera,Monogonta,Collothecaceae,Collothecidae,Stephanoceros
SYNSP8,Synchaeta sp.,Rotifera,Monogonta,Ploima,Synchaetidae,Synchaeta
TARSP,Tardigrada sp.,Tardigrada,,,,
TESSP2,Testudinella sp.,Rotifera,Monogonta,Flosculariaceae,Testudinellidae,Testudinella
TRICYL,Trichocerca cylindrica,Rotifera,Monogonta,Ploima,Trichocercidae,Trichocerca
TRIELO,Trichocerca elongata,Rotifera,Monogonta,Ploima,Trichocercidae,Trichocerca
TRILON,Trichocerca longiseta,Rotifera,Monogonta,Ploima,Trichocercidae,Trichocerca
TRIMUL,Trichocerca multicrinis,Rotifera,Monogonta,Ploima,Trichocercidae,Trichocerca
TRIPOC,Trichotria pocillum,Rotifera,Monogonta,Ploima,Trichotriidae,Trichotria
TRIPOR,Trichocerca porcellus,Rotifera,Monogonta,Ploima,Trichocercidae,Trichocerca
TRISIM,Trichocerca similis,Rotifera,Monogonta,Ploima,Trichocercidae,Trichocerca
TRISP31,Trichocerca sp.,Rotifera,Monogonta,Ploima,Trichocercidae,Trichocerca
TRISP32,Trichotria sp.,Rotifera,Monogonta,Ploima,Trichotriidae,Trichotria
TRITET,Trichotria tetractis,Rotifera,Monogonta,Ploima,Trichotriidae,Trichotria
TROPRA1,Tropocyclops prasinus mexicanus,Arthropoda,Maxillopoda,Cyclopoida,Cyclopidae,Tropocyclops
TYLSP1,Tylotrocha sp.,Rotifera,Monogonta,Ploima,Notommatidae,Tylotrocha
