siteID,namedLocation,collectDate,eventID,sampleID,samplerType,towsTrapsVolume,taxonID,nauplii,zooMinimumLength,zooMaximumLength,zooWidth,adjCountPerBottle,aquaticSiteType,countPerL,mean_body_length,max_body_length
BARC,BARC.AOS.littoral1,2014-07-02T16:00:00Z,BARC.20140702,BARC.IN.20140702.ZOO,tow net,525.6,COPSP,Y,0.075,0.25,,8030,lake,15.277777777777777,0.1625,0.25
BARC,BARC.AOS.buoy.c0,2014-07-02T16:00:00Z,BARC.20140702,BARC.BOUY.20140702.ZOO,tow net,686.2,COPSP,Y,0.088,0.238,,6665,lake,9.712911687554648,0.16299999999999998,0.238
BARC,BARC.AOS.littoral2,2014-07-02T16:00:00Z,BARC.20140702,BARC.OUT.20140702.ZOO,Schindler-Patalas,24.0,COPSP,Y,0.15,0.188,,396,lake,16.5,0.16899999999999998,0.188
BARC,BARC.AOS.littoral2,2015-02-18T17:00:00Z,BARC.20150218,BARC.20150218.SCHINDLER.3,Schindler-Patalas,24.0,COPSP,Y,0.088,0.275,,45,lake,1.875,0.1815,0.275
BARC,BARC.AOS.buoy.c0,2015-02-18T17:00:00Z,BARC.20150218,BARC.20150218.TOW.1,tow net,547.5,COPSP,Y,0.112,0.225,,7834,lake,14.30867579908676,0.1685,0.225
BARC,BARC.AOS.littoral1,2015-02-18T17:00:00Z,BARC.20150218,BARC.20150218.TOW.2,tow net,328.5,COPSP,Y,0.012,0.188,,6138,lake,18.684931506849317,0.1,0.188
BARC,BARC.AOS.littoral2,2015-07-01T16:00:00Z,BARC.20150701,BARC.20150701.SCHINDLER.3,Schindler-Patalas,24.0,COPSP,Y,0.09,0.27,,64,lake,2.6666666666666665,0.18,0.27
BARC,BARC.AOS.buoy.c0,2015-07-01T16:00:00Z,BARC.20150701,BARC.20150701.TOW.1,tow net,766.5,COPSP,Y,0.112,0.275,,5032,lake,6.564905414220482,0.1935,0.275
BARC,BARC.AOS.littoral1,2015-07-01T16:00:00Z,BARC.20150701,BARC.20150701.SCHINDLER.2,Schindler-Patalas,36.0,COPSP,Y,0.188,0.25,,414,lake,11.5,0.219,0.25
BARC,BARC.AOS.littoral2,2015-11-05T17:00:00Z,BARC.20151105,BARC.20151105.SCHINDLER.3,Schindler-Patalas,24.0,COPSP,Y,0.075,0.125,,3500,lake,145.83333333333334,0.1,0.125
BARC,BARC.AOS.littoral1,2015-11-05T17:00:00Z,BARC.20151105,BARC.20151105.TOW.2,tow net,657.0,COPSP,Y,0.075,0.25,,15480,lake,23.56164383561644,0.1625,0.25
BARC,BARC.AOS.buoy.c0,2015-11-05T17:00:00Z,BARC.20151105,BARC.20151105.TOW.1,tow net,985.5,COPSP,Y,0.075,0.225,,28000,lake,28.411973617453068,0.15,0.225
BARC,BARC.AOS.littoral1,2016-02-19T17:00:00Z,BARC.20160219,BARC.20160219.SCHINDLER.2,Schindler-Patalas,24.0,COPSP,Y,0.075,0.2,,660,lake,27.5,0.1375,0.2
BARC,BARC.AOS.buoy.c0,2016-02-19T17:00:00Z,BARC.20160219,BARC.20160219.TOW.1,tow net,715.4,COPSP,Y,0.075,0.175,,8480,lake,11.85350852669835,0.125,0.175
BARC,BARC.AOS.littoral2,2016-02-19T17:00:00Z,BARC.20160219,BARC.20160219.SCHINDLER.3,Schindler-Patalas,24.0,COPSP,Y,0.075,0.2,,820,lake,34.166666666666664,0.1375,0.2
BARC,BARC.AOS.buoy.c0,2016-07-06T16:00:00Z,BARC.20160706,BARC.20160706.TOWNET.1,tow net,686.2,COPSP,Y,0.075,0.225,,2200,lake,3.2060623724861554,0.15,0.225
BARC,BARC.AOS.littoral1,2016-07-06T16:00:00Z,BARC.20160706,BARC.20160706.SCHINDLERPATALAS.2,Schindler-Patalas,24.0,COPSP,Y,0.075,0.25,,505,lake,21.041666666666668,0.1625,0.25
BARC,BARC.AOS.littoral2,2016-07-06T16:00:00Z,BARC.20160706,BARC.20160706.SCHINDLERPATALAS.3,Schindler-Patalas,24.0,COPSP,Y,0.1,0.25,,1560,lake,65.0,0.175,0.25
BARC,BARC.AOS.littoral1,2016-11-01T16:00:00Z,BARC.20161101,BARC.20161101.SCHINDLER.2,Schindler-Patalas,24.0,COPSP,Y,0.1,0.25,,697,lake,29.041666666666668,0.175,0.25
BARC,BARC.AOS.littoral2,2016-11-01T16:00:00Z,BARC.20161101,BARC.20161101.SCHINDLER.3,Schindler-Patalas,24.0,COPSP,Y,0.075,0.125,,1658,lake,69.08333333333333,0.1,0.125
BARC,BARC.AOS.buoy.c0,2016-11-01T16:00:00Z,BARC.20161101,BARC.20161101.TOWNET.1,tow net,788.4,COPSP,Y,0.075,0.175,,6440,lake,8.168442415017758,0.125,0.175
BARC,BARC.AOS.buoy.c0,2017-02-27T17:00:00Z,BARC.20170227,BARC.20170207.TOWNET.1,tow net,934.4,COPSP,Y,0.125,0.225,,10216,lake,10.933219178082192,0.175,0.225
BARC,BARC.AOS.littoral2,2017-02-27T17:00:00Z,BARC.20170227,BARC.20170207.SCHINDLER.3,Schindler-Patalas,24.0,COPSP,Y,0.125,0.2,,693,lake,28.875,0.1625,0.2
BARC,BARC.AOS.littoral1,2017-02-27T17:00:00Z,BARC.20170227,BARC.20170207.SCHINDLER.2,Schindler-Patalas,24.0,COPSP,Y,0.125,0.225,,148,lake,6.166666666666667,0.175,0.225
BARC,BARC.AOS.littoral2,2017-06-28T12:16:00Z,BARC.20170628,BARC.20170628.SCHINDLER.3,Schindler-Patalas,24.0,COPSP,Y,0.08,0.2,,697,lake,29.041666666666668,0.14,0.2
BARC,BARC.AOS.littoral1,2017-06-28T12:16:00Z,BARC.20170628,BARC.20170628.SCHINDLER.2,Schindler-Patalas,24.0,COPSP,Y,0.08,0.23,,215,lake,8.958333333333334,0.155,0.23
BARC,BARC.AOS.buoy.c0,2017-06-28T12:16:00Z,BARC.20170628,BARC.20170628.TOWNET.1,tow net,642.4,COPSP,Y,0.13,0.23,,12640,lake,19.676214196762142,0.18,0.23
BARC,BARC.AOS.littoral1,2017-10-31T16:07:00Z,BARC.20171031,BARC.20171031.SCHINDLER.2,Schindler-Patalas,36.0,COPSP,Y,0.08,0.2,,1272,lake,35.333333333333336,0.14,0.2
BARC,BARC.AOS.buoy.c0,2017-10-31T16:07:00Z,BARC.20171031,BARC.20171031.TOWNET.1,tow net,840.96,COPSP,Y,0.1,0.23,,27720,lake,32.96232876712329,0.165,0.23
BARC,BARC.AOS.littoral2,2017-10-31T16:07:00Z,BARC.20171031,BARC.20171031.SCHINDLER.3,Schindler-Patalas,36.0,COPSP,Y,0.1,0.25,,1440,lake,40.0,0.175,0.25
BARC,BARC.AOS.littoral2,2018-02-14T15:41:00Z,BARC.20180214,BARC.20180214.SCHINDLER.3,Schindler-Patalas,36.0,COPSP,Y,0.08,0.2,,2207,lake,61.30555555555556,0.14,0.2
BARC,BARC.AOS.littoral1,2018-02-14T15:41:00Z,BARC.20180214,BARC.20180214.SCHINDLER.2,Schindler-Patalas,36.0,COPSP,Y,0.08,0.13,,13380,lake,371.6666666666667,0.10500000000000001,0.13
BARC,BARC.AOS.buoy.c0,2018-02-14T15:41:00Z,BARC.20180214,BARC.20180214.TOWNET.1,tow net,715.4,COPSP,Y,0.08,0.23,,28200,lake,39.41850712887895,0.155,0.23
BARC,BARC.AOS.littoral2,2018-07-09T12:56:00Z,BARC.20180709,BARC.20180709.SCHINDLER.3,Schindler-Patalas,36.0,COPSP,Y,0.18,0.18,,540,lake,15.0,0.18,0.18
BARC,BARC.AOS.buoy.c0,2018-07-09T12:56:00Z,BARC.20180709,BARC.20180709.TOWNET.1,tow net,373.76,COPSP,Y,0.13,0.2,,18513,lake,49.531785102739725,0.165,0.2
BARC,BARC.AOS.littoral1,2018-07-09T12:56:00Z,BARC.20180709,BARC.20180709.SCHINDLER.2,Schindler-Patalas,36.0,COPSP,Y,0.13,0.25,,2040,lake,56.66666666666666,0.19,0.25
BARC,BARC.AOS.buoy.c0,2018-10-30T14:45:00Z,BARC.20181030,BARC.20181030.TOWNET.1,tow net,801.54,COPSP,Y,0.1,0.2,,29640,lake,36.97881577962423,0.15000000000000002,0.2
BARC,BARC.AOS.littoral1,2018-10-30T14:45:00Z,BARC.20181030,BARC.20181030.TOWNET.2,tow net,433.62,COPSP,Y,0.13,0.23,,27000,lake,62.266500622665006,0.18,0.23
BARC,BARC.AOS.littoral2,2018-10-30T14:45:00Z,BARC.20181030,BARC.20181030.TOWNET.3,tow net,465.74,COPSP,Y,0.08,0.23,,29008,lake,62.28367758835402,0.155,0.23
BARC,BARC.AOS.littoral1,2019-02-15T15:02:00Z,BARC.20190215,BARC.20190215.TOWNET.2,tow net,613.2,COPSP,Y,0.075,0.275,,22264,lake,36.30789302022178,0.17500000000000002,0.275
BARC,BARC.AOS.littoral2,2019-02-15T15:02:00Z,BARC.20190215,BARC.20190215.TOWNET.3,tow net,613.2,COPSP,Y,0.1,0.225,,28000,lake,45.662100456621005,0.1625,0.225
BARC,BARC.AOS.buoy.c0,2019-02-15T15:02:00Z,BARC.20190215,BARC.20190215.TOWNET.1,tow net,978.2,COPSP,Y,0.1,0.25,,46340,lake,47.37272541402576,0.175,0.25
BARC,BARC.AOS.littoral2,2019-07-09T15:57:00Z,BARC.20190709,BARC.20190709.TOWNET.3,tow net,511.0,COPSP,Y,0.125,0.25,,51200,lake,100.19569471624266,0.1875,0.25
BARC,BARC.AOS.littoral1,2019-07-09T15:57:00Z,BARC.20190709,BARC.20190709.TOWNET.2,tow net,547.5,COPSP,Y,0.125,0.225,,39440,lake,72.03652968036529,0.175,0.225
BARC,BARC.AOS.buoy.c0,2019-07-09T15:57:00Z,BARC.20190709,BARC.20190709.TOWNET.1,tow net,949.0,COPSP,Y,0.075,0.25,,75200,lake,79.24130663856691,0.1625,0.25
BARC,BARC.AOS.littoral2,2019-10-29T12:22:00Z,BARC.20191029,BARC.20191029.SCHINDLER.2,Schindler-Patalas,36.0,COPSP,Y,0.075,0.175,,1380,lake,38.333333333333336,0.125,0.175
BARC,BARC.AOS.littoral2,2019-10-29T12:22:00Z,BARC.20191029,BARC.20191029.SCHINDLER.3,Schindler-Patalas,24.0,COPSP,Y,0.075,0.225,,3093,lake,128.875,0.15,0.225
BARC,BARC.AOS.buoy.c0,2019-10-29T12:22:00Z,BARC.20191029,BARC.20191029.TOWNET.1,tow net,876.0,COPSP,Y,0.075,0.225,,14560,lake,16.621004566210047,0.15,0.225
BARC,BARC.AOS.littoral2,2020-02-11T15:49:00Z,BARC.20200211,BARC.20200211.SCHINDLER.3,Schindler-Patalas,24.0,COPSP,Y,0.1,0.25,,2086,lake,86.91666666666667,0.175,0.25
BARC,BARC.AOS.littoral1,2020-02-11T15:49:00Z,BARC.20200211,BARC.20200211.SCHINDLER.2,Schindler-Patalas,36.0,COPSP,Y,0.1,0.2,,8372,lake,232.55555555555557,0.15000000000000002,0.2
BARC,BARC.AOS.buoy.c1,2020-02-11T15:49:00Z,BARC.20200211,BARC.20200211.TOWNET.1,tow net,365.0,COPSP,Y,0.1,0.25,,19040,lake,52.16438356164384,0.175,0.25
BARC,BARC.AOS.littoral1,2020-07-06T14:55:00Z,BARC.20200706,BARC.20200706.SCHINDLER.1,Schindler-Patalas,36.0,COPSP,Y,0.1,0.2,,2300,lake,63.888888888888886,0.15000000000000002,0.2
BARC,BARC.AOS.buoy.c0,2020-07-06T14:55:00Z,BARC.20200706,BARC.20200706.TOWNET.3,tow net,657.0,COPSP,Y,0.125,0.25,,68000,lake,103.5007610350076,0.1875,0.25
BARC,BARC.AOS.littoral2,2020-07-06T14:55:00Z,BARC.20200706,BARC.20200706.SCHINDLER.2,Schindler-Patalas,24.0,COPSP,Y,0.125,0.15,,2706,lake,112.75,0.1375,0.15
BARC,BARC.AOS.buoy.c0,2020-10-27T13:43:00Z,BARC.20201027,BARC.20201027.TOWNET.1,tow net,607.36,COPSP,Y,0.125,0.25,,35840,lake,59.00948366701791,0.1875,0.25
BARC,BARC.AOS.littoral2,2020-10-27T13:43:00Z,BARC.20201027,BARC.20201027.SCHINDLER.3,Schindler-Patalas,24.0,COPSP,Y,0.125,0.25,,3190,lake,132.91666666666666,0.1875,0.25
BARC,BARC.AOS.littoral1,2020-10-27T13:43:00Z,BARC.20201027,BARC.20201027.SCHINDLER.2,Schindler-Patalas,36.0,COPSP,Y,0.125,0.25,,3340,lake,92.77777777777776,0.1875,0.25
BARC,BARC.AOS.littoral2,2021-02-10T14:06:00Z,BARC.20210210,BARC.20210210.SCHINDLER.3,Schindler-Patalas,24.0,COPSP,Y,0.125,0.25,,7225,lake,301.0416666666667,0.1875,0.25
BARC,BARC.AOS.buoy.c0,2021-02-10T14:06:00Z,BARC.20210210,BARC.20210210.TOWNET.2,tow net,657.0,COPSP,Y,0.15,0.25,,33280,lake,50.6544901065449,0.2,0.25
BARC,BARC.AOS.littoral1,2021-02-10T14:06:00Z,BARC.20210210,BARC.20210210.SCHINDLER.1,Schindler-Patalas,24.0,COPSP,Y,0.125,0.25,,2285,lake,95.20833333333331,0.1875,0.25
BARC,BARC.AOS.littoral2,2021-07-13T14:56:00Z,BARC.20210713,BARC.20210713.SCHINDLER.1,Schindler-Patalas,24.0,COPSP,Y,0.125,0.25,,1447,lake,60.29166666666666,0.1875,0.25
BARC,BARC.AOS.buoy.c0,2021-07-13T14:56:00Z,BARC.20210713,BARC.20210713.TOWNET.2,tow net,730.0,COPSP,Y,0.125,0.25,,10240,lake,14.027397260273972,0.1875,0.25
BARC,BARC.AOS.littoral1,2021-07-13T14:56:00Z,BARC.20210713,BARC.20210713.SCHINDLER.3,Schindler-Patalas,24.0,COPSP,Y,0.125,0.3,,1600,lake,66.66666666666667,0.2125,0.3
BARC,BARC.AOS.littoral1,2021-11-02T17:42:00Z,BARC.20211102,BARC.20211102.SCHINDLER.2,Schindler-Patalas,24.0,COPSP,Y,0.1,0.2,,552,lake,23.0,0.15000000000000002,0.2
BARC,BARC.AOS.buoy.c0,2021-11-02T17:42:00Z,BARC.20211102,BARC.20211102.TOWNET.1,tow net,328.5,COPSP,Y,0.15,1.0,,2720,lake,8.280060882800608,0.575,1.0
BARC,BARC.AOS.littoral2,2021-11-02T17:42:00Z,BARC.20211102,BARC.20211102.SCHINDLER.3,Schindler-Patalas,24.0,COPSP,Y,0.1,0.2,,2006,lake,83.58333333333333,0.15000000000000002,0.2
BARC,BARC.AOS.littoral2,2022-02-16T14:25:00Z,BARC.20220216,BARC.20220216.SCHINDLER.3,Schindler-Patalas,36.0,COPSP,Y,0.1,0.2,,555,lake,15.416666666666666,0.15000000000000002,0.2
BARC,BARC.AOS.buoy.c0,2022-02-16T14:25:00Z,BARC.20220216,BARC.20220216.TOWNET.1,tow net,627.8,COPSP,Y,0.1,0.2,,5940,lake,9.46161197833705,0.15000000000000002,0.2
BARC,BARC.AOS.littoral1,2022-02-16T14:25:00Z,BARC.20220216,BARC.20220216.SCHINDLER.2,Schindler-Patalas,36.0,COPSP,Y,0.1,0.2,,690,lake,19.166666666666668,0.15000000000000002,0.2
BARC,BARC.AOS.littoral1,2022-07-11T14:26:00Z,BARC.20220711,BARC.20220711.SCHINDLER.2,Schindler-Patalas,24.0,COPSP,Y,0.1,0.2,,515,lake,21.45833333333333,0.15000000000000002,0.2
BARC,BARC.AOS.littoral2,2022-07-11T14:26:00Z,BARC.20220711,BARC.20220711.SCHINDLER.3,Schindler-Patalas,36.0,COPSP,Y,0.1,0.2,,270,lake,7.5,0.15000000000000002,0.2
BARC,BARC.AOS.buoy.c0,2022-07-11T14:26:00Z,BARC.20220711,BARC.20220711.TOWNET.1,tow net,744.6,COPSP,Y,0.1,0.2,,1785,lake,2.3972602739726026,0.15000000000000002,0.2
BARC,BARC.AOS.littoral2,2022-11-01T14:27:00Z,BARC.20221101,BARC.20221101.SCHINDLER.3,Schindler-Patalas,36.0,COPSP,Y,0.1,0.2,,702,lake,19.5,0.15000000000000002,0.2
BARC,BARC.AOS.littoral1,2022-11-01T14:27:00Z,BARC.20221101,BARC.20221101.SCHINDLER.2,Schindler-Patalas,36.0,COPSP,Y,0.1,0.3,,273,lake,7.583333333333333,0.2,0.3
BARC,BARC.AOS.buoy.c0,2022-11-01T14:27:00Z,BARC.20221101,BARC.20221101.TOWNET.1,tow net,642.4,COPSP,Y,0.1,0.2,,845,lake,1.3153798256537983,0.15000000000000002,0.2
BARC,BARC.AOS.buoy.c0,2023-02-07T13:53:00Z,BARC.20230207,BARC.20230207.TOWNET.1,tow net,642.4,COPSP,Y,0.1,0.3,,4710,lake,7.331880448318805,0.2,0.3
BARC,BARC.AOS.littoral1,2023-02-07T13:53:00Z,BARC.20230207,BARC.20230207.SCHINDLER.2,Schindler-Patalas,24.0,COPSP,Y,0.1,0.3,,406,lake,16.916666666666668,0.2,0.3
BARC,BARC.AOS.littoral2,2023-02-07T13:53:00Z,BARC.20230207,BARC.20230207.SCHINDLER.3,Schindler-Patalas,24.0,COPSP,Y,0.15,0.2,,218,lake,9.083333333333334,0.175,0.2
BARC,BARC.AOS.littoral1,2023-06-28T17:02:00Z,BARC.20230628,BARC.20230628.SCHINDLER.2,Schindler-Patalas,36.0,COPSP,Y,0.15,0.2,,342,lake,9.5,0.175,0.2
BARC,BARC.AOS.buoy.c0,2023-06-28T17:02:00Z,BARC.20230628,BARC.20230628.TOWNET.1,tow net,627.8,COPSP,Y,0.1,0.25,,1640,lake,2.6122969098438995,0.175,0.25
BARC,BARC.AOS.littoral2,2023-06-28T17:02:00Z,BARC.20230628,BARC.20230628.SCHINDLER.3,Schindler-Patalas,24.0,COPSP,Y,0.15,0.2,,807,lake,33.625,0.175,0.2
BARC,BARC.AOS.buoy.c0,2023-11-01T14:39:00Z,BARC.20231101,BARC.20231101.TOWNET.1,tow net,613.2,COPSP,Y,0.11,0.24,,6900,lake,11.252446183953031,0.175,0.24
BARC,BARC.AOS.littoral1,2023-11-01T14:39:00Z,BARC.20231101,BARC.20231101.SCHINDLER.2,Schindler-Patalas,36.0,COPSP,Y,0.1,0.2,,1770,lake,49.16666666666666,0.15000000000000002,0.2
BARC,BARC.AOS.littoral2,2023-11-01T14:39:00Z,BARC.20231101,BARC.20231101.SCHINDLER.3,Schindler-Patalas,36.0,COPSP,Y,0.07,0.25,,1750,lake,48.61111111111112,0.16,0.25
BARC,BARC.AOS.buoy.c0,2024-02-07T16:21:00Z,BARC.20240207,BARC.20240207.TOWNET.1,tow net,642.4,COPSP,Y,0.07,0.29,,13700,lake,21.326276463262765,0.18,0.29
BARC,BARC.AOS.littoral2,2024-02-07T16:21:00Z,BARC.20240207,BARC.20240207.SCHINDLER.3,Schindler-Patalas,36.0,COPSP,Y,0.07,0.13,,4483,lake,124.52777777777776,0.1,0.13
BARC,BARC.AOS.littoral1,2024-02-07T16:21:00Z,BARC.20240207,BARC.20240207.SCHINDLER.2,Schindler-Patalas,36.0,COPSP,Y,0.08,0.24,,1863,lake,51.75,0.16,0.24
BARC,BARC.AOS.littoral2,2024-07-11T15:19:00Z,BARC.20240711,BARC.20240711.SCHINDLER.2,Schindler-Patalas,24.0,COPSP,Y,0.11,0.26,,392,lake,16.333333333333332,0.185,0.26
BARC,BARC.AOS.buoy.c0,2024-07-11T15:19:00Z,BARC.20240711,BARC.20240711.TOWNET.1,tow net,715.4,COPSP,Y,0.12,0.25,,4600,lake,6.429969247973162,0.185,0.25
BARC,BARC.AOS.littoral1,2024-07-11T15:19:00Z,BARC.20240711,BARC.20240711.SCHINDLER.3,Schindler-Patalas,36.0,COPSP,Y,0.13,0.25,,375,lake,10.416666666666666,0.19,0.25
BARC,BARC.AOS.littoral1,2024-10-30T15:58:00Z,BARC.20241030,BARC.20241030.SCHINDLER.3,Schindler-Patalas,24.0,COPSP,Y,0.1,0.26,,765,lake,31.875,0.18,0.26
BARC,BARC.AOS.buoy.c0,2024-10-30T15:58:00Z,BARC.20241030,BARC.20241030.TOWNET.1,tow net,642.4,COPSP,Y,0.14,0.27,,2150,lake,3.3468244084682444,0.20500000000000002,0.27
BARC,BARC.AOS.littoral2,2024-10-30T15:58:00Z,BARC.20241030,BARC.20241030.SCHINDLER.2,Schindler-Patalas,24.0,COPSP,Y,0.1,0.31,,44,lake,1.8333333333333333,0.20500000000000002,0.31
SUGG,SUGG.AOS.littoral1,2014-07-18T16:00:00Z,SUGG.20140718,SUGG.IN.20140718.ZOO,Schindler-Patalas,36.0,COPSP,Y,0.15,0.188,,1227,lake,34.083333333333336,0.16899999999999998,0.188
SUGG,SUGG.AOS.buoy.c0,2014-07-18T16:00:00Z,SUGG.20140718,SUGG.BOUY.20140718.ZOO,Schindler-Patalas,48.0,COPSP,Y,0.088,0.238,,1589,lake,33.104166666666664,0.16299999999999998,0.238
SUGG,SUGG.AOS.littoral2,2014-07-18T16:00:00Z,SUGG.20140718,SUGG.OUT.20140718.ZOO,Schindler-Patalas,36.0,COPSP,Y,0.112,0.2,,362,lake,10.055555555555555,0.156,0.2
SUGG,SUGG.AOS.littoral2,2015-02-18T17:00:00Z,SUGG.20150218,SUGG.20150218.SCHINDLER.3,Schindler-Patalas,24.0,COPSP,Y,0.138,0.25,,557,lake,23.20833333333333,0.194,0.25
SUGG,SUGG.AOS.buoy.c0,2015-02-18T17:00:00Z,SUGG.20150218,SUGG.20150218.SCHINDLER.1,Schindler-Patalas,48.0,COPSP,Y,0.112,0.25,,438,lake,9.125,0.181,0.25
SUGG,SUGG.AOS.littoral1,2015-02-18T17:00:00Z,SUGG.20150218,SUGG.20150218.SCHINDLER.2,Schindler-Patalas,24.0,COPSP,Y,0.15,0.25,,280,lake,11.666666666666666,0.2,0.25
SUGG,SUGG.AOS.buoy.c0,2015-07-08T16:00:00Z,SUGG.20150708,SUGG.20150708.SCHINDLER.1,Schindler-Patalas,24.0,COPSP,Y,0.12,0.29,,489,lake,20.375,0.205,0.29
SUGG,SUGG.AOS.littoral1,2015-07-08T16:00:00Z,SUGG.20150708,SUGG.20150708.SCHINDLER.2,Schindler-Patalas,24.0,COPSP,Y,0.14,0.27,,657,lake,27.375,0.20500000000000002,0.27
SUGG,SUGG.AOS.littoral2,2015-07-08T16:00:00Z,SUGG.20150708,SUGG.20150708.SCHINDLER.3,Schindler-Patalas,24.0,COPSP,Y,0.12,0.29,,433,lake,18.041666666666668,0.205,0.29
SUGG,SUGG.AOS.littoral2,2015-11-10T17:00:00Z,SUGG.20151110,SUGG.20151110.SCHINDLER.3,Schindler-Patalas,24.0,COPSP,Y,0.075,0.225,,540,lake,22.5,0.15,0.225
SUGG,SUGG.AOS.littoral1,2015-11-10T17:00:00Z,SUGG.20151110,SUGG.20151110.SCHINDLER.2,Schindler-Patalas,24.0,COPSP,Y,0.1,0.225,,1100,lake,45.833333333333336,0.1625,0.225
SUGG,SUGG.AOS.buoy.c0,2015-11-10T17:00:00Z,SUGG.20151110,SUGG.20151110.SCHINDLER.1,Schindler-Patalas,24.0,COPSP,Y,0.075,0.25,,700,lake,29.166666666666668,0.1625,0.25
SUGG,SUGG.AOS.buoy.c0,2016-02-12T17:00:00Z,SUGG.20160212,SUGG.20160212.SCHINDLER.1,Schindler-Patalas,36.0,COPSP,Y,0.075,0.25,,720,lake,20.0,0.1625,0.25
SUGG,SUGG.AOS.littoral2,2016-02-12T17:00:00Z,SUGG.20160212,SUGG.20160212.SCHINDLER.3,Schindler-Patalas,24.0,COPSP,Y,0.1,0.25,,470,lake,19.58333333333333,0.175,0.25
SUGG,SUGG.AOS.littoral1,2016-02-12T17:00:00Z,SUGG.20160212,SUGG.20160212.SCHINDLER.2,Schindler-Patalas,24.0,COPSP,Y,0.075,0.3,,500,lake,20.83333333333333,0.1875,0.3
SUGG,SUGG.AOS.littoral2,2016-07-05T16:00:00Z,SUGG.20160705,SUGG.20160705.SCHINDLERPATALAS.3,Schindler-Patalas,24.0,COPSP,Y,0.125,0.225,,4680,lake,195.0,0.175,0.225
SUGG,SUGG.AOS.littoral1,2016-07-05T16:00:00Z,SUGG.20160705,SUGG.20160705.SCHINDLERPATALAS.2,Schindler-Patalas,24.0,COPSP,Y,0.1,0.225,,3220,lake,134.16666666666666,0.1625,0.225
SUGG,SUGG.AOS.buoy.c0,2016-07-05T16:00:00Z,SUGG.20160705,SUGG.20160705.SCHINDLERPATALAS.1,Schindler-Patalas,36.0,COPSP,Y,0.125,0.25,,3440,lake,95.55555555555556,0.1875,0.25
SUGG,SUGG.AOS.littoral2,2016-10-31T16:00:00Z,SUGG.20161031,SUGG.20161031.SCHINDLER.3,Schindler-Patalas,24.0,COPSP,Y,0.1,0.25,,409,lake,17.041666666666668,0.175,0.25
SUGG,SUGG.AOS.littoral1,2016-10-31T16:00:00Z,SUGG.20161031,SUGG.20161031.SCHINDLER.2,Schindler-Patalas,24.0,COPSP,Y,0.1,0.25,,779,lake,32.458333333333336,0.175,0.25
SUGG,SUGG.AOS.buoy.c0,2016-10-31T16:00:00Z,SUGG.20161031,SUGG.20161031.SCHINDLER.1,Schindler-Patalas,24.0,COPSP,Y,0.1,0.25,,813,lake,33.875,0.175,0.25
SUGG,SUGG.AOS.littoral2,2017-02-09T17:00:00Z,SUGG.20170209,SUGG.20170209.SCHINDLER.3,Schindler-Patalas,24.0,COPSP,Y,0.175,0.25,,201,lake,8.375,0.2125,0.25
SUGG,SUGG.AOS.buoy.c0,2017-02-09T17:00:00Z,SUGG.20170209,SUGG.20170209.SCHINDLER.1,Schindler-Patalas,24.0,COPSP,Y,0.175,0.275,,288,lake,12.0,0.225,0.275
SUGG,SUGG.AOS.littoral1,2017-02-09T17:00:00Z,SUGG.20170209,SUGG.20170209.SCHINDLER.2,Schindler-Patalas,24.0,COPSP,Y,0.2,0.25,,114,lake,4.75,0.225,0.25
SUGG,SUGG.AOS.littoral1,2017-06-29T13:32:00Z,SUGG.20170629,SUGG.20170629.SCHINDLER.2,Schindler-Patalas,24.0,COPSP,Y,0.1,0.2,,1319,lake,54.958333333333336,0.15000000000000002,0.2
SUGG,SUGG.AOS.littoral2,2017-06-29T13:32:00Z,SUGG.20170629,SUGG.20170629.SCHINDLER.3,Schindler-Patalas,24.0,COPSP,Y,0.13,0.23,,3200,lake,133.33333333333334,0.18,0.23
SUGG,SUGG.AOS.buoy.c0,2017-06-29T13:32:00Z,SUGG.20170629,SUGG.20170629.SCHINDLER.1,Schindler-Patalas,24.0,COPSP,Y,0.1,0.25,,2960,lake,123.33333333333331,0.175,0.25
SUGG,SUGG.AOS.buoy.c0,2017-11-03T17:54:00Z,SUGG.20171103,SUGG.20171103.SCHINDLER.1,Schindler-Patalas,36.0,COPSP,Y,0.1,0.18,,1920,lake,53.333333333333336,0.14,0.18
SUGG,SUGG.AOS.littoral1,2017-11-03T17:54:00Z,SUGG.20171103,SUGG.20171103.SCHINDLER.2,Schindler-Patalas,24.0,COPSP,Y,0.13,0.2,,1990,lake,82.91666666666667,0.165,0.2
SUGG,SUGG.AOS.littoral2,2017-11-03T17:54:00Z,SUGG.20171103,SUGG.20171103.SCHINDLER.3,Schindler-Patalas,24.0,COPSP,Y,0.13,0.2,,1327,lake,55.29166666666666,0.165,0.2
SUGG,SUGG.AOS.littoral1,2018-02-12T14:52:00Z,SUGG.20180212,SUGG.20180212.SCHINDLER-PATALAS.2,Schindler-Patalas,24.0,COPSP,Y,0.13,0.25,,554,lake,23.08333333333333,0.19,0.25
SUGG,SUGG.AOS.littoral2,2018-02-12T14:52:00Z,SUGG.20180212,SUGG.20180212.SCHINDLER-PATALAS.3,Schindler-Patalas,24.0,COPSP,Y,0.13,0.3,,295,lake,12.291666666666666,0.215,0.3
SUGG,SUGG.AOS.buoy.c0,2018-02-12T14:52:00Z,SUGG.20180212,SUGG.20180212.SCHINDLER-PATALAS.1,Schindler-Patalas,36.0,COPSP,Y,0.13,0.25,,750,lake,20.83333333333333,0.19,0.25
SUGG,SUGG.AOS.buoy.c0,2018-07-02T18:09:00Z,SUGG.20180702,SUGG.20180702.SCHINDLER.1,Schindler-Patalas,36.0,COPSP,Y,0.13,0.28,,2360,lake,65.55555555555556,0.20500000000000002,0.28
SUGG,SUGG.AOS.littoral1,2018-07-02T18:09:00Z,SUGG.20180702,SUGG.20180702.SCHINDLER.2,Schindler-Patalas,36.0,COPSP,Y,0.13,0.23,,2760,lake,76.66666666666667,0.18,0.23
SUGG,SUGG.AOS.littoral2,2018-07-02T18:09:00Z,SUGG.20180702,SUGG.20180702.SCHINDLER.3,Schindler-Patalas,24.0,COPSP,Y,0.13,0.25,,588,lake,24.5,0.19,0.25
SUGG,SUGG.AOS.littoral1,2018-10-29T16:43:00Z,SUGG.20181029,SUGG.20181029.SCHINDLER.2,Schindler-Patalas,24.0,COPSP,Y,0.1,0.2,,442,lake,18.416666666666668,0.15000000000000002,0.2
SUGG,SUGG.AOS.buoy.c0,2018-10-29T16:43:00Z,SUGG.20181029,SUGG.20181029.SCHINDLER.1,Schindler-Patalas,36.0,COPSP,Y,0.13,0.23,,2200,lake,61.11111111111112,0.18,0.23
SUGG,SUGG.AOS.littoral2,2018-10-29T16:43:00Z,SUGG.20181029,SUGG.20181029.SCHINDLER.3,Schindler-Patalas,24.0,COPSP,Y,0.1,0.23,,814,lake,33.916666666666664,0.165,0.23
SUGG,SUGG.AOS.buoy.c0,2019-02-14T17:58:00Z,SUGG.20190214,SUGG.20190214.SCHINDLER.1,Schindler-Patalas,36.0,COPSP,Y,0.175,0.275,,18,lake,0.5,0.225,0.275
SUGG,SUGG.AOS.littoral1,2019-02-14T17:58:00Z,SUGG.20190214,SUGG.20190214.SCHINDLER.2,Schindler-Patalas,36.0,COPSP,Y,0.225,0.25,,13,lake,0.3611111111111111,0.2375,0.25
SUGG,SUGG.AOS.buoy.c0,2019-07-01T17:20:00Z,SUGG.20190701,SUGG.20190701.SCHINDLER.3,Schindler-Patalas,24.0,COPSP,Y,0.1,0.225,,3360,lake,140.0,0.1625,0.225
SUGG,SUGG.AOS.littoral1,2019-07-01T17:20:00Z,SUGG.20190701,SUGG.20190701.SCHINDLER.1,Schindler-Patalas,24.0,COPSP,Y,0.125,0.225,,2150,lake,89.58333333333333,0.175,0.225
SUGG,SUGG.AOS.littoral2,2019-07-01T17:20:00Z,SUGG.20190701,SUGG.20190701.SCHINDLER.2,Schindler-Patalas,24.0,COPSP,Y,0.125,0.25,,1911,lake,79.625,0.1875,0.25
SUGG,SUGG.AOS.buoy.c0,2019-10-28T14:11:00Z,SUGG.20191028,SUGG.20191028.SCHINDLER.1,Schindler-Patalas,24.0,COPSP,Y,0.125,0.25,,1670,lake,69.58333333333333,0.1875,0.25
SUGG,SUGG.AOS.littoral2,2019-10-28T14:11:00Z,SUGG.20191028,SUGG.20191028.SCHINDLER.3,Schindler-Patalas,24.0,COPSP,Y,0.125,0.25,,1600,lake,66.66666666666667,0.1875,0.25
SUGG,SUGG.AOS.littoral1,2019-10-28T14:11:00Z,SUGG.20191028,SUGG.20191028.SCHINDLER.2,Schindler-Patalas,24.0,COPSP,Y,0.125,0.275,,1145,lake,47.708333333333336,0.2,0.275
SUGG,SUGG.AOS.littoral2,2020-02-10T16:15:00Z,SUGG.20200210,SUGG.20200210.SCHINDLER.3,Schindler-Patalas,24.0,COPSP,Y,0.125,0.3,,516,lake,21.5,0.2125,0.3
SUGG,SUGG.AOS.buoy.c0,2020-02-10T16:15:00Z,SUGG.20200210,SUGG.20200210.SCHINDLER.1,Schindler-Patalas,24.0,COPSP,Y,0.1,0.25,,1248,lake,52.0,0.175,0.25
SUGG,SUGG.AOS.littoral1,2020-02-10T16:15:00Z,SUGG.20200210,SUGG.20200210.SCHINDLER.2,Schindler-Patalas,24.0,COPSP,Y,0.1,0.325,,545,lake,22.70833333333333,0.21250000000000002,0.325
SUGG,SUGG.AOS.littoral2,2020-07-13T17:03:00Z,SUGG.20200713,SUGG.20200713.SCHINDLER.3,Schindler-Patalas,24.0,COPSP,Y,0.125,0.2,,650,lake,27.08333333333333,0.1625,0.2
SUGG,SUGG.AOS.buoy.c0,2020-07-13T17:03:00Z,SUGG.20200713,SUGG.20200713.SCHINDLER.1,Schindler-Patalas,24.0,COPSP,Y,0.125,0.25,,3640,lake,151.66666666666666,0.1875,0.25
SUGG,SUGG.AOS.littoral1,2020-07-13T17:03:00Z,SUGG.20200713,SUGG.20200713.SCHINDLER.2,Schindler-Patalas,24.0,COPSP,Y,0.125,0.175,,4910,lake,204.58333333333331,0.15,0.175
SUGG,SUGG.AOS.littoral2,2020-10-28T14:02:00Z,SUGG.20201028,SUGG.20201028.SCHINDLER.3,Schindler-Patalas,24.0,COPSP,Y,0.125,0.25,,683,lake,28.45833333333333,0.1875,0.25
SUGG,SUGG.AOS.buoy.c0,2020-10-28T14:02:00Z,SUGG.20201028,SUGG.20201028.SCHINDLER.1,Schindler-Patalas,24.0,COPSP,Y,0.125,0.25,,780,lake,32.5,0.1875,0.25
SUGG,SUGG.AOS.littoral1,2020-10-28T14:02:00Z,SUGG.20201028,SUGG.20201028.SCHINDLER.2,Schindler-Patalas,24.0,COPSP,Y,0.175,0.275,,417,lake,17.375,0.225,0.275
SUGG,SUGG.AOS.littoral2,2021-02-11T15:20:00Z,SUGG.20210211,SUGG.20210211.SCHINDLER.3,Schindler-Patalas,24.0,COPSP,Y,0.15,0.25,,1350,lake,56.25,0.2,0.25
SUGG,SUGG.AOS.buoy.c1,2021-02-11T15:20:00Z,SUGG.20210211,SUGG.20210211.SCHINDLER.1,Schindler-Patalas,24.0,COPSP,Y,0.15,0.25,,1530,lake,63.75,0.2,0.25
SUGG,SUGG.AOS.littoral1,2021-02-11T15:20:00Z,SUGG.20210211,SUGG.20210211.SCHINDLER.2,Schindler-Patalas,24.0,COPSP,Y,0.1,0.275,,743,lake,30.95833333333333,0.1875,0.275
SUGG,SUGG.AOS.littoral1,2021-06-30T13:04:00Z,SUGG.20210630,SUGG.20210630.SCHINDLER.2,Schindler-Patalas,24.0,COPSP,Y,0.15,0.275,,3160,lake,131.66666666666666,0.21250000000000002,0.275
SUGG,SUGG.AOS.buoy.c0,2021-06-30T13:04:00Z,SUGG.20210630,SUGG.20210630.SCHINDLER.1,Schindler-Patalas,24.0,COPSP,Y,0.125,0.3,,1440,lake,60.0,0.2125,0.3
SUGG,SUGG.AOS.littoral2,2021-06-30T13:04:00Z,SUGG.20210630,SUGG.20210630.SCHINDLER.3,Schindler-Patalas,24.0,COPSP,Y,0.125,0.275,,3020,lake,125.83333333333331,0.2,0.275
SUGG,SUGG.AOS.littoral1,2022-02-14T16:41:00Z,SUGG.20220214,SUGG.20220214.SCHINDLER.2,Schindler-Patalas,24.0,COPSP,Y,0.2,0.2,,62,lake,2.583333333333333,0.2,0.2
SUGG,SUGG.AOS.littoral2,2022-02-14T16:41:00Z,SUGG.20220214,SUGG.20220214.SCHINDLER.3,Schindler-Patalas,24.0,COPSP,Y,0.1,0.3,,330,lake,13.75,0.2,0.3
SUGG,SUGG.AOS.buoy.c0,2022-02-14T16:41:00Z,SUGG.20220214,SUGG.20220214.SCHINDLER.1,Schindler-Patalas,36.0,COPSP,Y,0.1,0.2,,165,lake,4.583333333333333,0.15000000000000002,0.2
SUGG,SUGG.AOS.littoral2,2022-07-13T14:19:00Z,SUGG.20220713,SUGG.20220713.SCHINDLER.3,Schindler-Patalas,24.0,COPSP,Y,0.1,0.2,,1740,lake,72.5,0.15000000000000002,0.2
SUGG,SUGG.AOS.littoral1,2022-07-13T14:19:00Z,SUGG.20220713,SUGG.20220713.SCHINDLER.2,Schindler-Patalas,24.0,COPSP,Y,0.1,0.2,,1660,lake,69.16666666666667,0.15000000000000002,0.2
SUGG,SUGG.AOS.buoy.c1,2022-07-13T14:19:00Z,SUGG.20220713,SUGG.20220713.SCHINDLER.1,Schindler-Patalas,24.0,COPSP,Y,0.1,0.2,,960,lake,40.0,0.15000000000000002,0.2
SUGG,SUGG.AOS.littoral1,2022-10-31T16:06:00Z,SUGG.20221031,SUGG.20221031.SCHINDLER.2,Schindler-Patalas,24.0,COPSP,Y,0.1,0.2,,400,lake,16.666666666666668,0.15000000000000002,0.2
SUGG,SUGG.AOS.littoral2,2022-10-31T16:06:00Z,SUGG.20221031,SUGG.20221031.SCHINDLER.3,Schindler-Patalas,24.0,COPSP,Y,0.1,0.2,,288,lake,12.0,0.15000000000000002,0.2
SUGG,SUGG.AOS.buoy.c0,2022-10-31T16:06:00Z,SUGG.20221031,SUGG.20221031.SCHINDLER.1,Schindler-Patalas,36.0,COPSP,Y,0.15,0.2,,145,lake,4.027777777777778,0.175,0.2
SUGG,SUGG.AOS.littoral1,2023-02-08T17:54:00Z,SUGG.20230208,SUGG.20230208.SCHINDLER.3,Schindler-Patalas,24.0,COPSP,Y,0.15,0.2,,160,lake,6.666666666666667,0.175,0.2
SUGG,SUGG.AOS.buoy.c1,2023-02-08T17:54:00Z,SUGG.20230208,SUGG.20230208.SCHINDLER.1,Schindler-Patalas,36.0,COPSP,Y,0.1,0.2,,370,lake,10.27777777777778,0.15000000000000002,0.2
SUGG,SUGG.AOS.littoral2,2023-02-08T17:54:00Z,SUGG.20230208,SUGG.20230208.SCHINDLER.2,Schindler-Patalas,24.0,COPSP,Y,0.15,0.25,,133,lake,5.541666666666667,0.2,0.25
SUGG,SUGG.AOS.buoy.c0,2023-06-29T16:46:00Z,SUGG.20230629,SUGG.20230629.SCHINDLER.3,Schindler-Patalas,36.0,COPSP,Y,0.1,0.2,,315,lake,8.75,0.15000000000000002,0.2
SUGG,SUGG.AOS.littoral1,2023-06-29T16:46:00Z,SUGG.20230629,SUGG.20230629.SCHINDLER.1,Schindler-Patalas,24.0,COPSP,Y,0.15,0.25,,165,lake,6.875,0.2,0.25
SUGG,SUGG.AOS.littoral2,2023-06-29T16:46:00Z,SUGG.20230629,SUGG.20230629.SCHINDLER.2,Schindler-Patalas,24.0,COPSP,Y,0.2,0.2,,77,lake,3.208333333333333,0.2,0.2
SUGG,SUGG.AOS.buoy.c0,2023-10-31T15:42:00Z,SUGG.20231031,SUGG.20231031.SCHINDLER.3,Schindler-Patalas,36.0,COPSP,Y,0.09,0.24,,1875,lake,52.083333333333336,0.16499999999999998,0.24
SUGG,SUGG.AOS.littoral2,2023-10-31T15:42:00Z,SUGG.20231031,SUGG.20231031.SCHINDLER.2,Schindler-Patalas,24.0,COPSP,Y,0.11,0.25,,1175,lake,48.958333333333336,0.18,0.25
SUGG,SUGG.AOS.littoral1,2023-10-31T15:42:00Z,SUGG.20231031,SUGG.20231031.SCHINDLER.1,Schindler-Patalas,24.0,COPSP,Y,0.07,0.23,,592,lake,24.666666666666668,0.15000000000000002,0.23
SUGG,SUGG.AOS.littoral2,2024-02-08T16:35:00Z,SUGG.20240208,SUGG.20240208.SCHINDLER.3,Schindler-Patalas,24.0,COPSP,Y,0.07,0.27,,186,lake,7.75,0.17,0.27
SUGG,SUGG.AOS.buoy.c0,2024-02-08T16:35:00Z,SUGG.20240208,SUGG.20240208.SCHINDLER.1,Schindler-Patalas,36.0,COPSP,Y,0.09,0.32,,1313,lake,36.47222222222222,0.20500000000000002,0.32
SUGG,SUGG.AOS.littoral1,2024-02-08T16:35:00Z,SUGG.20240208,SUGG.20240208.SCHINDLER.2,Schindler-Patalas,24.0,COPSP,Y,0.05,0.26,,271,lake,11.291666666666666,0.155,0.26
SUGG,SUGG.AOS.littoral2,2024-07-10T15:12:00Z,SUGG.20240710,SUGG.20240710.SCHINDLER.2,Schindler-Patalas,24.0,COPSP,Y,0.1,0.32,,1135,lake,47.29166666666666,0.21000000000000002,0.32
SUGG,SUGG.AOS.buoy.c0,2024-07-10T15:12:00Z,SUGG.20240710,SUGG.20240710.SCHINDLER.1,Schindler-Patalas,24.0,COPSP,Y,0.11,0.24,,2217,lake,92.375,0.175,0.24
SUGG,SUGG.AOS.littoral1,2024-07-10T15:12:00Z,SUGG.20240710,SUGG.20240710.SCHINDLER.3,Schindler-Patalas,24.0,COPSP,Y,0.1,0.23,,611,lake,25.45833333333333,0.165,0.23
SUGG,SUGG.AOS.littoral2,2024-10-31T16:41:00Z,SUGG.20241031,SUGG.20241031.SCHINDLER.3,Schindler-Patalas,24.0,COPSP,Y,0.13,0.36,,114,lake,4.75,0.245,0.36
SUGG,SUGG.AOS.littoral1,2024-10-31T16:41:00Z,SUGG.20241031,SUGG.20241031.SCHINDLER.2,Schindler-Patalas,36.0,COPSP,Y,0.1,0.26,,922,lake,25.61111111111111,0.18,0.26
SUGG,SUGG.AOS.buoy.c0,2024-10-31T16:41:00Z,SUGG.20241031,SUGG.20241031.SCHINDLER.1,Schindler-Patalas,36.0,COPSP,Y,0.1,0.27,,20,lake,0.5555555555555556,0.185,0.27
CRAM,CRAM.AOS.littoral1,2016-07-13T17:00:00Z,CRAM.20160713,CRAM.20160713.SCHINDLER.2,Schindler-Patalas,24.0,COPSP,Y,0.1,0.25,,140,lake,5.833333333333333,0.175,0.25
CRAM,CRAM.AOS.littoral2,2016-07-13T17:00:00Z,CRAM.20160713,CRAM.20160713.SCHINDLER.1,Schindler-Patalas,24.0,COPSP,Y,0.1,0.125,,32,lake,1.3333333333333333,0.1125,0.125
CRAM,CRAM.AOS.buoy.c0,2016-07-13T17:00:00Z,CRAM.20160713,CRAM.20160713.TOWNET.3,tow net,2482.0,COPSP,Y,0.1,0.275,,11220,lake,4.52054794520548,0.1875,0.275
CRAM,CRAM.AOS.littoral1,2016-09-19T17:00:00Z,CRAM.20160919,CRAM.20160919.SCHINDLER.2,Schindler-Patalas,24.0,COPSP,Y,0.125,0.175,,160,lake,6.666666666666667,0.15,0.175
CRAM,CRAM.AOS.littoral2,2016-09-19T17:00:00Z,CRAM.20160919,CRAM.20160919.SCHINDLER.1,Schindler-Patalas,24.0,COPSP,Y,0.125,0.3,,452,lake,18.83333333333333,0.2125,0.3
CRAM,CRAM.AOS.buoy.c0,2016-09-19T17:00:00Z,CRAM.20160919,CRAM.20160919.TOWNET.1,tow net,1095.0,COPSP,Y,0.1,0.25,,6300,lake,5.753424657534247,0.175,0.25
CRAM,CRAM.AOS.littoral1,2017-05-03T15:01:00Z,CRAM.20170503,CRAM.20170503.SCHINDLER.2,Schindler-Patalas,24.0,COPSP,Y,0.125,0.325,,753,lake,31.375,0.225,0.325
CRAM,CRAM.AOS.buoy.c0,2017-05-03T15:01:00Z,CRAM.20170503,CRAM.20170503.TOWNET.3,tow net,1095.0,COPSP,Y,0.125,2.7,,11702,lake,10.68675799086758,1.4125,2.7
CRAM,CRAM.AOS.littoral2,2017-05-03T15:01:00Z,CRAM.20170503,CRAM.20170503.SCHINDLER.1,Schindler-Patalas,24.0,COPSP,Y,0.125,0.3,,517,lake,21.541666666666668,0.2125,0.3
CRAM,CRAM.AOS.littoral2,2017-07-17T14:38:00Z,CRAM.20170717,CRAM.20170717.SCHINDLER.1,Schindler-Patalas,24.0,COPSP,Y,0.1,0.15,,60,lake,2.5,0.125,0.15
CRAM,CRAM.AOS.buoy.c0,2017-07-17T14:38:00Z,CRAM.20170717,CRAM.20170717.TOWNET.3,tow net,1022.0,COPSP,Y,1.25,1.25,,5600,lake,5.47945205479452,1.25,1.25
CRAM,CRAM.AOS.littoral2,2017-09-14T14:31:00Z,CRAM.20170914,CRAM.20170914.SCHINDLER.1,Schindler-Patalas,24.0,COPSP,Y,0.1,0.23,,818,lake,34.083333333333336,0.165,0.23
CRAM,CRAM.AOS.buoy.c0,2017-09-14T14:31:00Z,CRAM.20170914,CRAM.20170914.TOWNET.3,tow net,1204.5,COPSP,Y,0.1,0.25,,6656,lake,5.525944375259444,0.175,0.25
CRAM,CRAM.AOS.littoral1,2017-09-14T14:31:00Z,CRAM.20170914,CRAM.20170914.SCHINDLER.2,Schindler-Patalas,24.0,COPSP,Y,0.13,0.25,,4774,lake,198.91666666666663,0.19,0.25
CRAM,CRAM.AOS.littoral2,2018-05-10T16:01:00Z,CRAM.20180510,CRAM.20180510.SCHINDLER.3,Schindler-Patalas,24.0,COPSP,Y,0.1,0.23,,2139,lake,89.125,0.165,0.23
CRAM,CRAM.AOS.littoral1,2018-05-10T16:01:00Z,CRAM.20180510,CRAM.20180510.SCHINDLER.2,Schindler-Patalas,24.0,COPSP,Y,0.1,0.25,,24188,lake,1007.8333333333334,0.175,0.25
CRAM,CRAM.AOS.buoy.c0,2018-05-10T16:01:00Z,CRAM.20180510,CRAM.20180510.TOWNET.1,tow net,1752.0,COPSP,Y,0.1,0.23,,34875,lake,19.90582191780822,0.165,0.23
CRAM,CRAM.AOS.buoy.c0,2018-07-16T14:30:00Z,CRAM.20180716,CRAM.20180716.TOWNET.1,tow net,1058.5,COPSP,Y,0.1,0.23,,28050,lake,26.49976381672177,0.165,0.23
CRAM,CRAM.AOS.littoral2,2018-07-16T14:30:00Z,CRAM.20180716,CRAM.20180716.SCHINDLER.3,Schindler-Patalas,36.0,COPSP,Y,0.13,0.25,,1106,lake,30.72222222222222,0.19,0.25
CRAM,CRAM.AOS.littoral1,2018-07-16T14:30:00Z,CRAM.20180716,CRAM.20180716.SCHINDLER.2,Schindler-Patalas,36.0,COPSP,Y,0.15,0.18,,144,lake,4.0,0.16499999999999998,0.18
CRAM,CRAM.AOS.buoy.c0,2018-10-02T14:52:00Z,CRAM.20181002,CRAM.20181002.TOWNET.1,tow net,1095.0,COPSP,Y,0.1,0.23,,403,lake,0.3680365296803653,0.165,0.23
CRAM,CRAM.AOS.littoral1,2018-10-02T14:52:00Z,CRAM.20181002,CRAM.20181002.SCHINDLER.2,Schindler-Patalas,24.0,COPSP,Y,0.13,0.25,,270,lake,11.25,0.19,0.25
CRAM,CRAM.AOS.littoral2,2018-10-02T14:52:00Z,CRAM.20181002,CRAM.20181002.SCHINDLER.3,Schindler-Patalas,24.0,COPSP,Y,0.1,0.2,,438,lake,18.25,0.15000000000000002,0.2
CRAM,CRAM.AOS.littoral1,2019-05-08T15:35:00Z,CRAM.20190508,CRAM.20190508.SCHINDLER.3,Schindler-Patalas,24.0,COPSP,Y,0.1,0.325,,360,lake,15.0,0.21250000000000002,0.325
CRAM,CRAM.AOS.littoral2,2019-05-08T15:35:00Z,CRAM.20190508,CRAM.20190508.SCHINDLER.2,Schindler-Patalas,24.0,COPSP,Y,0.15,0.325,,440,lake,18.33333333333333,0.2375,0.325
CRAM,CRAM.AOS.buoy.c0,2019-05-08T15:35:00Z,CRAM.20190508,CRAM.20190508.TOWNET.1,tow net,1971.0,COPSP,Y,0.125,0.3,,6972,lake,3.537290715372907,0.2125,0.3
CRAM,CRAM.AOS.littoral1,2019-07-11T15:01:00Z,CRAM.20190711,CRAM.20190711.SCHINDLER.2,Schindler-Patalas,24.0,COPSP,Y,0.1,0.225,,80,lake,3.333333333333333,0.1625,0.225
CRAM,CRAM.AOS.buoy.c1,2019-07-11T15:01:00Z,CRAM.20190711,CRAM.20190711.TOWNET.1,tow net,949.0,COPSP,Y,0.1,0.2,,3360,lake,3.5405690200210747,0.15000000000000002,0.2
CRAM,CRAM.AOS.littoral2,2019-07-11T15:01:00Z,CRAM.20190711,CRAM.20190711.SCHINDLER.3,Schindler-Patalas,24.0,COPSP,Y,0.125,0.175,,320,lake,13.333333333333334,0.15,0.175
CRAM,CRAM.AOS.littoral2,2019-09-25T14:44:00Z,CRAM.20190925,CRAM.20190925.SCHINDLER.3,Schindler-Patalas,24.0,COPSP,Y,0.125,0.25,,180,lake,7.5,0.1875,0.25
CRAM,CRAM.AOS.buoy.c1,2019-09-25T14:44:00Z,CRAM.20190925,CRAM.20190925.TOWNET.2,tow net,1022.0,COPSP,Y,0.1,0.275,,8640,lake,8.454011741682974,0.1875,0.275
CRAM,CRAM.AOS.littoral1,2019-09-25T14:44:00Z,CRAM.20190925,CRAM.20190925.SCHINDLER.1,Schindler-Patalas,24.0,COPSP,Y,0.125,0.25,,1200,lake,50.0,0.1875,0.25
CRAM,CRAM.AOS.buoy.c1,2020-06-08T15:55:00Z,CRAM.20200608,CRAM.20200608.TOWNET.1,tow net,1058.5,COPSP,Y,0.1,0.25,,9144,lake,8.63863958431743,0.175,0.25
CRAM,CRAM.AOS.littoral2,2020-06-08T15:55:00Z,CRAM.20200608,CRAM.20200608.SCHINDLER.3,Schindler-Patalas,24.0,COPSP,Y,0.1,0.25,,345,lake,14.375,0.175,0.25
CRAM,CRAM.AOS.littoral1,2020-06-08T15:55:00Z,CRAM.20200608,CRAM.20200608.SCHINDLER.2,Schindler-Patalas,24.0,COPSP,Y,0.125,0.25,,360,lake,15.0,0.1875,0.25
CRAM,CRAM.AOS.buoy.c1,2020-07-15T15:35:00Z,CRAM.20200715,CRAM.20200715.TOWNET.1,tow net,985.5,COPSP,Y,0.075,0.25,,4830,lake,4.901065449010654,0.1625,0.25
CRAM,CRAM.AOS.littoral2,2020-07-15T15:35:00Z,CRAM.20200715,CRAM.20200715.SCHINDLER.3,Schindler-Patalas,24.0,COPSP,Y,0.1,0.225,,48,lake,2.0,0.1625,0.225
CRAM,CRAM.AOS.littoral2,2020-09-28T15:56:00Z,CRAM.20200928,CRAM.20200928.SCHINDLER.3,Schindler-Patalas,24.0,COPSP,Y,0.175,0.25,,240,lake,10.0,0.2125,0.25
CRAM,CRAM.AOS.littoral1,2020-09-28T15:56:00Z,CRAM.20200928,CRAM.20200928.SCHINDLER.2,Schindler-Patalas,24.0,COPSP,Y,0.1,0.25,,672,lake,28.0,0.175,0.25
CRAM,CRAM.AOS.buoy.c1,2020-09-28T15:56:00Z,CRAM.20200928,CRAM.20200928.TOWNET.1,tow net,1014.7,COPSP,Y,0.1,0.275,,1580,lake,1.5571104760027594,0.1875,0.275
CRAM,CRAM.AOS.littoral2,2021-04-27T16:22:00Z,CRAM.20210427,CRAM.20210427.SCHINDLER.3,Schindler-Patalas,24.0,COPSP,Y,0.125,0.35,,184,lake,7.666666666666667,0.2375,0.35
CRAM,CRAM.AOS.buoy.c0,2021-04-27T16:22:00Z,CRAM.20210427,CRAM.20210427.TOWNET.1,tow net,1102.3,COPSP,Y,0.1,0.175,,640,lake,0.5806041912365055,0.1375,0.175
CRAM,CRAM.AOS.littoral1,2021-04-27T16:22:00Z,CRAM.20210427,CRAM.20210427.SCHINDLER.2,Schindler-Patalas,24.0,COPSP,Y,0.2,0.275,,120,lake,5.0,0.23750000000000002,0.275
CRAM,CRAM.AOS.buoy.c1,2021-07-13T16:18:00Z,CRAM.20210713,CRAM.20210713.TOWNET.1,tow net,1284.8,COPSP,Y,0.1,0.25,,9500,lake,7.394146948941469,0.175,0.25
CRAM,CRAM.AOS.littoral1,2021-07-13T16:18:00Z,CRAM.20210713,CRAM.20210713.SCHINDLER.2,Schindler-Patalas,24.0,COPSP,Y,0.1,0.2,,180,lake,7.5,0.15000000000000002,0.2
CRAM,CRAM.AOS.littoral2,2021-07-13T16:18:00Z,CRAM.20210713,CRAM.20210713.SCHINDLER.3,Schindler-Patalas,24.0,COPSP,Y,0.15,0.15,,9,lake,0.375,0.15,0.15
CRAM,CRAM.AOS.littoral2,2021-09-27T16:03:00Z,CRAM.20210927,CRAM.20210927.SCHINDLER.3,Schindler-Patalas,24.0,COPSP,Y,0.08,0.2,,540,lake,22.5,0.14,0.2
CRAM,CRAM.AOS.littoral1,2021-09-27T16:03:00Z,CRAM.20210927,CRAM.20210927.SCHINDLER.2,Schindler-Patalas,24.0,COPSP,Y,0.1,0.2,,125,lake,5.208333333333333,0.15000000000000002,0.2
CRAM,CRAM.AOS.buoy.c1,2021-09-27T16:03:00Z,CRAM.20210927,CRAM.20210927.TOWNET.1,tow net,1095.0,COPSP,Y,0.2,0.2,,400,lake,0.365296803652968,0.2,0.2
CRAM,CRAM.AOS.littoral1,2022-05-24T16:47:00Z,CRAM.20220524,CRAM.20220524.SCHINDLER.2,Schindler-Patalas,24.0,COPSP,Y,0.1,0.2,,370,lake,15.416666666666666,0.15000000000000002,0.2
CRAM,CRAM.AOS.littoral2,2022-05-24T16:47:00Z,CRAM.20220524,CRAM.20220524.SCHINDLER.3,Schindler-Patalas,24.0,COPSP,Y,0.1,0.2,,323,lake,13.458333333333334,0.15000000000000002,0.2
CRAM,CRAM.AOS.buoy.c1,2022-05-24T16:47:00Z,CRAM.20220524,CRAM.20220524.TOWNET.1,tow net,1080.4,COPSP,Y,0.1,0.2,,450,lake,0.4165124028137726,0.15000000000000002,0.2
CRAM,CRAM.AOS.buoy.c1,2022-07-12T14:52:00Z,CRAM.20220712,CRAM.20220712.TOWNET.1,tow net,1299.4,COPSP,Y,0.1,0.2,,760,lake,0.5848853316915499,0.15000000000000002,0.2
CRAM,CRAM.AOS.littoral1,2022-07-12T14:52:00Z,CRAM.20220712,CRAM.20220712.SCHINDLER.2,Schindler-Patalas,24.0,COPSP,Y,0.1,0.2,,58,lake,2.4166666666666665,0.15000000000000002,0.2
CRAM,CRAM.AOS.littoral2,2022-07-12T14:52:00Z,CRAM.20220712,CRAM.20220712.SCHINDLER.3,Schindler-Patalas,24.0,COPSP,Y,0.1,0.2,,66,lake,2.75,0.15000000000000002,0.2
CRAM,CRAM.AOS.littoral1,2022-09-26T15:56:00Z,CRAM.20220926,CRAM.20220926.SCHINDLER.2,Schindler-Patalas,24.0,COPSP,Y,0.1,0.2,,400,lake,16.666666666666668,0.15000000000000002,0.2
CRAM,CRAM.AOS.littoral2,2022-09-26T15:56:00Z,CRAM.20220926,CRAM.20220926.SCHINDLER.3,Schindler-Patalas,24.0,COPSP,Y,0.1,0.2,,390,lake,16.25,0.15000000000000002,0.2
CRAM,CRAM.AOS.buoy.c1,2022-09-26T15:56:00Z,CRAM.20220926,CRAM.20220926.TOWNET.1,tow net,1131.5,COPSP,Y,0.1,0.2,,1760,lake,1.5554573574900574,0.15000000000000002,0.2
CRAM,CRAM.AOS.buoy.c1,2023-05-22T16:17:00Z,CRAM.20230522,CRAM.20230522.TOWNET.1,tow net,1241.0,COPSP,Y,0.1,0.25,,350,lake,0.282030620467365,0.175,0.25
CRAM,CRAM.AOS.littoral2,2023-05-22T16:17:00Z,CRAM.20230522,CRAM.20230522.SCHINDLER.3,Schindler-Patalas,24.0,COPSP,Y,0.1,0.15,,190,lake,7.916666666666667,0.125,0.15
CRAM,CRAM.AOS.littoral1,2023-05-22T16:17:00Z,CRAM.20230522,CRAM.20230522.SCHINDLER.2,Schindler-Patalas,24.0,COPSP,Y,0.1,0.25,,60,lake,2.5,0.175,0.25
CRAM,CRAM.AOS.buoy.c1,2023-07-17T16:23:00Z,CRAM.20230717,CRAM.20230717.TOWNET.1,tow net,1241.0,COPSP,Y,0.08,0.2,,625,lake,0.5036261079774376,0.14,0.2
CRAM,CRAM.AOS.littoral2,2023-07-17T16:23:00Z,CRAM.20230717,CRAM.20230717.SCHINDLER.3,Schindler-Patalas,24.0,COPSP,Y,0.1,0.15,,69,lake,2.875,0.125,0.15
CRAM,CRAM.AOS.littoral1,2023-07-17T16:23:00Z,CRAM.20230717,CRAM.20230717.SCHINDLER.2,Schindler-Patalas,24.0,COPSP,Y,0.1,0.15,,70,lake,2.9166666666666665,0.125,0.15
CRAM,CRAM.AOS.buoy.c1,2023-09-26T17:29:00Z,CRAM.20230926,CRAM.20230926.TOWNET.1,tow net,1248.3,COPSP,Y,0.11,0.21,,4100,lake,3.284466874949932,0.16,0.21
CRAM,CRAM.AOS.littoral1,2023-09-26T17:29:00Z,CRAM.20230926,CRAM.20230926.SCHINDLER.2,Schindler-Patalas,24.0,COPSP,Y,0.1,0.26,,1050,lake,43.75,0.18,0.26
CRAM,CRAM.AOS.littoral2,2023-09-26T17:29:00Z,CRAM.20230926,CRAM.20230926.SCHINDLER.3,Schindler-Patalas,24.0,COPSP,Y,0.09,0.37,,233,lake,9.708333333333334,0.22999999999999998,0.37
CRAM,CRAM.AOS.littoral1,2024-04-22T16:06:00Z,CRAM.20240422,CRAM.20240422.SCHINDLER.2,Schindler-Patalas,24.0,COPSP,Y,0.15,0.43,,2075,lake,86.45833333333333,0.29,0.43
CRAM,CRAM.AOS.buoy.c1,2024-04-22T16:06:00Z,CRAM.20240422,CRAM.20240422.TOWNET.1,tow net,1241.0,COPSP,Y,0.11,0.34,,275,lake,0.2215954875100725,0.225,0.34
CRAM,CRAM.AOS.littoral2,2024-04-22T16:06:00Z,CRAM.20240422,CRAM.20240422.SCHINDLER.3,Schindler-Patalas,24.0,COPSP,Y,0.09,0.35,,500,lake,20.83333333333333,0.21999999999999997,0.35
CRAM,CRAM.AOS.littoral1,2024-07-11T16:01:00Z,CRAM.20240711,CRAM.20240711.SCHINDLER.2,Schindler-Patalas,24.0,COPSP,Y,0.11,0.27,,475,lake,19.791666666666668,0.19,0.27
CRAM,CRAM.AOS.littoral2,2024-07-11T16:01:00Z,CRAM.20240711,CRAM.20240711.SCHINDLER.3,Schindler-Patalas,24.0,COPSP,Y,0.11,0.29,,1175,lake,48.958333333333336,0.19999999999999998,0.29
CRAM,CRAM.AOS.buoy.c1,2024-07-11T16:01:00Z,CRAM.20240711,CRAM.20240711.TOWNET.1,tow net,1321.3,COPSP,Y,0.11,0.28,,12000,lake,9.081964731703623,0.195,0.28
CRAM,CRAM.AOS.littoral1,2024-09-16T15:14:00Z,CRAM.20240916,CRAM.20240916.SCHINDLER.2,Schindler-Patalas,24.0,COPSP,Y,0.12,0.32,,69,lake,2.875,0.22,0.32
CRAM,CRAM.AOS.buoy.c1,2024-09-16T15:14:00Z,CRAM.20240916,CRAM.20240916.TOWNET.1,tow net,1204.5,COPSP,Y,0.09,0.17,,738,lake,0.6127023661270237,0.13,0.17
CRAM,CRAM.AOS.littoral2,2024-09-16T15:14:00Z,CRAM.20240916,CRAM.20240916.SCHINDLER.3,Schindler-Patalas,24.0,COPSP,Y,0.08,0.33,,126,lake,5.25,0.20500000000000002,0.33
LIRO,LIRO.AOS.buoy.c0,2017-04-24T14:55:00Z,LIRO.20170424,LIRO.20170424.TOWNET.3,tow net,1189.9,COPSP,Y,0.125,0.225,,22826,lake,19.18312463232204,0.175,0.225
LIRO,LIRO.AOS.littoral1,2017-04-24T14:55:00Z,LIRO.20170424,LIRO.20170424.SCHINDLER.2,Schindler-Patalas,24.0,COPSP,Y,0.15,0.325,,11968,lake,498.6666666666667,0.2375,0.325
LIRO,LIRO.AOS.littoral2,2017-04-24T14:55:00Z,LIRO.20170424,LIRO.20170424.SCHINDLER.1,Schindler-Patalas,24.0,COPSP,Y,0.15,0.325,,1493,lake,62.208333333333336,0.2375,0.325
LIRO,LIRO.AOS.buoy.c0,2017-07-19T15:34:00Z,LIRO.20170719,LIRO.20170719.TOWNET.3,tow net,949.0,COPSP,Y,0.13,0.25,,9000,lake,9.483667017913591,0.19,0.25
LIRO,LIRO.AOS.littoral2,2017-07-19T15:34:00Z,LIRO.20170719,LIRO.20170719.SCHINDLER.1,Schindler-Patalas,24.0,COPSP,Y,0.1,0.23,,3720,lake,155.0,0.165,0.23
LIRO,LIRO.AOS.littoral1,2017-07-19T15:34:00Z,LIRO.20170719,LIRO.20170719.SCHINDLER.2,Schindler-Patalas,24.0,COPSP,Y,0.1,0.23,,1890,lake,78.75,0.165,0.23
LIRO,LIRO.AOS.littoral2,2017-09-06T15:09:00Z,LIRO.20170906,LIRO.20170906.SCHINDLER.1,Schindler-Patalas,24.0,COPSP,Y,0.13,0.25,,84,lake,3.5,0.19,0.25
LIRO,LIRO.AOS.littoral1,2017-09-06T15:09:00Z,LIRO.20170906,LIRO.20170906.SCHINDLER.2,Schindler-Patalas,24.0,COPSP,Y,0.1,0.28,,161,lake,6.708333333333333,0.19,0.28
LIRO,LIRO.AOS.buoy.c0,2017-09-06T15:09:00Z,LIRO.20170906,LIRO.20170906.TOWNET.3,tow net,949.0,COPSP,Y,0.1,0.2,,29600,lake,31.19072708113804,0.15000000000000002,0.2
LIRO,LIRO.AOS.littoral1,2018-05-17T16:50:00Z,LIRO.20180517,LIRO.20180517.SCHINDLER.2,Schindler-Patalas,24.0,COPSP,Y,0.13,0.25,,1090,lake,45.41666666666666,0.19,0.25
LIRO,LIRO.AOS.littoral2,2018-05-17T16:50:00Z,LIRO.20180517,LIRO.20180517.SCHINDLER.3,Schindler-Patalas,24.0,COPSP,Y,0.15,0.25,,3360,lake,140.0,0.2,0.25
LIRO,LIRO.AOS.buoy.c0,2018-05-17T16:50:00Z,LIRO.20180517,LIRO.20180517.TOWNET.1,tow net,525.6,COPSP,Y,0.08,0.25,,6400,lake,12.1765601217656,0.165,0.25
LIRO,LIRO.AOS.littoral2,2018-07-30T15:39:00Z,LIRO.20180730,LIRO.20180730.SCHINDLER.3,Schindler-Patalas,36.0,COPSP,Y,0.13,0.25,,6355,lake,176.52777777777777,0.19,0.25
LIRO,LIRO.AOS.littoral1,2018-07-30T15:39:00Z,LIRO.20180730,LIRO.20180730.SCHINDLER.2,Schindler-Patalas,36.0,COPSP,Y,0.13,0.28,,2126,lake,59.05555555555556,0.20500000000000002,0.28
LIRO,LIRO.AOS.buoy.c0,2018-07-30T15:39:00Z,LIRO.20180730,LIRO.20180730.TOWNET.1,tow net,565.75,COPSP,Y,0.13,0.2,,1635,lake,2.889969067609368,0.165,0.2
LIRO,LIRO.AOS.buoy.c0,2018-09-10T21:40:00Z,LIRO.20180910,LIRO.20180910.TOWNET.1,tow net,438.0,COPSP,Y,0.1,0.25,,1085,lake,2.4771689497716896,0.175,0.25
LIRO,LIRO.AOS.littoral2,2018-09-10T21:40:00Z,LIRO.20180910,LIRO.20180910.SCHINDLER.3,Schindler-Patalas,24.0,COPSP,Y,0.13,0.25,,862,lake,35.916666666666664,0.19,0.25
LIRO,LIRO.AOS.littoral1,2018-09-10T21:40:00Z,LIRO.20180910,LIRO.20180910.SCHINDLER.2,Schindler-Patalas,24.0,COPSP,Y,0.13,0.28,,920,lake,38.333333333333336,0.20500000000000002,0.28
LIRO,LIRO.AOS.littoral1,2019-05-15T17:11:00Z,LIRO.20190515,LIRO.20190515.SCHINDLER.3,Schindler-Patalas,24.0,COPSP,Y,0.125,0.325,,1440,lake,60.0,0.225,0.325
LIRO,LIRO.AOS.buoy.c0,2019-05-15T17:11:00Z,LIRO.20190515,LIRO.20190515.TOWNET.1,tow net,876.0,COPSP,Y,0.1,0.275,,12150,lake,13.86986301369863,0.1875,0.275
LIRO,LIRO.AOS.littoral2,2019-05-15T17:11:00Z,LIRO.20190515,LIRO.20190515.SCHINDLER.2,Schindler-Patalas,24.0,COPSP,Y,0.125,0.35,,480,lake,20.0,0.2375,0.35
LIRO,LIRO.AOS.buoy.c1,2019-07-24T16:15:00Z,LIRO.20190724,LIRO.20190724.TOWNET.1,tow net,584.0,COPSP,Y,0.075,0.225,,6396,lake,10.952054794520548,0.15,0.225
LIRO,LIRO.AOS.littoral2,2019-07-24T16:15:00Z,LIRO.20190724,LIRO.20190724.SCHINDLER.2,Schindler-Patalas,24.0,COPSP,Y,0.1,0.175,,333,lake,13.875,0.1375,0.175
LIRO,LIRO.AOS.littoral1,2019-07-24T16:15:00Z,LIRO.20190724,LIRO.20190724.SCHINDLER.3,Schindler-Patalas,24.0,COPSP,Y,0.1,0.2,,540,lake,22.5,0.15000000000000002,0.2
LIRO,LIRO.AOS.buoy.c1,2019-09-10T15:14:00Z,LIRO.20190910,LIRO.20190910.TOWNET.1,tow net,1241.0,COPSP,Y,0.075,0.25,,7040,lake,5.672844480257856,0.1625,0.25
LIRO,LIRO.AOS.littoral2,2019-09-10T15:14:00Z,LIRO.20190910,LIRO.20190910.SCHINDLER.3,Schindler-Patalas,24.0,COPSP,Y,0.125,0.25,,5820,lake,242.5,0.1875,0.25
LIRO,LIRO.AOS.littoral1,2019-09-10T15:14:00Z,LIRO.20190910,LIRO.20190910.SCHINDLER.2,Schindler-Patalas,24.0,COPSP,Y,0.1,0.25,,740,lake,30.83333333333333,0.175,0.25
LIRO,LIRO.AOS.littoral2,2020-06-16T16:14:00Z,LIRO.20200616,LIRO.20200616.SCHINDLER.3,Schindler-Patalas,24.0,COPSP,Y,0.1,0.15,,720,lake,30.0,0.125,0.15
LIRO,LIRO.AOS.buoy.c1,2020-06-16T16:14:00Z,LIRO.20200616,LIRO.20200616.TOWNET.1,tow net,657.0,COPSP,Y,0.1,0.275,,10000,lake,15.220700152207002,0.1875,0.275
LIRO,LIRO.AOS.littoral1,2020-06-16T16:14:00Z,LIRO.20200616,LIRO.20200616.SCHINDLER.2,Schindler-Patalas,24.0,COPSP,Y,0.1,0.225,,1200,lake,50.0,0.1625,0.225
LIRO,LIRO.AOS.littoral1,2020-07-22T15:43:00Z,LIRO.20200722,LIRO.20200722.SCHINDLER.2,Schindler-Patalas,24.0,COPSP,Y,0.125,0.275,,803,lake,33.458333333333336,0.2,0.275
LIRO,LIRO.AOS.buoy.c1,2020-07-22T15:43:00Z,LIRO.20200722,LIRO.20200722.TOWNET.1,tow net,642.4,COPSP,Y,0.125,0.25,,17200,lake,26.774595267745955,0.1875,0.25
LIRO,LIRO.AOS.littoral2,2020-07-22T15:43:00Z,LIRO.20200722,LIRO.20200722.SCHINDLER.3,Schindler-Patalas,24.0,COPSP,Y,0.125,0.25,,1066,lake,44.41666666666666,0.1875,0.25
LIRO,LIRO.AOS.littoral1,2020-09-10T16:51:00Z,LIRO.20200910,LIRO.20200910.SCHINDLER.2,Schindler-Patalas,24.0,COPSP,Y,0.125,0.25,,927,lake,38.625,0.1875,0.25
LIRO,LIRO.AOS.buoy.c1,2020-09-10T16:51:00Z,LIRO.20200910,LIRO.20200910.TOWNET.1,tow net,620.5,COPSP,Y,0.1,0.25,,10080,lake,16.244963738920227,0.175,0.25
LIRO,LIRO.AOS.littoral2,2020-09-10T16:51:00Z,LIRO.20200910,LIRO.20200910.SCHINDLER.3,Schindler-Patalas,24.0,COPSP,Y,0.15,0.25,,638,lake,26.58333333333333,0.2,0.25
LIRO,LIRO.AOS.buoy.c1,2021-04-14T17:46:00Z,LIRO.20210414,LIRO.20210414.TOWNET.1,tow net,1460.0,COPSP,Y,0.1,0.325,,15400,lake,10.547945205479452,0.21250000000000002,0.325
LIRO,LIRO.AOS.littoral2,2021-04-14T17:46:00Z,LIRO.20210414,LIRO.20210414.SCHINDLER.3,Schindler-Patalas,24.0,COPSP,Y,0.15,0.35,,1840,lake,76.66666666666667,0.25,0.35
LIRO,LIRO.AOS.littoral2,2021-07-21T16:30:00Z,LIRO.20210721,LIRO.20210721.SCHINDLER.3,Schindler-Patalas,24.0,COPSP,Y,0.125,0.325,,450,lake,18.75,0.225,0.325
LIRO,LIRO.AOS.littoral1,2021-07-21T16:30:00Z,LIRO.20210721,LIRO.20210721.SCHINDLER.2,Schindler-Patalas,24.0,COPSP,Y,0.1,0.25,,453,lake,18.875,0.175,0.25
LIRO,LIRO.AOS.buoy.c1,2021-07-21T16:30:00Z,LIRO.20210721,LIRO.20210721.TOWNET.1,tow net,1314.0,COPSP,Y,0.1,0.2,,20825,lake,15.84855403348554,0.15000000000000002,0.2
LIRO,LIRO.AOS.littoral1,2021-09-09T16:12:00Z,LIRO.20210909,LIRO.20210909.SCHINDLER.2,Schindler-Patalas,24.0,COPSP,Y,0.08,0.08,,125,lake,5.208333333333333,0.08,0.08
LIRO,LIRO.AOS.buoy.c1,2021-09-09T16:12:00Z,LIRO.20210909,LIRO.20210909.TOWNET.1,tow net,1168.0,COPSP,Y,0.08,0.08,,2000,lake,1.7123287671232876,0.08,0.08
LIRO,LIRO.AOS.littoral2,2021-09-09T16:12:00Z,LIRO.20210909,LIRO.20210909.SCHINDLER.3,Schindler-Patalas,24.0,COPSP,Y,0.08,0.08,,54,lake,2.25,0.08,0.08
LIRO,LIRO.AOS.buoy.c1,2022-05-16T14:20:00Z,LIRO.20220516,LIRO.20220516.TOWNET.1,tow net,1357.8,COPSP,Y,0.1,0.2,,500,lake,0.3682427456179113,0.15000000000000002,0.2
LIRO,LIRO.AOS.littoral1,2022-05-16T14:20:00Z,LIRO.20220516,LIRO.20220516.SCHINDLER.2,Schindler-Patalas,24.0,COPSP,Y,0.1,0.2,,230,lake,9.583333333333334,0.15000000000000002,0.2
LIRO,LIRO.AOS.buoy.c1,2022-07-20T16:18:00Z,LIRO.20220720,LIRO.20220720.TOWNET.1,tow net,1314.0,COPSP,Y,0.2,0.2,,520,lake,0.395738203957382,0.2,0.2
LIRO,LIRO.AOS.littoral1,2022-07-20T16:18:00Z,LIRO.20220720,LIRO.20220720.SCHINDLER.2,Schindler-Patalas,24.0,COPSP,Y,0.1,0.2,,193,lake,8.041666666666666,0.15000000000000002,0.2
LIRO,LIRO.AOS.littoral2,2022-07-20T16:18:00Z,LIRO.20220720,LIRO.20220720.SCHINDLER.3,Schindler-Patalas,24.0,COPSP,Y,0.1,0.2,,370,lake,15.416666666666666,0.15000000000000002,0.2
LIRO,LIRO.AOS.littoral1,2022-09-08T15:40:00Z,LIRO.20220908,LIRO.20220908.SCHINDLER.2,Schindler-Patalas,24.0,COPSP,Y,0.1,0.2,,230,lake,9.583333333333334,0.15000000000000002,0.2
LIRO,LIRO.AOS.buoy.c1,2022-09-08T15:40:00Z,LIRO.20220908,LIRO.20220908.TOWNET.1,tow net,1168.0,COPSP,Y,0.1,0.2,,2700,lake,2.3116438356164384,0.15000000000000002,0.2
LIRO,LIRO.AOS.littoral2,2022-09-08T15:40:00Z,LIRO.20220908,LIRO.20220908.SCHINDLER.3,Schindler-Patalas,24.0,COPSP,Y,0.1,0.2,,68,lake,2.833333333333333,0.15000000000000002,0.2
LIRO,LIRO.AOS.buoy.c1,2023-05-15T16:07:00Z,LIRO.20230515,LIRO.20230515.TOWNET.1,tow net,1168.0,COPSP,Y,0.1,0.25,,1680,lake,1.4383561643835616,0.175,0.25
LIRO,LIRO.AOS.littoral1,2023-05-15T16:07:00Z,LIRO.20230515,LIRO.20230515.SCHINDLER.2,Schindler-Patalas,24.0,COPSP,Y,0.1,0.3,,1810,lake,75.41666666666667,0.2,0.3
LIRO,LIRO.AOS.littoral2,2023-05-15T16:07:00Z,LIRO.20230515,LIRO.20230515.SCHINDLER.3,Schindler-Patalas,24.0,COPSP,Y,0.1,0.25,,5920,lake,246.66666666666663,0.175,0.25
LIRO,LIRO.AOS.littoral2,2023-07-24T16:45:00Z,LIRO.20230724,LIRO.20230724.SCHINDLER.3,Schindler-Patalas,24.0,COPSP,Y,0.1,0.2,,205,lake,8.541666666666666,0.15000000000000002,0.2
LIRO,LIRO.AOS.buoy.c1,2023-07-24T16:45:00Z,LIRO.20230724,LIRO.20230724.TOWNET.1,tow net,1357.8,COPSP,Y,0.08,0.2,,1080,lake,0.7954043305346885,0.14,0.2
LIRO,LIRO.AOS.littoral1,2023-07-24T16:45:00Z,LIRO.20230724,LIRO.20230724.SCHINDLER.2,Schindler-Patalas,24.0,COPSP,Y,0.1,0.2,,220,lake,9.166666666666666,0.15000000000000002,0.2
LIRO,LIRO.AOS.littoral1,2023-09-05T16:39:00Z,LIRO.20230905,LIRO.20230905.SCHINDLER.2,Schindler-Patalas,24.0,COPSP,Y,0.15,0.27,,1490,lake,62.083333333333336,0.21000000000000002,0.27
LIRO,LIRO.AOS.littoral2,2023-09-05T16:39:00Z,LIRO.20230905,LIRO.20230905.SCHINDLER.3,Schindler-Patalas,24.0,COPSP,Y,0.09,0.31,,180,lake,7.5,0.2,0.31
LIRO,LIRO.AOS.buoy.c1,2023-09-05T16:39:00Z,LIRO.20230905,LIRO.20230905.TOWNET.1,tow net,1095.0,COPSP,Y,0.04,0.25,,5490,lake,5.013698630136986,0.145,0.25
LIRO,LIRO.AOS.littoral2,2024-04-15T16:20:00Z,LIRO.20240415,LIRO.20240415.SCHINDLER.3,Schindler-Patalas,24.0,COPSP,Y,0.1,0.24,,917,lake,38.208333333333336,0.16999999999999998,0.24
LIRO,LIRO.AOS.buoy.c1,2024-04-15T16:20:00Z,LIRO.20240415,LIRO.20240415.TOWNET.1,tow net,1095.0,COPSP,Y,0.09,0.25,,10336,lake,9.439269406392691,0.16999999999999998,0.25
LIRO,LIRO.AOS.littoral1,2024-04-15T16:20:00Z,LIRO.20240415,LIRO.20240415.SCHINDLER.2,Schindler-Patalas,24.0,COPSP,Y,0.11,0.23,,233,lake,9.708333333333334,0.17,0.23
LIRO,LIRO.AOS.littoral2,2024-07-22T15:39:00Z,LIRO.20240722,LIRO.20240722.SCHINDLER.3,Schindler-Patalas,24.0,COPSP,Y,0.12,0.31,,1558,lake,64.91666666666667,0.215,0.31
LIRO,LIRO.AOS.littoral1,2024-07-22T15:39:00Z,LIRO.20240722,LIRO.20240722.SCHINDLER.2,Schindler-Patalas,24.0,COPSP,Y,0.09,0.33,,2213,lake,92.20833333333331,0.21000000000000002,0.33
LIRO,LIRO.AOS.buoy.c1,2024-07-22T15:39:00Z,LIRO.20240722,LIRO.20240722.TOWNET.1,tow net,1095.0,COPSP,Y,0.07,0.29,,9864,lake,9.008219178082191,0.18,0.29
LIRO,LIRO.AOS.littoral2,2024-09-09T15:25:00Z,LIRO.20240909,LIRO.20240909.SCHINDLER.3,Schindler-Patalas,24.0,COPSP,Y,0.16,0.34,,103,lake,4.291666666666667,0.25,0.34
LIRO,LIRO.AOS.buoy.c1,2024-09-09T15:25:00Z,LIRO.20240909,LIRO.20240909.TOWNET.1,tow net,1255.6,COPSP,Y,0.1,0.25,,11525,lake,9.17887862376553,0.175,0.25
LIRO,LIRO.AOS.littoral2,2024-09-09T15:25:00Z,LIRO.20240909,LIRO.20240909.SCHINDLER.2,Schindler-Patalas,24.0,COPSP,Y,0.12,0.29,,240,lake,10.0,0.205,0.29
PRLA,PRLA.AOS.buoy.c0,2015-05-12T17:00:00Z,PRLA.20150512,PRLA.20150512.TOWNET.2,tow net,262.8,COPSP,Y,0.1,0.25,,8400,lake,31.963470319634705,0.175,0.25
PRLA,PRLA.AOS.littoral2,2015-07-20T17:00:00Z,PRLA.20150720,PRLA.20150720.SCHINDLER.2,Schindler-Patalas,24.0,COPSP,Y,0.125,0.25,,4800,lake,200.0,0.1875,0.25
PRLA,PRLA.AOS.littoral1,2015-07-20T17:00:00Z,PRLA.20150720,PRLA.20150720.SCHINDLER.1,Schindler-Patalas,24.0,COPSP,Y,0.1,0.25,,5760,lake,240.0,0.175,0.25
PRLA,PRLA.AOS.buoy.c0,2015-07-20T17:00:00Z,PRLA.20150720,PRLA.20150720.SCHINDLER.3,Schindler-Patalas,36.0,COPSP,Y,0.125,0.25,,8160,lake,226.66666666666663,0.1875,0.25
PRLA,PRLA.AOS.littoral2,2015-09-22T17:00:00Z,PRLA.20150922,PRLA.20150922.SCHINDLER.2,Schindler-Patalas,24.0,COPSP,Y,0.125,0.3,,760,lake,31.666666666666668,0.2125,0.3
PRLA,PRLA.AOS.buoy.c0,2015-09-22T17:00:00Z,PRLA.20150922,PRLA.20150922.SCHINDLER.3,Schindler-Patalas,36.0,COPSP,Y,0.15,0.275,,1092,lake,30.33333333333333,0.21250000000000002,0.275
PRLA,PRLA.AOS.littoral1,2015-09-22T17:00:00Z,PRLA.20150922,PRLA.20150922.SCHINDLER.1,Schindler-Patalas,24.0,COPSP,Y,0.125,0.275,,960,lake,40.0,0.2,0.275
PRLA,PRLA.AOS.buoy.c0,2016-04-21T17:00:00Z,PRLA.20160421,PRLA.20160421.SCHINDLER.3,Schindler-Patalas,36.0,COPSP,Y,0.125,0.125,,1600,lake,44.44444444444444,0.125,0.125
PRLA,PRLA.AOS.littoral2,2016-04-21T17:00:00Z,PRLA.20160421,PRLA.20160421.SCHINDLER.2,Schindler-Patalas,24.0,COPSP,Y,0.175,0.175,,1600,lake,66.66666666666667,0.175,0.175
PRLA,PRLA.AOS.littoral2,2016-07-18T17:00:00Z,PRLA.20160718,PRLA.20160718.SCHINDLER.2,Schindler-Patalas,24.0,COPSP,Y,0.1,0.225,,5700,lake,237.5,0.1625,0.225
PRLA,PRLA.AOS.buoy.c0,2016-07-18T17:00:00Z,PRLA.20160718,PRLA.20160718.SCHINDLER.3,Schindler-Patalas,36.0,COPSP,Y,0.125,0.25,,12800,lake,355.55555555555554,0.1875,0.25
PRLA,PRLA.AOS.littoral1,2016-07-18T17:00:00Z,PRLA.20160718,PRLA.20160718.SCHINDLER.1,Schindler-Patalas,24.0,COPSP,Y,0.1,0.25,,1400,lake,58.333333333333336,0.175,0.25
PRLA,PRLA.AOS.littoral2,2016-09-14T17:00:00Z,PRLA.20160914,PRLA.20160914.SCHINDLER.2,Schindler-Patalas,24.0,COPSP,Y,0.125,0.25,,1333,lake,55.54166666666666,0.1875,0.25
PRLA,PRLA.AOS.buoy.c0,2016-09-14T17:00:00Z,PRLA.20160914,PRLA.20160914.SCHINDLER.3,Schindler-Patalas,36.0,COPSP,Y,0.1,0.5,,3525,lake,97.91666666666669,0.3,0.5
PRLA,PRLA.AOS.littoral1,2016-09-14T17:00:00Z,PRLA.20160914,PRLA.20160914.SCHINDLER.1,Schindler-Patalas,24.0,COPSP,Y,0.1,0.3,,2625,lake,109.375,0.2,0.3
PRLA,PRLA.AOS.buoy.c0,2017-04-17T17:00:00Z,PRLA.20170417,PRLA.20170417.SCHINDLER.3,Schindler-Patalas,36.0,COPSP,Y,0.125,0.175,,204,lake,5.666666666666667,0.15,0.175
PRLA,PRLA.AOS.littoral2,2017-04-17T17:00:00Z,PRLA.20170417,PRLA.20170417.SCHINDLER.2,Schindler-Patalas,24.0,COPSP,Y,0.15,0.15,,256,lake,10.666666666666666,0.15,0.15
PRLA,PRLA.AOS.buoy.c0,2017-07-10T14:56:00Z,PRLA.20170710,PRLA.20170710.SCHINDLER.3,Schindler-Patalas,36.0,COPSP,Y,0.1,0.2,,26162,lake,726.7222222222222,0.15000000000000002,0.2
PRLA,PRLA.AOS.littoral1,2017-07-10T14:56:00Z,PRLA.20170710,PRLA.20170710.SCHINDLER.1,Schindler-Patalas,24.0,COPSP,Y,0.1,0.2,,10044,lake,418.5,0.15000000000000002,0.2
PRLA,PRLA.AOS.littoral2,2017-07-10T14:56:00Z,PRLA.20170710,PRLA.20170710.SCHINDLER.2,Schindler-Patalas,24.0,COPSP,Y,0.1,0.2,,18400,lake,766.6666666666666,0.15000000000000002,0.2
PRLA,PRLA.AOS.littoral1,2017-09-12T13:58:00Z,PRLA.20170912,PRLA.20170912.SCHINDLER.1,Schindler-Patalas,24.0,COPSP,Y,0.13,0.25,,3420,lake,142.5,0.19,0.25
PRLA,PRLA.AOS.littoral2,2017-09-12T13:58:00Z,PRLA.20170912,PRLA.20170912.SCHINDLER.2,Schindler-Patalas,24.0,COPSP,Y,0.1,0.23,,2880,lake,120.0,0.165,0.23
PRLA,PRLA.AOS.buoy.c0,2017-09-12T13:58:00Z,PRLA.20170912,PRLA.20170912.SCHINDLER.3,Schindler-Patalas,36.0,COPSP,Y,0.1,0.25,,6250,lake,173.61111111111111,0.175,0.25
PRLA,PRLA.AOS.littoral2,2018-05-09T17:29:00Z,PRLA.20180509,PRLA.20180509.SCHINDLER.2,Schindler-Patalas,24.0,COPSP,Y,0.1,0.15,,480,lake,20.0,0.125,0.15
PRLA,PRLA.AOS.buoy.c0,2018-05-09T17:29:00Z,PRLA.20180509,PRLA.20180509.SCHINDLER.3,Schindler-Patalas,36.0,COPSP,Y,0.1,0.23,,960,lake,26.666666666666668,0.165,0.23
PRLA,PRLA.AOS.littoral1,2018-05-09T17:29:00Z,PRLA.20180509,PRLA.20180509.SCHINDLER.1,Schindler-Patalas,24.0,COPSP,Y,0.1,0.1,,170,lake,7.083333333333333,0.1,0.1
PRLA,PRLA.AOS.buoy.c0,2018-07-11T13:40:00Z,PRLA.20180711,PRLA.20180711.SCHINDLER.3,Schindler-Patalas,36.0,COPSP,Y,0.13,0.3,,9685,lake,269.02777777777777,0.215,0.3
PRLA,PRLA.AOS.littoral2,2018-07-11T13:40:00Z,PRLA.20180711,PRLA.20180711.SCHINDLER.2,Schindler-Patalas,24.0,COPSP,Y,0.1,0.28,,3125,lake,130.20833333333334,0.19,0.28
PRLA,PRLA.AOS.littoral1,2018-07-11T13:40:00Z,PRLA.20180711,PRLA.20180711.SCHINDLER.1,Schindler-Patalas,24.0,COPSP,Y,0.13,0.25,,5375,lake,223.95833333333331,0.19,0.25
PRLA,PRLA.AOS.littoral2,2018-09-11T13:37:00Z,PRLA.20180911,PRLA.20180911.SCHINDLER.2,Schindler-Patalas,24.0,COPSP,Y,0.1,0.25,,2250,lake,93.75,0.175,0.25
PRLA,PRLA.AOS.buoy.c0,2018-09-11T13:37:00Z,PRLA.20180911,PRLA.20180911.SCHINDLER.3,Schindler-Patalas,36.0,COPSP,Y,0.13,0.25,,3165,lake,87.91666666666667,0.19,0.25
PRLA,PRLA.AOS.littoral1,2018-09-11T13:37:00Z,PRLA.20180911,PRLA.20180911.SCHINDLER.1,Schindler-Patalas,24.0,COPSP,Y,0.1,0.28,,2030,lake,84.58333333333333,0.19,0.28
PRLA,PRLA.AOS.buoy.c0,2019-07-11T14:43:00Z,PRLA.20190711,PRLA.20190711.SCHINDLER.3,Schindler-Patalas,36.0,COPSP,Y,0.095,0.255,,2600,lake,72.22222222222223,0.175,0.255
PRLA,PRLA.AOS.littoral1,2019-07-11T14:43:00Z,PRLA.20190711,PRLA.20190711.SCHINDLER.1,Schindler-Patalas,24.0,COPSP,Y,0.105,1.195,,1580,lake,65.83333333333333,0.65,1.195
PRLA,PRLA.AOS.littoral2,2019-07-11T14:43:00Z,PRLA.20190711,PRLA.20190711.SCHINDLER.2,Schindler-Patalas,24.0,COPSP,Y,0.095,0.105,,1688,lake,70.33333333333333,0.1,0.105
PRLA,PRLA.AOS.buoy.c0,2019-09-10T13:24:00Z,PRLA.20190910,PRLA.20190910.SCHINDLER.3,Schindler-Patalas,36.0,COPSP,Y,0.167,0.258,,550,lake,15.27777777777778,0.21250000000000002,0.258
PRLA,PRLA.AOS.littoral2,2019-09-10T13:24:00Z,PRLA.20190910,PRLA.20190910.SCHINDLER.2,Schindler-Patalas,24.0,COPSP,Y,0.203,0.312,,570,lake,23.75,0.2575,0.312
PRLA,PRLA.AOS.littoral1,2019-09-10T13:24:00Z,PRLA.20190910,PRLA.20190910.SCHINDLER.1,Schindler-Patalas,24.0,COPSP,Y,0.198,0.221,,75,lake,3.125,0.20950000000000002,0.221
PRLA,PRLA.AOS.littoral1,2020-06-15T16:21:00Z,PRLA.20200615,PRLA.20200615.SCHINDLER.1,Schindler-Patalas,24.0,COPSP,Y,0.195,0.333,,90,lake,3.75,0.264,0.333
PRLA,PRLA.AOS.buoy.c0,2020-06-15T16:21:00Z,PRLA.20200615,PRLA.20200615.SCHINDLER.3,Schindler-Patalas,36.0,COPSP,Y,0.213,0.401,,840,lake,23.33333333333333,0.307,0.401
PRLA,PRLA.AOS.littoral2,2020-06-15T16:21:00Z,PRLA.20200615,PRLA.20200615.SCHINDLER.2,Schindler-Patalas,24.0,COPSP,Y,0.209,0.301,,117,lake,4.875,0.255,0.301
PRLA,PRLA.AOS.littoral1,2020-07-07T14:07:00Z,PRLA.20200707,PRLA.20200707.SCHINDLER.1,Schindler-Patalas,24.0,COPSP,Y,0.189,0.211,,260,lake,10.833333333333334,0.2,0.211
PRLA,PRLA.AOS.buoy.c0,2020-07-07T14:07:00Z,PRLA.20200707,PRLA.20200707.SCHINDLER.3,Schindler-Patalas,36.0,COPSP,Y,0.139,0.221,,1300,lake,36.11111111111112,0.18,0.221
PRLA,PRLA.AOS.littoral2,2020-07-07T14:07:00Z,PRLA.20200707,PRLA.20200707.SCHINDLER.2,Schindler-Patalas,24.0,COPSP,Y,0.176,0.302,,105,lake,4.375,0.239,0.302
PRLA,PRLA.AOS.littoral2,2020-10-01T13:57:00Z,PRLA.20201001,PRLA.20201001.SCHINDLER.2,Schindler-Patalas,24.0,COPSP,Y,0.216,0.322,,692,lake,28.83333333333333,0.269,0.322
PRLA,PRLA.AOS.littoral1,2020-10-01T13:57:00Z,PRLA.20201001,PRLA.20201001.SCHINDLER.1,Schindler-Patalas,24.0,COPSP,Y,0.155,0.311,,408,lake,17.0,0.23299999999999998,0.311
PRLA,PRLA.AOS.buoy.c0,2020-10-01T13:57:00Z,PRLA.20201001,PRLA.20201001.SCHINDLER.3,Schindler-Patalas,36.0,COPSP,Y,0.122,0.333,,492,lake,13.666666666666666,0.2275,0.333
PRLA,PRLA.AOS.littoral2,2021-04-20T13:56:00Z,PRLA.20210420,PRLA.20210420.SCHINDLER.2,Schindler-Patalas,24.0,COPSP,Y,0.122,0.267,,1250,lake,52.083333333333336,0.1945,0.267
PRLA,PRLA.AOS.buoy.c0,2021-04-20T13:56:00Z,PRLA.20210420,PRLA.20210420.SCHINDLER.3,Schindler-Patalas,36.0,COPSP,Y,0.128,0.333,,2600,lake,72.22222222222223,0.2305,0.333
PRLA,PRLA.AOS.littoral1,2021-04-20T13:56:00Z,PRLA.20210420,PRLA.20210420.SCHINDLER.1,Schindler-Patalas,24.0,COPSP,Y,0.185,0.356,,1050,lake,43.75,0.27049999999999996,0.356
PRLA,PRLA.AOS.littoral1,2021-07-13T13:56:00Z,PRLA.20210713,PRLA.20210713.SCHINDLER.1,Schindler-Patalas,24.0,COPSP,Y,0.139,0.288,,525,lake,21.875,0.2135,0.288
PRLA,PRLA.AOS.buoy.c0,2021-07-13T13:56:00Z,PRLA.20210713,PRLA.20210713.SCHINDLER.3,Schindler-Patalas,36.0,COPSP,Y,0.151,0.334,,1238,lake,34.388888888888886,0.2425,0.334
PRLA,PRLA.AOS.littoral2,2021-07-13T13:56:00Z,PRLA.20210713,PRLA.20210713.SCHINDLER.2,Schindler-Patalas,24.0,COPSP,Y,0.133,0.313,,450,lake,18.75,0.223,0.313
PRLA,PRLA.AOS.littoral1,2021-09-14T14:05:00Z,PRLA.20210914,PRLA.20210914.SCHINDLER.1,Schindler-Patalas,24.0,COPSP,Y,0.1,0.1,,1050,lake,43.75,0.1,0.1
PRLA,PRLA.AOS.buoy.c0,2021-09-14T14:05:00Z,PRLA.20210914,PRLA.20210914.SCHINDLER.3,Schindler-Patalas,36.0,COPSP,Y,0.1,0.1,,538,lake,14.944444444444445,0.1,0.1
PRLA,PRLA.AOS.littoral2,2021-09-14T14:05:00Z,PRLA.20210914,PRLA.20210914.SCHINDLER.2,Schindler-Patalas,24.0,COPSP,Y,0.1,0.1,,1500,lake,62.5,0.1,0.1
PRLA,PRLA.AOS.buoy.c0,2022-07-06T13:49:00Z,PRLA.20220706,PRLA.20220706.SCHINDLER.3,Schindler-Patalas,24.0,COPSP,Y,0.1,0.2,,850,lake,35.416666666666664,0.15000000000000002,0.2
PRLA,PRLA.AOS.littoral1,2022-07-06T13:49:00Z,PRLA.20220706,PRLA.20220706.SCHINDLER.1,Schindler-Patalas,24.0,COPSP,Y,0.1,0.2,,200,lake,8.333333333333334,0.15000000000000002,0.2
PRLA,PRLA.AOS.littoral2,2022-07-06T13:49:00Z,PRLA.20220706,PRLA.20220706.SCHINDLER.2,Schindler-Patalas,24.0,COPSP,Y,0.1,0.2,,1020,lake,42.5,0.15000000000000002,0.2
PRLA,PRLA.AOS.littoral2,2022-09-13T14:59:00Z,PRLA.20220913,PRLA.20220913.SCHINDLER.2,Schindler-Patalas,24.0,COPSP,Y,0.1,0.2,,375,lake,15.625,0.15000000000000002,0.2
PRLA,PRLA.AOS.buoy.c0,2022-09-13T14:59:00Z,PRLA.20220913,PRLA.20220913.SCHINDLER.3,Schindler-Patalas,24.0,COPSP,Y,0.1,0.3,,58,lake,2.4166666666666665,0.2,0.3
PRLA,PRLA.AOS.littoral1,2022-09-13T14:59:00Z,PRLA.20220913,PRLA.20220913.SCHINDLER.1,Schindler-Patalas,24.0,COPSP,Y,0.1,0.3,,38,lake,1.5833333333333333,0.2,0.3
PRLA,PRLA.AOS.littoral1,2023-05-09T16:09:00Z,PRLA.20230509,PRLA.20230509.SCHINDLER.1,Schindler-Patalas,24.0,COPSP,Y,0.1,0.2,,27,lake,1.125,0.15000000000000002,0.2
PRLA,PRLA.AOS.buoy.c0,2023-05-09T16:09:00Z,PRLA.20230509,PRLA.20230509.SCHINDLER.3,Schindler-Patalas,36.0,COPSP,Y,0.1,0.2,,33,lake,0.9166666666666666,0.15000000000000002,0.2
PRLA,PRLA.AOS.littoral2,2023-05-09T16:09:00Z,PRLA.20230509,PRLA.20230509.SCHINDLER.2,Schindler-Patalas,24.0,COPSP,Y,0.1,0.15,,28,lake,1.1666666666666667,0.125,0.15
PRLA,PRLA.AOS.littoral2,2023-07-05T14:44:00Z,PRLA.20230705,PRLA.20230705.SCHINDLER.2,Schindler-Patalas,24.0,COPSP,Y,0.1,0.15,,570,lake,23.75,0.125,0.15
PRLA,PRLA.AOS.buoy.c1,2023-07-05T14:44:00Z,PRLA.20230705,PRLA.20230705.SCHINDLER.3,Schindler-Patalas,36.0,COPSP,Y,0.1,0.2,,800,lake,22.22222222222222,0.15000000000000002,0.2
PRLA,PRLA.AOS.littoral1,2023-07-05T14:44:00Z,PRLA.20230705,PRLA.20230705.SCHINDLER.1,Schindler-Patalas,24.0,COPSP,Y,0.1,0.2,,360,lake,15.0,0.15000000000000002,0.2
PRLA,PRLA.AOS.littoral2,2023-09-12T14:52:00Z,PRLA.20230912,PRLA.20230912.SCHINDLER.2,Schindler-Patalas,24.0,COPSP,Y,0.1,0.22,,5296,lake,220.66666666666663,0.16,0.22
PRLA,PRLA.AOS.buoy.c0,2023-09-12T14:52:00Z,PRLA.20230912,PRLA.20230912.SCHINDLER.3,Schindler-Patalas,36.0,COPSP,Y,0.1,0.21,,7450,lake,206.94444444444449,0.155,0.21
PRLA,PRLA.AOS.littoral1,2023-09-12T14:52:00Z,PRLA.20230912,PRLA.20230912.SCHINDLER.1,Schindler-Patalas,24.0,COPSP,Y,0.08,0.19,,11373,lake,473.875,0.135,0.19
PRLA,PRLA.AOS.littoral1,2024-04-30T14:47:00Z,PRLA.20240430,PRLA.20240430.SCHINDLER.1,Schindler-Patalas,24.0,COPSP,Y,0.1,0.23,,3800,lake,158.33333333333334,0.165,0.23
PRLA,PRLA.AOS.littoral2,2024-04-30T14:47:00Z,PRLA.20240430,PRLA.20240430.SCHINDLER.2,Schindler-Patalas,24.0,COPSP,Y,0.07,0.21,,3675,lake,153.125,0.14,0.21
PRLA,PRLA.AOS.buoy.c0,2024-04-30T14:47:00Z,PRLA.20240430,PRLA.20240430.SCHINDLER.3,Schindler-Patalas,36.0,COPSP,Y,0.07,0.19,,3175,lake,88.19444444444444,0.13,0.19
PRLA,PRLA.AOS.buoy.c0,2024-07-25T15:31:00Z,PRLA.20240725,PRLA.20240725.SCHINDLER.3,Schindler-Patalas,36.0,COPSP,Y,0.1,0.26,,4002,lake,111.16666666666669,0.18,0.26
PRLA,PRLA.AOS.littoral2,2024-07-25T15:31:00Z,PRLA.20240725,PRLA.20240725.SCHINDLER.2,Schindler-Patalas,24.0,COPSP,Y,0.08,0.27,,2085,lake,86.875,0.17500000000000002,0.27
PRLA,PRLA.AOS.littoral1,2024-07-25T15:31:00Z,PRLA.20240725,PRLA.20240725.SCHINDLER.1,Schindler-Patalas,24.0,COPSP,Y,0.11,0.33,,2632,lake,109.66666666666669,0.22,0.33
PRLA,PRLA.AOS.littoral2,2024-09-11T16:50:00Z,PRLA.20240911,PRLA.20240911.SCHINDLER.2,Schindler-Patalas,24.0,COPSP,Y,0.1,0.31,,1300,lake,54.16666666666666,0.20500000000000002,0.31
PRLA,PRLA.AOS.littoral1,2024-09-11T16:50:00Z,PRLA.20240911,PRLA.20240911.SCHINDLER.1,Schindler-Patalas,24.0,COPSP,Y,0.1,0.17,,241,lake,10.041666666666666,0.135,0.17
PRLA,PRLA.AOS.buoy.c0,2024-09-11T16:50:00Z,PRLA.20240911,PRLA.20240911.SCHINDLER.3,Schindler-Patalas,36.0,COPSP,Y,0.09,0.36,,1500,lake,41.66666666666666,0.22499999999999998,0.36
PRPO,PRPO.AOS.littoral1,2015-05-14T17:00:00Z,PRPO.20150514,PRPO.20150514.SCHINDLER.1,Schindler-Patalas,24.0,COPSP,Y,0.1,0.225,,5340,lake,222.5,0.1625,0.225
PRPO,PRPO.AOS.littoral2,2015-05-14T17:00:00Z,PRPO.20150514,PRPO.20150514.SCHINDLER.3,Schindler-Patalas,24.0,COPSP,Y,0.075,0.225,,7600,lake,316.6666666666667,0.15,0.225
PRPO,PRPO.AOS.buoy.c0,2015-05-14T17:00:00Z,PRPO.20150514,PRPO.20150514.TOWNET.2,tow net,116.8,COPSP,Y,0.1,0.225,,15800,lake,135.27397260273972,0.1625,0.225
PRPO,PRPO.AOS.littoral1,2015-07-06T17:00:00Z,PRPO.20150706,PRPO.20150706.SCHINDLER.1,Schindler-Patalas,24.0,COPSP,Y,0.1,0.225,,960,lake,40.0,0.1625,0.225
PRPO,PRPO.AOS.buoy.c0,2015-07-06T17:00:00Z,PRPO.20150706,PRPO.20150706.SCHINDLER.3,Schindler-Patalas,36.0,COPSP,Y,0.1,0.225,,368,lake,10.22222222222222,0.1625,0.225
PRPO,PRPO.AOS.littoral2,2015-07-06T17:00:00Z,PRPO.20150706,PRPO.20150706.SCHINDLER.2,Schindler-Patalas,24.0,COPSP,Y,0.1,0.25,,700,lake,29.166666666666668,0.175,0.25
PRPO,PRPO.AOS.buoy.c0,2015-09-14T17:00:00Z,PRPO.20150914,PRPO.20150914.SCHINDLER.3,Schindler-Patalas,36.0,COPSP,Y,0.1,0.2,,2070,lake,57.5,0.15000000000000002,0.2
PRPO,PRPO.AOS.littoral1,2015-09-14T17:00:00Z,PRPO.20150914,PRPO.20150914.SCHINDLER.1,Schindler-Patalas,24.0,COPSP,Y,0.1,0.25,,720,lake,30.0,0.175,0.25
PRPO,PRPO.AOS.littoral2,2015-09-14T17:00:00Z,PRPO.20150914,PRPO.20150914.SCHINDLER.2,Schindler-Patalas,24.0,COPSP,Y,0.1,0.225,,1250,lake,52.083333333333336,0.1625,0.225
PRPO,PRPO.AOS.littoral1,2016-04-26T17:00:00Z,PRPO.20160426,PRPO.20160426.SCHINDLER.1,Schindler-Patalas,24.0,COPSP,Y,0.1,0.175,,3300,lake,137.5,0.1375,0.175
PRPO,PRPO.AOS.littoral2,2016-04-26T17:00:00Z,PRPO.20160426,PRPO.20160426.SCHINDLER.2,Schindler-Patalas,24.0,COPSP,Y,0.1,0.2,,6200,lake,258.3333333333333,0.15000000000000002,0.2
PRPO,PRPO.AOS.buoy.c0,2016-04-26T17:00:00Z,PRPO.20160426,PRPO.20160426.SCHINDLER.3,Schindler-Patalas,36.0,COPSP,Y,0.075,0.225,,7350,lake,204.16666666666663,0.15,0.225
PRPO,PRPO.AOS.littoral2,2016-07-07T17:00:00Z,PRPO.20160707,PRPO.20160707.SCHINDLER.2,Schindler-Patalas,24.0,COPSP,Y,0.125,0.25,,2792,lake,116.33333333333331,0.1875,0.25
PRPO,PRPO.AOS.buoy.c0,2016-07-07T17:00:00Z,PRPO.20160707,PRPO.20160707.SCHINDLER.3,Schindler-Patalas,36.0,COPSP,Y,0.1,0.25,,7700,lake,213.88888888888889,0.175,0.25
PRPO,PRPO.AOS.littoral1,2016-07-07T17:00:00Z,PRPO.20160707,PRPO.20160707.SCHINDLER.1,Schindler-Patalas,24.0,COPSP,Y,0.1,0.25,,6700,lake,279.1666666666667,0.175,0.25
PRPO,PRPO.AOS.littoral2,2016-09-12T17:00:00Z,PRPO.20160912,PRPO.20160912.SCHINDLER.2,Schindler-Patalas,24.0,COPSP,Y,0.1,0.3,,3987,lake,166.125,0.2,0.3
PRPO,PRPO.AOS.buoy.c0,2016-09-12T17:00:00Z,PRPO.20160912,PRPO.20160912.SCHINDLER.3,Schindler-Patalas,36.0,COPSP,Y,0.1,0.3,,4290,lake,119.16666666666669,0.2,0.3
PRPO,PRPO.AOS.littoral1,2016-09-12T17:00:00Z,PRPO.20160912,PRPO.20160912.SCHINDLER.1,Schindler-Patalas,24.0,COPSP,Y,0.1,0.25,,3000,lake,125.0,0.175,0.25
PRPO,PRPO.AOS.buoy.c0,2017-04-27T15:00:00Z,PRPO.20170427,PRPO.20170427.SCHINDLER.3,Schindler-Patalas,24.0,COPSP,Y,0.1,0.25,,3801,lake,158.375,0.175,0.25
PRPO,PRPO.AOS.littoral2,2017-04-27T15:00:00Z,PRPO.20170427,PRPO.20170427.SCHINDLER.2,Schindler-Patalas,24.0,COPSP,Y,0.1,0.25,,4561,lake,190.04166666666663,0.175,0.25
PRPO,PRPO.AOS.littoral1,2017-07-17T14:03:00Z,PRPO.20170717,PRPO.20170717.SCHINDLER.1,Schindler-Patalas,24.0,COPSP,Y,0.1,0.13,,1750,lake,72.91666666666667,0.115,0.13
PRPO,PRPO.AOS.littoral2,2017-07-17T14:03:00Z,PRPO.20170717,PRPO.20170717.SCHINDLER.2,Schindler-Patalas,24.0,COPSP,Y,0.1,0.13,,3380,lake,140.83333333333334,0.115,0.13
PRPO,PRPO.AOS.buoy.c0,2017-07-17T14:03:00Z,PRPO.20170717,PRPO.20170717.SCHINDLER.3,Schindler-Patalas,36.0,COPSP,Y,0.1,0.15,,3171,lake,88.08333333333333,0.125,0.15
PRPO,PRPO.AOS.littoral2,2017-09-18T14:03:00Z,PRPO.20170918,PRPO.20170918.SCHINDLER.2,Schindler-Patalas,24.0,COPSP,Y,0.1,0.23,,875,lake,36.458333333333336,0.165,0.23
PRPO,PRPO.AOS.littoral1,2017-09-18T14:03:00Z,PRPO.20170918,PRPO.20170918.SCHINDLER.1,Schindler-Patalas,24.0,COPSP,Y,0.1,0.25,,204,lake,8.5,0.175,0.25
PRPO,PRPO.AOS.buoy.c0,2017-09-18T14:03:00Z,PRPO.20170918,PRPO.20170918.SCHINDLER.3,Schindler-Patalas,36.0,COPSP,Y,0.1,0.23,,941,lake,26.13888888888889,0.165,0.23
PRPO,PRPO.AOS.buoy.c0,2018-05-14T17:25:00Z,PRPO.20180514,PRPO.20180514.SCHINDLER.3,Schindler-Patalas,36.0,COPSP,Y,0.1,0.25,,700,lake,19.444444444444443,0.175,0.25
PRPO,PRPO.AOS.littoral1,2018-05-14T17:25:00Z,PRPO.20180514,PRPO.20180514.SCHINDLER.1,Schindler-Patalas,24.0,COPSP,Y,0.1,0.25,,349,lake,14.541666666666666,0.175,0.25
PRPO,PRPO.AOS.littoral2,2018-05-14T17:25:00Z,PRPO.20180514,PRPO.20180514.SCHINDLER.2,Schindler-Patalas,24.0,COPSP,Y,0.1,0.2,,92,lake,3.8333333333333335,0.15000000000000002,0.2
PRPO,PRPO.AOS.buoy.c0,2018-07-16T16:50:00Z,PRPO.20180716,PRPO.20180716.SCHINDLER.3,Schindler-Patalas,36.0,COPSP,Y,0.1,0.23,,2597,lake,72.13888888888889,0.165,0.23
PRPO,PRPO.AOS.littoral1,2018-07-16T16:50:00Z,PRPO.20180716,PRPO.20180716.SCHINDLER.1,Schindler-Patalas,24.0,COPSP,Y,0.1,0.18,,3614,lake,150.58333333333334,0.14,0.18
PRPO,PRPO.AOS.littoral2,2018-07-16T16:50:00Z,PRPO.20180716,PRPO.20180716.SCHINDLER.2,Schindler-Patalas,24.0,COPSP,Y,0.1,0.18,,2438,lake,101.58333333333331,0.14,0.18
PRPO,PRPO.AOS.littoral1,2018-09-17T15:24:00Z,PRPO.20180917,PRPO.20180917.SCHINDLER.1,Schindler-Patalas,24.0,COPSP,Y,0.13,0.25,,2600,lake,108.33333333333331,0.19,0.25
PRPO,PRPO.AOS.buoy.c0,2018-09-17T15:24:00Z,PRPO.20180917,PRPO.20180917.SCHINDLER.3,Schindler-Patalas,36.0,COPSP,Y,0.13,0.2,,2100,lake,58.333333333333336,0.165,0.2
PRPO,PRPO.AOS.littoral2,2018-09-17T15:24:00Z,PRPO.20180917,PRPO.20180917.SCHINDLER.2,Schindler-Patalas,24.0,COPSP,Y,0.13,0.18,,2000,lake,83.33333333333333,0.155,0.18
PRPO,PRPO.AOS.littoral1,2019-04-30T15:47:00Z,PRPO.20190430,PRPO.20190430.SCHINDLER.1,Schindler-Patalas,24.0,COPSP,Y,0.228,0.248,,20,lake,0.8333333333333334,0.238,0.248
PRPO,PRPO.AOS.buoy.c0,2019-04-30T15:47:00Z,PRPO.20190430,PRPO.20190430.SCHINDLER.3,Schindler-Patalas,36.0,COPSP,Y,0.102,0.111,,170,lake,4.722222222222222,0.1065,0.111
PRPO,PRPO.AOS.littoral2,2019-04-30T15:47:00Z,PRPO.20190430,PRPO.20190430.SCHINDLER.2,Schindler-Patalas,24.0,COPSP,Y,0.111,0.128,,160,lake,6.666666666666667,0.1195,0.128
PRPO,PRPO.AOS.littoral1,2019-07-15T14:36:00Z,PRPO.20190715,PRPO.20190715.SCHINDLER.1,Schindler-Patalas,24.0,COPSP,Y,0.11,0.186,,2075,lake,86.45833333333333,0.148,0.186
PRPO,PRPO.AOS.buoy.c0,2019-07-15T14:36:00Z,PRPO.20190715,PRPO.20190715.SCHINDLER.3,Schindler-Patalas,36.0,COPSP,Y,0.178,0.652,,2473,lake,68.69444444444444,0.41500000000000004,0.652
PRPO,PRPO.AOS.buoy.c0,2019-09-19T13:37:00Z,PRPO.20190919,PRPO.20190919.SCHINDLER.3,Schindler-Patalas,36.0,COPSP,Y,0.222,0.304,,86,lake,2.388888888888889,0.263,0.304
PRPO,PRPO.AOS.littoral1,2019-09-19T13:37:00Z,PRPO.20190919,PRPO.20190919.SCHINDLER.1,Schindler-Patalas,24.0,COPSP,Y,0.264,0.264,,25,lake,1.0416666666666667,0.264,0.264
PRPO,PRPO.AOS.littoral1,2020-06-22T14:25:00Z,PRPO.20200622,PRPO.20200622.SCHINDLER.1,Schindler-Patalas,24.0,COPSP,Y,0.222,0.345,,170,lake,7.083333333333333,0.2835,0.345
PRPO,PRPO.AOS.littoral2,2020-06-22T14:25:00Z,PRPO.20200622,PRPO.20200622.SCHINDLER.2,Schindler-Patalas,24.0,COPSP,Y,0.222,0.45,,600,lake,25.0,0.336,0.45
PRPO,PRPO.AOS.buoy.c0,2020-06-22T14:25:00Z,PRPO.20200622,PRPO.20200622.SCHINDLER.3,Schindler-Patalas,36.0,COPSP,Y,0.208,0.335,,413,lake,11.47222222222222,0.2715,0.335
PRPO,PRPO.AOS.littoral2,2020-07-13T14:06:00Z,PRPO.20200713,PRPO.20200713.SCHINDLER.2,Schindler-Patalas,24.0,COPSP,Y,0.143,0.256,,467,lake,19.45833333333333,0.1995,0.256
PRPO,PRPO.AOS.littoral1,2020-07-13T14:06:00Z,PRPO.20200713,PRPO.20200713.SCHINDLER.1,Schindler-Patalas,24.0,COPSP,Y,0.176,0.211,,538,lake,22.416666666666668,0.1935,0.211
PRPO,PRPO.AOS.buoy.c0,2020-07-13T14:06:00Z,PRPO.20200713,PRPO.20200713.SCHINDLER.3,Schindler-Patalas,36.0,COPSP,Y,0.102,0.259,,1100,lake,30.55555555555556,0.1805,0.259
PRPO,PRPO.AOS.littoral2,2020-09-22T13:58:00Z,PRPO.20200922,PRPO.20200922.SCHINDLER.2,Schindler-Patalas,24.0,COPSP,Y,0.111,0.214,,285,lake,11.875,0.1625,0.214
PRPO,PRPO.AOS.buoy.c0,2020-09-22T13:58:00Z,PRPO.20200922,PRPO.20200922.SCHINDLER.3,Schindler-Patalas,36.0,COPSP,Y,0.191,0.284,,460,lake,12.77777777777778,0.2375,0.284
PRPO,PRPO.AOS.littoral1,2020-09-22T13:58:00Z,PRPO.20200922,PRPO.20200922.SCHINDLER.1,Schindler-Patalas,24.0,COPSP,Y,0.121,0.311,,313,lake,13.041666666666666,0.216,0.311
PRPO,PRPO.AOS.littoral2,2021-04-27T13:59:00Z,PRPO.20210427,PRPO.20210427.SCHINDLER.2,Schindler-Patalas,24.0,COPSP,Y,0.123,0.304,,100,lake,4.166666666666667,0.2135,0.304
PRPO,PRPO.AOS.buoy.c0,2021-04-27T13:59:00Z,PRPO.20210427,PRPO.20210427.SCHINDLER.3,Schindler-Patalas,36.0,COPSP,Y,0.199,0.311,,550,lake,15.27777777777778,0.255,0.311
PRPO,PRPO.AOS.littoral1,2021-04-27T13:59:00Z,PRPO.20210427,PRPO.20210427.SCHINDLER.1,Schindler-Patalas,24.0,COPSP,Y,0.189,0.302,,60,lake,2.5,0.2455,0.302
PRPO,PRPO.AOS.littoral2,2021-07-15T13:55:00Z,PRPO.20210715,PRPO.20210715.SCHINDLER.2,Schindler-Patalas,24.0,COPSP,Y,0.188,0.302,,860,lake,35.833333333333336,0.245,0.302
PRPO,PRPO.AOS.buoy.c0,2021-07-15T13:55:00Z,PRPO.20210715,PRPO.20210715.SCHINDLER.3,Schindler-Patalas,36.0,COPSP,Y,0.155,0.249,,1462,lake,40.61111111111112,0.202,0.249
PRPO,PRPO.AOS.littoral1,2021-07-15T13:55:00Z,PRPO.20210715,PRPO.20210715.SCHINDLER.1,Schindler-Patalas,24.0,COPSP,Y,0.148,0.304,,1476,lake,61.5,0.22599999999999998,0.304
PRPO,PRPO.AOS.littoral2,2021-09-21T13:45:00Z,PRPO.20210921,PRPO.20210921.SCHINDLER.2,Schindler-Patalas,24.0,COPSP,Y,0.1,0.1,,120,lake,5.0,0.1,0.1
PRPO,PRPO.AOS.buoy.c0,2021-09-21T13:45:00Z,PRPO.20210921,PRPO.20210921.SCHINDLER.3,Schindler-Patalas,36.0,COPSP,Y,0.2,0.2,,45,lake,1.25,0.2,0.2
PRPO,PRPO.AOS.littoral1,2021-09-21T13:45:00Z,PRPO.20210921,PRPO.20210921.SCHINDLER.1,Schindler-Patalas,24.0,COPSP,Y,0.1,0.1,,200,lake,8.333333333333334,0.1,0.1
PRPO,PRPO.AOS.buoy.c0,2022-05-04T14:35:00Z,PRPO.20220504,PRPO.20220504.SCHINDLER.3,Schindler-Patalas,24.0,COPSP,Y,0.1,0.1,,5,lake,0.2083333333333333,0.1,0.1
PRPO,PRPO.AOS.littoral2,2022-05-04T14:35:00Z,PRPO.20220504,PRPO.20220504.SCHINDLER.2,Schindler-Patalas,24.0,COPSP,Y,0.1,0.2,,13,lake,0.5416666666666666,0.15000000000000002,0.2
PRPO,PRPO.AOS.littoral1,2022-05-04T14:35:00Z,PRPO.20220504,PRPO.20220504.SCHINDLER.1,Schindler-Patalas,24.0,COPSP,Y,0.2,0.2,,12,lake,0.5,0.2,0.2
PRPO,PRPO.AOS.littoral2,2022-07-13T17:31:00Z,PRPO.20220713,PRPO.20220713.SCHINDLER.2,Schindler-Patalas,24.0,COPSP,Y,0.2,0.2,,3,lake,0.125,0.2,0.2
PRPO,PRPO.AOS.littoral1,2022-07-13T17:31:00Z,PRPO.20220713,PRPO.20220713.SCHINDLER.1,Schindler-Patalas,24.0,COPSP,Y,0.1,0.2,,20,lake,0.8333333333333334,0.15000000000000002,0.2
PRPO,PRPO.AOS.buoy.c0,2022-07-13T17:31:00Z,PRPO.20220713,PRPO.20220713.SCHINDLER.3,Schindler-Patalas,24.0,COPSP,Y,0.1,0.2,,41,lake,1.7083333333333333,0.15000000000000002,0.2
PRPO,PRPO.AOS.buoy.c0,2022-09-20T14:11:00Z,PRPO.20220920,PRPO.20220920.SCHINDLER.3,Schindler-Patalas,24.0,COPSP,Y,0.1,0.3,,70,lake,2.9166666666666665,0.2,0.3
PRPO,PRPO.AOS.littoral2,2022-09-20T14:11:00Z,PRPO.20220920,PRPO.20220920.SCHINDLER.2,Schindler-Patalas,24.0,COPSP,Y,0.1,0.2,,155,lake,6.458333333333333,0.15000000000000002,0.2
PRPO,PRPO.AOS.littoral1,2022-09-20T14:11:00Z,PRPO.20220920,PRPO.20220920.SCHINDLER.1,Schindler-Patalas,24.0,COPSP,Y,0.12,0.2,,58,lake,2.4166666666666665,0.16,0.2
PRPO,PRPO.AOS.buoy.c1,2023-05-17T14:56:00Z,PRPO.20230517,PRPO.20230517.SCHINDLER.3,Schindler-Patalas,36.0,COPSP,Y,0.1,0.2,,435,lake,12.083333333333334,0.15000000000000002,0.2
PRPO,PRPO.AOS.littoral2,2023-05-17T14:56:00Z,PRPO.20230517,PRPO.20230517.SCHINDLER.2,Schindler-Patalas,24.0,COPSP,Y,0.1,0.2,,113,lake,4.708333333333333,0.15000000000000002,0.2
PRPO,PRPO.AOS.littoral1,2023-05-17T14:56:00Z,PRPO.20230517,PRPO.20230517.SCHINDLER.1,Schindler-Patalas,24.0,COPSP,Y,0.1,0.2,,580,lake,24.166666666666668,0.15000000000000002,0.2
PRPO,PRPO.AOS.littoral2,2023-07-10T15:19:00Z,PRPO.20230710,PRPO.20230710.SCHINDLER.2,Schindler-Patalas,24.0,COPSP,Y,0.1,0.2,,53,lake,2.208333333333333,0.15000000000000002,0.2
PRPO,PRPO.AOS.buoy.c0,2023-07-10T15:19:00Z,PRPO.20230710,PRPO.20230710.SCHINDLER.3,Schindler-Patalas,36.0,COPSP,Y,0.1,0.2,,130,lake,3.611111111111111,0.15000000000000002,0.2
PRPO,PRPO.AOS.littoral1,2023-07-10T15:19:00Z,PRPO.20230710,PRPO.20230710.SCHINDLER.1,Schindler-Patalas,24.0,COPSP,Y,0.1,0.2,,234,lake,9.75,0.15000000000000002,0.2
PRPO,PRPO.AOS.littoral1,2023-09-18T15:32:00Z,PRPO.20230918,PRPO.20230918.SCHINDLER.1,Schindler-Patalas,24.0,COPSP,Y,0.07,0.23,,2725,lake,113.54166666666669,0.15000000000000002,0.23
PRPO,PRPO.AOS.littoral2,2023-09-18T15:32:00Z,PRPO.20230918,PRPO.20230918.SCHINDLER.2,Schindler-Patalas,24.0,COPSP,Y,0.1,0.24,,698,lake,29.08333333333333,0.16999999999999998,0.24
PRPO,PRPO.AOS.buoy.c0,2023-09-18T15:32:00Z,PRPO.20230918,PRPO.20230918.SCHINDLER.3,Schindler-Patalas,36.0,COPSP,Y,0.04,0.26,,539,lake,14.97222222222222,0.15,0.26
PRPO,PRPO.AOS.buoy.c0,2024-05-08T16:38:00Z,PRPO.20240508,PRPO.20240508.SCHINDLER.3,Schindler-Patalas,36.0,COPSP,Y,0.1,0.2,,683,lake,18.97222222222222,0.15000000000000002,0.2
PRPO,PRPO.AOS.littoral2,2024-05-08T16:38:00Z,PRPO.20240508,PRPO.20240508.SCHINDLER.2,Schindler-Patalas,24.0,COPSP,Y,0.1,0.24,,1107,lake,46.125,0.16999999999999998,0.24
PRPO,PRPO.AOS.littoral1,2024-05-08T16:38:00Z,PRPO.20240508,PRPO.20240508.SCHINDLER.1,Schindler-Patalas,24.0,COPSP,Y,0.1,0.3,,1088,lake,45.333333333333336,0.2,0.3
PRPO,PRPO.AOS.littoral2,2024-07-24T15:59:00Z,PRPO.20240724,PRPO.20240724.SCHINDLER.2,Schindler-Patalas,24.0,COPSP,Y,0.1,0.25,,750,lake,31.25,0.175,0.25
PRPO,PRPO.AOS.buoy.c0,2024-07-24T15:59:00Z,PRPO.20240724,PRPO.20240724.SCHINDLER.3,Schindler-Patalas,36.0,COPSP,Y,0.1,0.26,,833,lake,23.13888888888889,0.18,0.26
PRPO,PRPO.AOS.littoral1,2024-07-24T15:59:00Z,PRPO.20240724,PRPO.20240724.SCHINDLER.1,Schindler-Patalas,24.0,COPSP,Y,0.1,0.26,,441,lake,18.375,0.18,0.26
PRPO,PRPO.AOS.littoral2,2024-09-10T15:51:00Z,PRPO.20240910,PRPO.20240910.SCHINDLER.2,Schindler-Patalas,24.0,COPSP,Y,0.15,0.43,,675,lake,28.125,0.29,0.43
PRPO,PRPO.AOS.littoral1,2024-09-10T15:51:00Z,PRPO.20240910,PRPO.20240910.SCHINDLER.1,Schindler-Patalas,24.0,COPSP,Y,0.09,0.22,,1625,lake,67.70833333333333,0.155,0.22
PRPO,PRPO.AOS.buoy.c0,2024-09-10T15:51:00Z,PRPO.20240910,PRPO.20240910.SCHINDLER.3,Schindler-Patalas,36.0,COPSP,Y,0.08,0.24,,3000,lake,83.33333333333333,0.16,0.24
TOOK,TOOK.AOS.buoy.c0,2016-08-10T20:00:00Z,TOOK.20160810,TOOK.20160810.TOW.1,tow net,2701.0,COPSP,Y,0.1,0.175,,70560,lake,26.123657904479824,0.1375,0.175
TOOK,TOOK.AOS.littoral2,2016-08-10T20:00:00Z,TOOK.20160810,TOOK.20160810.SCHINDLER.2,Schindler-Patalas,24.0,COPSP,Y,0.125,0.175,,14,lake,0.5833333333333334,0.15,0.175
TOOK,TOOK.AOS.littoral3,2016-08-10T20:00:00Z,TOOK.20160810,TOOK.20160810.SCHINDLER.3,Schindler-Patalas,24.0,COPSP,Y,0.1,0.25,,11,lake,0.4583333333333333,0.175,0.25
TOOK,TOOK.AOS.buoy.c0,2017-06-26T00:42:00Z,TOOK.20170625,TOOK.20170625.TOWNET.3,tow net,1423.5,COPSP,Y,0.13,0.35,,9180,lake,6.448893572181244,0.24,0.35
TOOK,TOOK.AOS.littoral3,2017-06-26T00:42:00Z,TOOK.20170625,TOOK.20170625.SCHINDLER.1,Schindler-Patalas,24.0,COPSP,Y,0.2,0.38,,274,lake,11.416666666666666,0.29000000000000004,0.38
TOOK,TOOK.AOS.littoral2,2017-06-26T00:42:00Z,TOOK.20170625,TOOK.20170625.SCHINDLER.2,Schindler-Patalas,36.0,COPSP,Y,0.15,0.38,,253,lake,7.027777777777778,0.265,0.38
TOOK,TOOK.AOS.buoy.c0,2017-07-26T23:06:00Z,TOOK.20170726,TOOK.20170726.TOWNET.3,tow net,1387.0,COPSP,Y,0.13,0.15,,17388,lake,12.536409516943042,0.14,0.15
TOOK,TOOK.AOS.littoral2,2017-07-26T23:06:00Z,TOOK.20170726,TOOK.20170726.SCHINDLER.2,Schindler-Patalas,24.0,COPSP,Y,0.13,0.23,,62,lake,2.583333333333333,0.18,0.23
TOOK,TOOK.AOS.littoral3,2017-07-26T23:06:00Z,TOOK.20170726,TOOK.20170726.SCHINDLER.1,Schindler-Patalas,24.0,COPSP,Y,0.1,0.2,,36,lake,1.5,0.15000000000000002,0.2
TOOK,TOOK.AOS.littoral3,2017-09-07T00:53:00Z,TOOK.20170906,TOOK.20170906.SCHINDLER.1,Schindler-Patalas,24.0,COPSP,Y,0.18,0.25,,23,lake,0.9583333333333334,0.215,0.25
TOOK,TOOK.AOS.buoy.c0,2017-09-07T00:53:00Z,TOOK.20170906,TOOK.20170906.TOWNET.3,tow net,1387.0,COPSP,Y,0.13,0.2,,26560,lake,19.1492429704398,0.165,0.2
TOOK,TOOK.AOS.littoral2,2017-09-07T00:53:00Z,TOOK.20170906,TOOK.20170906.SCHINDLER.2,Schindler-Patalas,24.0,COPSP,Y,0.18,0.23,,156,lake,6.5,0.20500000000000002,0.23
TOOK,TOOK.AOS.buoy.c0,2018-06-27T22:50:00Z,TOOK.20180627,TOOK.20180627.TOWNET.1,tow net,2774.0,COPSP,Y,0.13,0.28,,14000,lake,5.046863734679164,0.20500000000000002,0.28
TOOK,TOOK.AOS.littoral3,2018-06-27T22:50:00Z,TOOK.20180627,TOOK.20180627.SCHINDLER.3,Schindler-Patalas,36.0,COPSP,Y,0.13,0.33,,248,lake,6.888888888888889,0.23,0.33
TOOK,TOOK.AOS.littoral2,2018-06-27T22:50:00Z,TOOK.20180627,TOOK.20180627.SCHINDLER.2,Schindler-Patalas,36.0,COPSP,Y,0.15,0.28,,492,lake,13.666666666666666,0.21500000000000002,0.28
TOOK,TOOK.AOS.buoy.c0,2018-08-01T18:37:00Z,TOOK.20180801,TOOK.20180801.TOWNET.1,tow net,2774.0,COPSP,Y,0.13,0.18,,63000,lake,22.71088680605624,0.155,0.18
TOOK,TOOK.AOS.littoral2,2018-09-14T21:44:00Z,TOOK.20180914,TOOK.20180914.SCHINDLER.2,Schindler-Patalas,24.0,COPSP,Y,0.13,0.18,,148,lake,6.166666666666667,0.155,0.18
TOOK,TOOK.AOS.littoral3,2018-09-14T21:44:00Z,TOOK.20180914,TOOK.20180914.SCHINDLER.3,Schindler-Patalas,24.0,COPSP,Y,0.13,0.18,,33,lake,1.375,0.155,0.18
TOOK,TOOK.AOS.buoy.c0,2018-09-14T21:44:00Z,TOOK.20180914,TOOK.20180914.TOWNET.1,tow net,2701.0,COPSP,Y,0.13,0.2,,30550,lake,11.31062569418734,0.165,0.2
TOOK,TOOK.AOS.littoral3,2019-06-21T00:52:00Z,TOOK.20190620,TOOK.20190620.SCHINDLER.2,Schindler-Patalas,24.0,COPSP,Y,0.201,0.345,,51,lake,2.125,0.273,0.345
TOOK,TOOK.AOS.buoy.c1,2019-06-21T00:52:00Z,TOOK.20190620,TOOK.20190620.TOWNET.1,tow net,1350.5,COPSP,Y,0.252,0.395,,5136,lake,3.8030359126249538,0.3235,0.395
TOOK,TOOK.AOS.littoral2,2019-06-21T00:52:00Z,TOOK.20190620,TOOK.20190620.SCHINDLER.3,Schindler-Patalas,36.0,COPSP,Y,0.288,0.412,,185,lake,5.138888888888889,0.35,0.412
TOOK,TOOK.AOS.littoral3,2019-07-31T17:45:00Z,TOOK.20190731,TOOK.20190731.SCHINDLER.2,Schindler-Patalas,24.0,COPSP,Y,0.182,0.182,,1,lake,0.0416666666666666,0.182,0.182
TOOK,TOOK.AOS.buoy.c1,2019-07-31T17:45:00Z,TOOK.20190731,TOOK.20190731.TOWNET.1,tow net,1387.0,COPSP,Y,0.152,0.235,,400,lake,0.2883922134102379,0.1935,0.235
TOOK,TOOK.AOS.buoy.c0,2019-09-10T18:12:00Z,TOOK.20190910,TOOK.20190910.TOWNET.1,tow net,1441.75,COPSP,Y,0.215,0.451,,390,lake,0.2705045951101092,0.333,0.451
TOOK,TOOK.AOS.littoral2,2019-09-10T18:12:00Z,TOOK.20190910,TOOK.20190910.SCHINDLER.3,Schindler-Patalas,24.0,COPSP,Y,0.199,0.22,,3,lake,0.125,0.20950000000000002,0.22
TOOK,TOOK.AOS.littoral3,2019-09-10T18:12:00Z,TOOK.20190910,TOOK.20190910.SCHINDLER.2,Schindler-Patalas,24.0,COPSP,Y,0.228,0.389,,10,lake,0.4166666666666667,0.3085,0.389
TOOK,TOOK.AOS.littoral3,2020-07-20T05:12:00Z,TOOK.20200719,TOOK.20200719.SCHINDLER.2,Schindler-Patalas,36.0,COPSP,Y,0.111,0.285,,30,lake,0.8333333333333334,0.19799999999999998,0.285
TOOK,TOOK.AOS.littoral2,2020-07-20T05:12:00Z,TOOK.20200719,TOOK.20200719.SCHINDLER.3,Schindler-Patalas,36.0,COPSP,Y,0.222,0.414,,355,lake,9.86111111111111,0.318,0.414
TOOK,TOOK.AOS.buoy.c1,2020-07-20T05:12:00Z,TOOK.20200719,TOOK.20200719.TOWNET.1,tow net,1387.0,COPSP,Y,0.111,0.203,,23800,lake,17.159336697909158,0.157,0.203
TOOK,TOOK.AOS.littoral3,2020-08-19T18:12:00Z,TOOK.20200819,TOOK.20200819.SCHINDLER.2,Schindler-Patalas,36.0,COPSP,Y,0.155,0.275,,20,lake,0.5555555555555556,0.21500000000000002,0.275
TOOK,TOOK.AOS.littoral2,2020-08-19T18:12:00Z,TOOK.20200819,TOOK.20200819.SCHINDLER.3,Schindler-Patalas,36.0,COPSP,Y,0.176,0.278,,18,lake,0.5,0.227,0.278
TOOK,TOOK.AOS.buoy.c1,2020-08-19T18:12:00Z,TOOK.20200819,TOOK.20200819.TOWNET.1,tow net,1350.5,COPSP,Y,0.177,0.228,,17760,lake,13.150684931506849,0.2025,0.228
TOOK,TOOK.AOS.buoy.c1,2020-09-04T17:39:00Z,TOOK.20200904,TOOK.20200904.TOWNET.1,tow net,1460.0,COPSP,Y,0.125,0.222,,16665,lake,11.414383561643836,0.1735,0.222
TOOK,TOOK.AOS.littoral3,2020-09-04T17:39:00Z,TOOK.20200904,TOOK.20200904.SCHINDLER.2,Schindler-Patalas,36.0,COPSP,Y,0.162,0.213,,29,lake,0.8055555555555556,0.1875,0.213
TOOK,TOOK.AOS.littoral2,2020-09-04T17:39:00Z,TOOK.20200904,TOOK.20200904.SCHINDLER.3,Schindler-Patalas,36.0,COPSP,Y,0.155,0.291,,58,lake,1.6111111111111112,0.22299999999999998,0.291
TOOK,TOOK.AOS.buoy.c1,2021-07-08T18:24:00Z,TOOK.20210708,TOOK.20210708.TOWNET.1,tow net,1387.0,COPSP,Y,0.106,0.394,,3600,lake,2.595529920692141,0.25,0.394
TOOK,TOOK.AOS.littoral3,2021-07-08T18:24:00Z,TOOK.20210708,TOOK.20210708.SCHINDLER.2,Schindler-Patalas,36.0,COPSP,Y,0.151,0.402,,800,lake,22.22222222222222,0.2765,0.402
TOOK,TOOK.AOS.littoral2,2021-07-08T18:24:00Z,TOOK.20210708,TOOK.20210708.SCHINDLER.3,Schindler-Patalas,36.0,COPSP,Y,0.153,0.362,,700,lake,19.444444444444443,0.2575,0.362
TOOK,TOOK.AOS.buoy.c1,2021-07-29T17:43:00Z,TOOK.20210729,TOOK.20210729.TOWNET.1,tow net,1423.5,COPSP,Y,0.1,0.1,,4480,lake,3.147172462240956,0.1,0.1
TOOK,TOOK.AOS.littoral2,2021-07-29T17:43:00Z,TOOK.20210729,TOOK.20210729.SCHINDLER.3,Schindler-Patalas,36.0,COPSP,Y,0.1,0.1,,240,lake,6.666666666666667,0.1,0.1
TOOK,TOOK.AOS.littoral3,2021-07-29T17:43:00Z,TOOK.20210729,TOOK.20210729.SCHINDLER.2,Schindler-Patalas,36.0,COPSP,Y,0.1,0.1,,75,lake,2.083333333333333,0.1,0.1
TOOK,TOOK.AOS.littoral2,2021-09-07T18:34:00Z,TOOK.20210907,TOOK.20210907.SCHINDLER.3,Schindler-Patalas,24.0,COPSP,Y,0.2,0.2,,179,lake,7.458333333333333,0.2,0.2
TOOK,TOOK.AOS.buoy.c0,2021-09-07T18:34:00Z,TOOK.20210907,TOOK.20210907.TOWNET.1,tow net,1423.5,COPSP,Y,0.1,0.1,,8322,lake,5.846153846153846,0.1,0.1
TOOK,TOOK.AOS.littoral3,2021-09-07T18:34:00Z,TOOK.20210907,TOOK.20210907.SCHINDLER.2,Schindler-Patalas,36.0,COPSP,Y,0.2,0.2,,141,lake,3.9166666666666665,0.2,0.2
TOOK,TOOK.AOS.buoy.c1,2022-06-25T18:16:00Z,TOOK.20220625,TOOK.20220625.TOWNET.1,tow net,2920.0,COPSP,Y,0.2,0.2,,4080,lake,1.3972602739726028,0.2,0.2
TOOK,TOOK.AOS.littoral2,2022-06-25T18:16:00Z,TOOK.20220625,TOOK.20220625.SCHINDLER.3,Schindler-Patalas,36.0,COPSP,Y,0.2,0.3,,74,lake,2.055555555555556,0.25,0.3
TOOK,TOOK.AOS.littoral3,2022-06-25T18:16:00Z,TOOK.20220625,TOOK.20220625.SCHINDLER.2,Schindler-Patalas,36.0,COPSP,Y,0.2,0.6,,240,lake,6.666666666666667,0.4,0.6
TOOK,TOOK.AOS.buoy.c0,2022-08-04T18:08:00Z,TOOK.20220804,TOOK.20220804.TOWNET.1,tow net,2774.0,COPSP,Y,0.2,0.2,,18135,lake,6.537490987743331,0.2,0.2
TOOK,TOOK.AOS.littoral3,2022-08-04T18:08:00Z,TOOK.20220804,TOOK.20220804.SCHINDLER.2,Schindler-Patalas,36.0,COPSP,Y,0.1,0.2,,10,lake,0.2777777777777778,0.15000000000000002,0.2
TOOK,TOOK.AOS.littoral2,2022-08-04T18:08:00Z,TOOK.20220804,TOOK.20220804.SCHINDLER.3,Schindler-Patalas,36.0,COPSP,Y,0.2,0.2,,112,lake,3.111111111111111,0.2,0.2
TOOK,TOOK.AOS.littoral2,2022-09-12T18:13:00Z,TOOK.20220912,TOOK.20220912.SCHINDLER.3,Schindler-Patalas,36.0,COPSP,Y,0.2,0.2,,102,lake,2.833333333333333,0.2,0.2
TOOK,TOOK.AOS.buoy.c0,2022-09-12T18:13:00Z,TOOK.20220912,TOOK.20220912.TOWNET.1,tow net,1387.0,COPSP,Y,0.2,0.2,,9880,lake,7.123287671232877,0.2,0.2
TOOK,TOOK.AOS.littoral3,2022-09-12T18:13:00Z,TOOK.20220912,TOOK.20220912.SCHINDLER.2,Schindler-Patalas,36.0,COPSP,Y,0.1,0.2,,21,lake,0.5833333333333334,0.15000000000000002,0.2
TOOK,TOOK.AOS.littoral3,2023-07-01T19:52:00Z,TOOK.20230701,TOOK.20230701.SCHINDLER.2,Schindler-Patalas,36.0,COPSP,Y,0.15,0.3,,76,lake,2.111111111111111,0.22499999999999998,0.3
TOOK,TOOK.AOS.buoy.c1,2023-07-01T19:52:00Z,TOOK.20230701,TOOK.20230701.TOWNET.1,tow net,1387.0,COPSP,Y,0.15,0.3,,3920,lake,2.8262436914203315,0.22499999999999998,0.3
TOOK,TOOK.AOS.littoral2,2023-07-01T19:52:00Z,TOOK.20230701,TOOK.20230701.SCHINDLER.3,Schindler-Patalas,36.0,COPSP,Y,0.15,0.3,,382,lake,10.61111111111111,0.22499999999999998,0.3
TOOK,TOOK.AOS.littoral3,2023-07-29T00:50:00Z,TOOK.20230728,TOOK.20230728.SCHINDLER.3,Schindler-Patalas,36.0,COPSP,Y,0.1,0.2,,25,lake,0.6944444444444444,0.15000000000000002,0.2
TOOK,TOOK.AOS.buoy.c1,2023-07-29T00:50:00Z,TOOK.20230728,TOOK.20230728.TOWNET.1,tow net,1489.2,COPSP,Y,0.1,0.15,,10450,lake,7.017190437818963,0.125,0.15
TOOK,TOOK.AOS.littoral2,2023-07-29T00:50:00Z,TOOK.20230728,TOOK.20230728.SCHINDLER.2,Schindler-Patalas,24.0,COPSP,Y,0.15,0.15,,2,lake,0.0833333333333333,0.15,0.15
TOOK,TOOK.AOS.littoral2,2023-09-08T18:59:00Z,TOOK.20230908,TOOK.20230908.SCHINDLER.2,Schindler-Patalas,24.0,COPSP,Y,0.15,0.2,,48,lake,2.0,0.175,0.2
TOOK,TOOK.AOS.buoy.c0,2023-09-08T18:59:00Z,TOOK.20230908,TOOK.20230908.TOWNET.1,tow net,1387.0,COPSP,Y,0.1,0.15,,16100,lake,11.607786589762076,0.125,0.15
TOOK,TOOK.AOS.littoral3,2023-09-08T18:59:00Z,TOOK.20230908,TOOK.20230908.TOWNET.3,tow net,219.0,COPSP,Y,0.1,0.2,,184,lake,0.8401826484018264,0.15000000000000002,0.2
TOOK,TOOK.AOS.buoy.c1,2024-06-29T21:28:00Z,TOOK.20240629,TOOK.20240629.TOWNET.1,tow net,2701.0,COPSP,Y,0.13,0.5,,8677,lake,3.2125138837467606,0.315,0.5
TOOK,TOOK.AOS.littoral2,2024-06-29T21:28:00Z,TOOK.20240629,TOOK.20240629.SCHINDLER.2,Schindler-Patalas,36.0,COPSP,Y,0.14,0.41,,297,lake,8.25,0.275,0.41
TOOK,TOOK.AOS.littoral3,2024-06-29T21:28:00Z,TOOK.20240629,TOOK.20240629.SCHINDLER.3,Schindler-Patalas,36.0,COPSP,Y,0.13,0.45,,335,lake,9.305555555555555,0.29000000000000004,0.45
TOOK,TOOK.AOS.littoral2,2024-08-03T17:57:00Z,TOOK.20240803,TOOK.20240803.SCHINDLER.2,Schindler-Patalas,36.0,COPSP,Y,0.12,0.22,,140,lake,3.888888888888889,0.16999999999999998,0.22
TOOK,TOOK.AOS.littoral3,2024-08-03T17:57:00Z,TOOK.20240803,TOOK.20240803.SCHINDLER.3,Schindler-Patalas,36.0,COPSP,Y,0.11,0.27,,17,lake,0.4722222222222222,0.19,0.27
TOOK,TOOK.AOS.buoy.c1,2024-08-03T17:57:00Z,TOOK.20240803,TOOK.20240803.TOWNET.1,tow net,2847.0,COPSP,Y,0.1,0.19,,15400,lake,5.409202669476642,0.14500000000000002,0.19
TOOK,TOOK.AOS.buoy.c0,2024-09-04T18:52:00Z,TOOK.20240904,TOOK.20240904.TOWNET.1,tow net,2774.0,COPSP,Y,0.13,0.33,,22300,lake,8.038932948810382,0.23,0.33
TOOK,TOOK.AOS.littoral2,2024-09-04T18:52:00Z,TOOK.20240904,TOOK.20240904.SCHINDLER.2,Schindler-Patalas,36.0,COPSP,Y,0.12,0.26,,432,lake,12.0,0.19,0.26
TOOK,TOOK.AOS.littoral3,2024-09-04T18:52:00Z,TOOK.20240904,TOOK.20240904.SCHINDLER.3,Schindler-Patalas,36.0,COPSP,Y,0.11,0.28,,11,lake,0.3055555555555556,0.195,0.28
CRAM,CRAM.AOS.littoral1,2015-05-13T17:00:00Z,CRAM.20150513,CRAM.20150513.SCHINDLERPATALAS.2,Schindler-Patalas,24.0,MAXSP,Y,0.3,0.3,,60,lake,2.5,0.3,0.3
CRAM,CRAM.AOS.littoral2,2015-05-13T17:00:00Z,CRAM.20150513,CRAM.20150513.SCHINDLERPATALAS.1,Schindler-Patalas,24.0,MAXSP,Y,0.14,0.28,,2400,lake,100.0,0.21000000000000002,0.28
CRAM,CRAM.AOS.buoy.c0,2015-07-13T17:00:00Z,CRAM.20150713,CRAM.20150713.TOWNET.3,tow net,1971.0,NEOSP68,Y,0.13,0.2,,3875,lake,1.9660071029934043,0.165,0.2
CRAM,CRAM.AOS.littoral1,2015-07-13T17:00:00Z,CRAM.20150713,CRAM.20150713.SCHINDLERPATALAS.2,Schindler-Patalas,24.0,NEOSP68,Y,0.16,0.18,,50,lake,2.083333333333333,0.16999999999999998,0.18
CRAM,CRAM.AOS.littoral2,2015-07-13T17:00:00Z,CRAM.20150713,CRAM.20150713.SCHINDLERPATALAS.1,Schindler-Patalas,24.0,NEOSP68,Y,0.172,0.188,,150,lake,6.25,0.18,0.188
CRAM,CRAM.AOS.littoral2,2015-09-14T17:00:00Z,CRAM.20150914,CRAM.20150914.SCHINDLERPATALAS.1,Schindler-Patalas,24.0,NEOSP68,Y,0.16,0.24,,175,lake,7.291666666666667,0.2,0.24
CRAM,CRAM.AOS.littoral1,2015-09-14T17:00:00Z,CRAM.20150914,CRAM.20150914.SCHINDLERPATALAS.2,Schindler-Patalas,24.0,NEOSP68,Y,0.16,0.24,,330,lake,13.75,0.2,0.24
CRAM,CRAM.AOS.buoy.c0,2015-09-14T17:00:00Z,CRAM.20150914,CRAM.20150914.TOWNET.3,tow net,1752.0,NEOSP68,Y,0.12,0.36,,3400,lake,1.9406392694063928,0.24,0.36
CRAM,CRAM.AOS.littoral2,2016-04-29T17:00:00Z,CRAM.20160429,CRAM.20160429.SCHINDLERPATALAS.1,Schindler-Patalas,24.0,NEOSP68,Y,0.16,0.32,,65,lake,2.708333333333333,0.24,0.32
CRAM,CRAM.AOS.buoy.c0,2016-04-29T17:00:00Z,CRAM.20160429,CRAM.20160429.TOWNET.3,tow net,1095.0,NEOSP68,Y,0.12,0.2,,16500,lake,15.068493150684931,0.16,0.2
CRAM,CRAM.AOS.littoral1,2016-04-29T17:00:00Z,CRAM.20160429,CRAM.20160429.SCHINDLERPATALAS.2,Schindler-Patalas,24.0,NEOSP68,Y,0.16,0.32,,2063,lake,85.95833333333333,0.24,0.32
PRLA,PRLA.AOS.littoral1,2014-07-09T17:00:00Z,PRLA.20140709,PRLA.20140709.SCHINDLER.INLET1,Schindler-Patalas,96.0,MAXSP,Y,0.12,0.24,,7250,lake,75.52083333333333,0.18,0.24
PRLA,PRLA.AOS.buoy.c0,2014-07-09T17:00:00Z,PRLA.20140709,PRLA.20140709.TOWNET.DEEPEST2,tow net,394.2,MAXSP,Y,0.12,0.24,,25500,lake,64.68797564687976,0.18,0.24
PRLA,PRLA.AOS.littoral2,2014-07-09T17:00:00Z,PRLA.20140709,PRLA.20140709.SCHINDLER.OUTLET2,Schindler-Patalas,72.0,MAXSP,Y,0.12,0.24,,3750,lake,52.083333333333336,0.18,0.24
PRLA,PRLA.AOS.buoy.c0,2014-07-09T17:00:00Z,PRLA.20140709,PRLA.20140709.TOWNET.DEEPEST1,tow net,394.2,MAXSP,Y,0.16,0.28,,7250,lake,18.39167935058346,0.22000000000000003,0.28
PRLA,PRLA.AOS.littoral2,2014-07-09T17:00:00Z,PRLA.20140709,PRLA.20140709.SCHINDLER.OUTLET1,Schindler-Patalas,72.0,MAXSP,Y,0.12,0.24,,2000,lake,27.77777777777778,0.18,0.24
PRLA,PRLA.AOS.littoral1,2014-07-09T17:00:00Z,PRLA.20140709,PRLA.20140709.SCHINDLER.INLET2,Schindler-Patalas,72.0,MAXSP,Y,0.12,0.24,,2500,lake,34.72222222222222,0.18,0.24
PRLA,PRLA.AOS.littoral2,2014-09-25T17:00:00Z,PRLA.20140925,PRLA.20140925.SCHINDLER.1,Schindler-Patalas,24.0,MAXSP,Y,0.12,0.26,,2656,lake,110.66666666666669,0.19,0.26
PRLA,PRLA.AOS.buoy.c0,2014-09-25T17:00:00Z,PRLA.20140925,PRLA.20140925.TOW.3,tow net,379.6,MAXSP,Y,0.136,0.26,,10575,lake,27.85827186512118,0.198,0.26
PRLA,PRLA.AOS.littoral1,2014-09-25T17:00:00Z,PRLA.20140925,PRLA.20140925.SCHINDLER.2,Schindler-Patalas,24.0,MAXSP,Y,0.136,0.26,,824,lake,34.333333333333336,0.198,0.26
PRPO,PRPO.AOS.littoral1,2014-07-08T17:00:00Z,PRPO.20140708,PRPO.20140708.SCHINDLER.OUTLET1,Schindler-Patalas,96.0,MAXSP,Y,0.12,0.32,,20750,lake,216.14583333333331,0.22,0.32
PRPO,PRPO.AOS.buoy.c0,2014-07-08T17:00:00Z,PRPO.20140708,PRPO.20140708.TOWNET.DEEPEST1,tow net,233.6,MAXSP,Y,0.12,0.32,,40250,lake,172.30308219178082,0.22,0.32
PRPO,PRPO.AOS.littoral2,2014-07-08T17:00:00Z,PRPO.20140708,PRPO.20140708.SCHINDLER.INLET2,Schindler-Patalas,96.0,MAXSP,Y,0.12,0.24,,11000,lake,114.58333333333331,0.18,0.24
PRPO,PRPO.AOS.littoral2,2014-07-08T17:00:00Z,PRPO.20140708,PRPO.20140708.SCHINDLER.INLET1,Schindler-Patalas,120.0,MAXSP,Y,0.12,0.24,,13000,lake,108.33333333333331,0.18,0.24
PRPO,PRPO.AOS.littoral1,2014-07-08T17:00:00Z,PRPO.20140708,PRPO.20140708.SCHINDLER.OUTLET2,Schindler-Patalas,72.0,MAXSP,Y,0.12,0.28,,16500,lake,229.16666666666663,0.2,0.28
PRPO,PRPO.AOS.buoy.c0,2014-07-08T17:00:00Z,PRPO.20140708,PRPO.20140708.TOWNET.DEEPEST2,tow net,233.6,MAXSP,Y,0.12,0.32,,19000,lake,81.33561643835617,0.22,0.32
PRPO,PRPO.AOS.littoral1,2014-09-23T17:00:00Z,PRPO.20140923,PRPO.20140923.SCHINDLER.1,Schindler-Patalas,24.0,MAXSP,Y,0.16,0.28,,420,lake,17.5,0.22000000000000003,0.28
PRPO,PRPO.AOS.littoral2,2014-09-23T17:00:00Z,PRPO.20140923,PRPO.20140923.SCHINDLER.2,Schindler-Patalas,24.0,MAXSP,Y,0.16,0.28,,504,lake,21.0,0.22000000000000003,0.28
PRPO,PRPO.AOS.buoy.c0,2014-09-23T17:00:00Z,PRPO.20140923,PRPO.20140923.TOW.3,tow net,328.5,MAXSP,Y,0.16,0.28,,6375,lake,19.40639269406393,0.22000000000000003,0.28
